student_id,tenth_percentage,twelfth_percentage,cgpa,active_backlogs,aptitude_score,coding_score,dsa_score,dbms_score,os_score,oops_score,sql_score,python_score,communication_score,projects_count,project_quality_score,certifications_count,internship_count,hackathon_count,mock_interview_score,learning_hours_per_week,placement_status,company_track
S00001,93,83,6.33,1,40,94,94,43,22,41,72,21,49,5,21,4,0,3,77,23,1,Product_Ready
S00002,79,81,8.25,0,79,99,34,81,81,66,81,70,74,3,83,8,2,4,70,8,1,Service_Ready
S00003,75,63,5.79,2,79,33,28,72,21,79,90,63,27,6,54,0,3,1,23,3,0,Not_Placed
S00004,60,96,8.05,0,37,63,53,93,81,33,67,34,91,5,81,7,0,4,72,25,0,Not_Placed
S00005,80,79,6.76,0,60,48,34,64,84,90,28,20,27,7,82,2,0,2,54,34,0,Not_Placed
S00006,59,96,7.11,0,26,92,91,31,53,52,67,42,81,7,56,2,3,5,54,2,1,Product_Ready
S00007,89,91,9.87,1,24,33,46,28,98,34,61,96,70,6,71,3,1,4,42,16,0,Not_Placed
S00008,97,83,6.53,0,78,47,85,61,64,81,76,25,47,3,63,3,1,5,94,29,0,Not_Placed
S00009,79,93,9.58,0,46,81,96,22,89,91,46,28,81,4,70,9,3,2,51,33,1,Product_Ready
S00010,78,95,7.32,0,77,71,31,58,21,22,75,78,21,1,73,6,0,0,20,20,0,Not_Placed
S00011,56,80,9.94,0,87,74,94,75,36,57,43,88,89,5,30,0,0,3,78,7,1,Product_Ready
S00012,70,83,9.36,0,55,38,86,38,39,90,71,52,59,7,58,1,3,0,30,29,1,Service_Ready
S00013,79,77,7.94,0,26,35,79,21,20,67,31,88,56,7,28,8,2,2,67,17,0,Not_Placed
S00014,57,74,9.49,1,43,94,91,55,57,44,37,85,73,2,99,8,3,0,87,34,1,Product_Ready
S00015,68,75,6.3,0,27,26,86,36,52,67,95,78,41,5,49,5,1,4,70,9,0,Not_Placed
S00016,81,81,9.08,0,47,83,88,80,67,38,23,54,83,0,36,4,1,2,56,25,0,Not_Placed
S00017,83,85,9.84,1,82,51,52,86,37,44,73,77,86,7,65,7,1,5,42,3,1,Service_Ready
S00018,81,96,9.45,0,52,28,62,67,58,61,45,69,44,7,32,9,2,0,55,21,0,Not_Placed
S00019,55,62,8.66,1,95,34,85,51,82,70,44,77,82,5,41,9,1,5,68,7,1,Service_Ready
S00020,69,97,6.07,0,72,79,24,87,25,66,74,59,71,7,32,1,3,1,49,20,1,Service_Ready
S00021,71,73,7.48,0,81,42,28,31,20,77,20,53,67,0,20,6,3,4,41,30,1,Service_Ready
S00022,57,66,8.05,0,76,48,97,88,66,81,88,95,35,1,67,4,2,3,52,31,0,Not_Placed
S00023,91,77,5.72,2,53,71,29,38,77,20,88,23,35,7,99,6,1,0,51,28,0,Not_Placed
S00024,74,78,8.55,0,52,52,80,70,62,31,86,84,52,7,93,1,0,2,54,24,1,Service_Ready
S00025,71,80,6.94,1,53,26,87,77,94,48,55,40,55,1,92,7,3,2,68,19,1,Service_Ready
S00026,93,86,7.03,2,56,31,74,32,42,49,36,81,32,2,38,0,3,3,80,20,0,Not_Placed
S00027,66,63,6.94,2,71,35,88,31,44,71,72,42,35,0,58,4,1,1,58,15,0,Not_Placed
S00028,85,59,8.82,0,94,37,95,28,93,77,36,26,65,4,59,9,0,1,46,3,1,Service_Ready
S00029,59,83,5.88,3,84,36,90,64,23,55,89,50,38,4,73,6,2,1,38,4,0,Not_Placed
S00030,67,82,8.07,0,91,80,58,20,22,96,81,82,44,7,52,5,0,5,77,33,0,Not_Placed
S00031,75,70,7.87,3,55,38,39,76,37,66,68,33,34,6,20,4,1,5,22,17,0,Not_Placed
S00032,77,65,6.76,2,91,95,43,47,27,55,27,77,79,1,47,4,0,3,83,28,1,Service_Ready
S00033,71,63,6.89,1,48,32,65,54,25,88,66,44,85,1,75,1,2,4,24,34,0,Not_Placed
S00034,55,72,9.94,0,45,82,78,46,68,96,52,20,40,7,74,5,3,0,88,32,1,Product_Ready
S00035,59,92,9.61,0,72,56,93,93,36,97,92,20,70,4,96,3,1,0,51,29,1,Service_Ready
S00036,85,62,5.6,0,73,22,69,31,84,73,24,76,36,7,66,6,2,4,33,3,0,Not_Placed
S00037,65,93,6.11,0,57,69,49,98,70,82,71,57,98,3,49,6,1,2,24,30,1,Service_Ready
S00038,58,64,9.67,0,88,53,25,72,85,96,62,94,42,6,99,5,3,3,23,26,0,Not_Placed
S00039,57,86,7.63,0,69,80,70,38,40,24,61,80,41,4,89,0,0,0,31,27,1,Product_Ready
S00040,88,68,6.99,0,45,66,75,82,67,80,45,55,20,7,71,7,1,5,47,24,0,Not_Placed
S00041,68,78,8.74,0,78,75,26,22,42,37,57,34,83,0,47,9,2,0,36,23,1,Service_Ready
S00042,80,79,9.51,0,87,29,86,37,53,27,59,61,60,4,25,3,1,1,78,7,1,Service_Ready
S00043,91,87,5.53,0,89,23,94,81,81,43,74,28,22,2,50,7,0,3,43,32,0,Not_Placed
S00044,60,56,8.09,2,98,25,70,81,76,85,98,94,27,1,70,4,1,1,87,20,0,Not_Placed
S00045,74,87,8.81,0,20,33,83,57,56,30,96,22,52,5,69,7,1,4,42,11,0,Not_Placed
S00046,56,67,8.58,0,82,92,36,28,94,34,43,57,54,5,68,4,1,3,69,15,1,Service_Ready
S00047,65,63,6.42,0,20,59,83,41,79,83,91,30,33,3,49,2,0,4,24,20,0,Not_Placed
S00048,68,80,9.59,0,61,37,59,91,58,33,51,70,57,0,42,0,0,0,85,15,1,Service_Ready
S00049,94,94,8.31,0,25,86,26,70,91,61,83,34,48,0,46,3,0,5,76,34,0,Not_Placed
S00050,91,81,8.85,0,85,29,24,93,57,32,50,66,71,7,34,7,0,4,66,5,1,Service_Ready
S00051,66,56,5.55,0,55,55,45,62,46,88,39,30,93,7,57,5,3,1,65,13,1,Service_Ready
S00052,80,67,6.13,0,79,62,95,87,24,56,91,50,28,5,70,7,0,5,30,24,0,Not_Placed
S00053,55,91,9.93,1,73,76,20,82,73,74,59,34,40,6,92,4,0,1,71,27,0,Not_Placed
S00054,95,89,7.29,0,94,57,21,26,53,36,62,78,70,5,43,8,2,3,89,25,1,Service_Ready
S00055,87,83,8.11,0,47,68,90,68,39,82,80,68,90,0,32,6,2,2,75,20,0,Not_Placed
S00056,86,84,6.36,0,49,35,59,38,37,20,97,66,85,5,57,2,2,3,20,9,0,Not_Placed
S00057,83,93,8.89,0,53,74,51,69,26,27,84,76,86,7,78,7,1,0,86,34,1,Service_Ready
S00058,82,62,5.95,0,97,51,65,35,87,56,73,33,74,7,26,9,2,0,42,22,1,Service_Ready
S00059,73,73,8.12,0,21,20,66,88,39,30,21,86,31,3,24,4,1,5,28,23,0,Not_Placed
S00060,78,71,9.41,0,33,28,59,85,44,92,41,23,45,1,48,1,2,4,94,7,0,Not_Placed
S00061,72,75,9.17,0,53,36,56,44,95,46,76,50,25,2,59,1,3,4,72,8,0,Not_Placed
S00062,64,71,7.38,0,65,83,21,73,84,70,72,55,45,4,40,7,2,3,78,25,0,Not_Placed
S00063,76,59,7.68,0,39,81,92,45,85,92,92,59,36,0,80,7,1,0,58,4,0,Not_Placed
S00064,91,84,5.52,0,63,78,68,80,36,93,76,74,66,3,81,7,2,4,99,7,1,Service_Ready
S00065,62,79,9.57,0,78,45,45,66,51,29,35,90,36,6,45,4,1,1,26,15,0,Not_Placed
S00066,69,61,6.84,2,78,58,37,78,36,33,50,43,79,4,22,4,2,1,74,24,1,Service_Ready
S00067,93,69,9.12,0,44,32,52,35,61,85,74,61,53,5,32,1,3,2,58,30,0,Not_Placed
S00068,83,70,9.43,3,29,49,44,24,84,68,22,64,33,7,49,1,3,1,81,26,0,Not_Placed
S00069,55,69,7.42,0,87,31,78,56,80,62,89,58,75,6,65,7,2,5,96,26,1,Service_Ready
S00070,61,58,6.54,2,82,73,93,76,60,22,25,24,24,5,66,6,0,0,39,19,0,Not_Placed
S00071,71,78,9.54,0,32,92,87,33,30,75,86,48,28,2,44,1,3,1,28,16,1,Product_Ready
S00072,94,79,7.98,0,98,57,91,24,67,37,89,56,79,7,96,4,0,0,59,33,1,Service_Ready
S00073,83,57,7.07,0,96,52,25,38,99,59,78,78,67,0,32,8,0,1,82,28,1,Service_Ready
S00074,92,61,9.47,2,50,42,61,29,51,72,49,58,50,1,21,6,1,4,65,28,0,Not_Placed
S00075,95,71,6.02,0,83,54,89,49,90,93,82,47,79,6,56,5,3,3,87,28,1,Service_Ready
S00076,71,66,5.8,0,84,41,69,33,83,66,48,95,55,2,71,6,0,2,52,7,1,Service_Ready
S00077,69,86,8.97,0,45,65,48,23,32,58,34,48,48,2,51,1,2,5,41,12,0,Not_Placed
S00078,81,57,9.78,0,40,66,99,78,25,38,76,88,22,2,20,9,3,5,34,26,0,Not_Placed
S00079,78,66,8.03,0,46,91,79,65,36,72,27,98,46,5,69,3,2,2,83,25,1,Product_Ready
S00080,57,74,9.08,0,97,90,36,28,57,67,79,82,21,7,91,0,3,4,37,31,0,Not_Placed
S00081,72,85,8.75,0,52,60,27,30,70,60,36,95,65,7,98,5,1,3,39,34,1,Service_Ready
S00082,64,94,5.54,0,21,52,96,49,52,96,45,41,85,5,65,9,1,1,63,12,0,Not_Placed
S00083,57,60,8.18,0,51,60,95,27,91,69,81,81,26,2,99,3,1,1,41,27,0,Not_Placed
S00084,57,95,6.24,0,31,31,32,44,64,38,74,64,27,4,72,6,3,2,63,19,0,Not_Placed
S00085,60,72,8.44,0,75,78,22,47,93,54,80,73,82,6,26,0,1,4,50,25,1,Service_Ready
S00086,74,91,7.06,0,39,79,43,69,68,70,55,85,98,1,55,5,2,1,77,13,0,Not_Placed
S00087,57,72,8.34,0,45,27,61,63,33,97,21,56,88,5,60,5,3,4,33,26,0,Not_Placed
S00088,74,56,5.93,0,47,85,54,24,84,59,95,75,55,4,42,9,2,5,33,17,0,Not_Placed
S00089,64,83,7.02,1,20,24,39,27,62,95,20,76,83,5,47,8,2,4,66,13,0,Not_Placed
S00090,91,82,9.39,0,80,39,97,21,92,56,39,45,48,0,54,5,0,4,78,6,0,Not_Placed
S00091,87,68,8.6,0,62,69,48,76,58,75,62,69,42,3,57,3,2,5,64,17,0,Not_Placed
S00092,96,62,9.86,0,27,48,24,66,53,84,74,62,93,5,36,9,3,0,95,28,0,Not_Placed
S00093,62,79,8.6,0,38,50,99,33,72,67,88,81,85,1,83,5,2,0,52,26,0,Not_Placed
S00094,67,63,5.91,0,94,87,23,38,89,32,42,94,20,7,73,6,0,4,34,2,0,Not_Placed
S00095,66,61,8.04,0,52,68,54,63,30,91,97,93,85,5,28,2,0,1,91,3,1,Service_Ready
S00096,60,82,5.62,0,31,24,67,56,98,63,34,62,67,6,89,1,3,2,62,22,0,Not_Placed
S00097,77,97,5.53,0,34,44,55,94,70,34,87,40,32,5,38,1,1,4,87,28,0,Not_Placed
S00098,83,82,7.93,0,55,49,37,21,68,96,23,94,26,6,93,6,0,0,61,21,0,Not_Placed
S00099,58,61,9.17,0,64,66,32,41,40,28,45,28,34,1,61,7,3,0,45,28,0,Not_Placed
S00100,91,58,6.74,1,79,58,93,37,38,55,93,74,88,6,68,2,3,1,52,22,1,Service_Ready
S00101,71,76,5.61,0,90,51,30,29,92,97,96,76,44,1,83,2,2,4,37,4,0,Not_Placed
S00102,96,93,8.76,0,43,79,65,38,87,61,51,58,55,7,55,2,0,0,89,5,0,Not_Placed
S00103,67,56,8.51,0,51,40,27,91,69,86,63,77,22,5,89,1,2,3,21,18,0,Not_Placed
S00104,89,88,7.51,0,41,63,77,55,88,96,50,66,74,7,81,8,2,3,36,17,0,Not_Placed
S00105,66,62,9.08,2,42,24,84,49,40,89,41,91,51,0,35,5,3,1,33,34,0,Not_Placed
S00106,77,56,7.21,0,92,84,94,86,71,81,42,45,87,1,74,5,2,5,62,16,1,Service_Ready
S00107,76,91,7.26,0,68,61,57,64,54,49,49,97,25,2,99,6,3,5,92,16,0,Not_Placed
S00108,75,89,6.28,0,97,39,29,44,85,44,73,52,55,6,33,0,1,5,71,4,1,Service_Ready
S00109,89,95,9.21,0,27,40,87,44,98,87,64,79,31,7,32,3,1,4,79,7,0,Not_Placed
S00110,86,83,5.58,0,42,50,24,53,29,21,30,69,50,7,98,8,2,2,28,22,0,Not_Placed
S00111,63,82,6.86,0,99,35,23,23,59,36,71,71,55,3,57,6,1,4,82,8,1,Service_Ready
S00112,81,82,7.67,0,24,74,21,81,40,98,40,29,77,7,58,4,0,4,72,19,0,Not_Placed
S00113,91,86,7.7,0,79,30,82,40,71,74,45,87,53,3,71,5,1,4,61,14,1,Service_Ready
S00114,95,71,8.46,2,21,79,67,48,29,77,79,40,47,2,53,7,2,5,91,16,0,Not_Placed
S00115,71,77,7.83,0,51,63,84,27,96,91,62,20,70,7,43,0,0,3,40,32,1,Service_Ready
S00116,90,65,9.87,2,47,70,77,24,24,27,83,29,57,6,27,7,0,0,85,16,0,Not_Placed
S00117,57,90,8.27,1,60,81,29,40,55,31,21,32,72,7,35,1,2,1,34,18,1,Service_Ready
S00118,94,72,6.51,0,78,97,41,49,63,51,70,65,40,2,51,6,2,0,31,19,0,Not_Placed
S00119,75,67,6.49,3,65,26,42,94,41,41,48,32,21,4,98,3,2,1,98,24,0,Not_Placed
S00120,78,67,7.36,1,75,22,82,38,42,48,49,58,44,7,27,9,1,0,24,4,0,Not_Placed
S00121,55,58,5.95,0,29,40,65,46,85,60,32,28,55,5,77,5,3,0,97,15,0,Not_Placed
S00122,88,74,6.97,0,89,75,77,23,23,39,29,43,45,4,73,7,2,4,93,5,1,Product_Ready
S00123,74,71,8.15,0,33,22,99,77,74,23,43,53,49,1,38,2,0,5,41,25,0,Not_Placed
S00124,66,84,9.92,0,83,38,67,64,74,74,37,82,66,2,76,5,0,0,36,7,1,Service_Ready
S00125,58,74,9.04,0,89,66,97,94,28,35,88,80,29,1,22,0,1,5,89,18,0,Not_Placed
S00126,73,96,9.34,0,88,83,56,68,40,93,83,24,89,1,23,6,2,1,54,2,1,Service_Ready
S00127,78,90,8.94,0,79,79,76,50,43,55,49,43,49,5,26,2,2,3,33,11,1,Product_Ready
S00128,70,70,8.92,0,96,89,63,92,64,75,76,40,87,1,52,6,1,1,51,12,1,Service_Ready
S00129,74,78,8.02,2,61,45,33,76,56,77,40,88,22,6,56,7,0,2,31,34,0,Not_Placed
S00130,58,96,5.9,0,52,43,80,80,47,77,62,60,58,5,68,0,1,5,89,2,1,Service_Ready
S00131,64,75,6.13,0,76,85,93,35,70,58,95,59,57,3,78,9,2,2,82,33,1,Product_Ready
S00132,61,75,6.24,0,34,98,33,46,59,77,47,45,82,1,44,7,1,2,91,34,0,Not_Placed
S00133,96,89,5.97,0,69,62,38,88,70,30,31,93,27,7,60,3,0,4,91,10,0,Not_Placed
S00134,69,94,7.84,0,89,31,21,26,99,22,22,46,59,5,52,0,2,4,51,5,1,Service_Ready
S00135,84,60,9.85,1,28,31,30,65,35,20,82,40,49,4,53,3,3,5,78,28,0,Not_Placed
S00136,59,79,5.92,0,39,53,45,24,80,28,69,25,79,3,30,1,2,3,92,22,0,Not_Placed
S00137,78,88,9.19,1,49,40,47,81,52,54,71,53,60,2,66,1,1,2,76,24,0,Not_Placed
S00138,76,71,9.29,0,34,54,52,35,53,85,59,47,66,6,89,8,3,3,20,9,0,Not_Placed
S00139,77,57,8.62,0,57,34,82,40,76,72,65,33,95,0,58,8,2,3,96,16,1,Service_Ready
S00140,72,87,9.43,0,78,65,57,33,91,81,54,38,49,6,97,3,0,0,59,25,0,Not_Placed
S00141,68,80,9.85,0,70,22,61,38,92,47,64,90,97,6,92,6,0,3,38,15,1,Service_Ready
S00142,92,90,5.93,0,83,52,71,33,94,72,78,97,60,3,87,7,1,0,60,17,1,Service_Ready
S00143,83,84,7.43,0,69,40,88,67,39,86,63,52,92,4,28,3,2,0,84,9,1,Service_Ready
S00144,77,94,6.93,0,66,34,38,45,71,41,40,70,57,3,48,2,3,3,47,5,1,Service_Ready
S00145,76,66,7.69,0,85,53,74,20,91,57,25,44,36,4,31,5,1,2,27,20,0,Not_Placed
S00146,96,55,7.53,0,59,33,54,67,75,68,32,80,68,5,81,7,2,3,58,22,1,Service_Ready
S00147,96,97,5.7,0,56,68,60,36,40,70,78,58,74,0,58,2,2,4,65,2,1,Service_Ready
S00148,94,73,7.35,2,31,80,52,64,88,27,44,65,49,4,66,6,0,3,37,3,0,Not_Placed
S00149,58,84,9.1,0,38,47,59,95,34,60,58,21,82,4,93,1,2,2,96,11,0,Not_Placed
S00150,68,72,6.12,0,58,47,22,89,46,21,57,22,35,5,59,1,0,0,31,2,0,Not_Placed
S00151,69,80,9.6,1,44,42,43,57,47,40,73,37,55,2,64,6,0,4,49,33,0,Not_Placed
S00152,57,57,9.36,2,82,42,94,67,51,76,52,43,58,1,75,4,2,3,56,2,1,Service_Ready
S00153,55,74,7.03,0,37,54,62,30,68,57,83,88,27,1,67,3,3,3,84,32,0,Not_Placed
S00154,58,59,6.53,3,86,94,64,23,45,46,65,83,70,1,25,4,1,1,56,24,0,Not_Placed
S00155,60,58,9.98,0,48,96,78,66,36,41,87,88,56,0,68,1,0,5,72,24,0,Not_Placed
S00156,57,96,9.22,0,65,40,63,30,87,20,82,43,32,6,30,3,2,4,36,19,0,Not_Placed
S00157,94,76,8.06,0,56,27,47,24,36,55,38,83,30,5,64,5,0,5,30,29,0,Not_Placed
S00158,59,71,8.56,0,31,89,36,38,45,67,71,89,74,1,94,0,1,2,94,18,0,Not_Placed
S00159,68,81,7.33,1,23,26,54,67,92,91,64,91,38,6,57,2,2,4,32,32,0,Not_Placed
S00160,70,86,9.68,0,86,73,29,61,83,40,99,95,85,0,43,2,3,5,76,31,1,Service_Ready
S00161,89,73,6.4,3,90,49,26,86,84,55,44,56,20,6,56,7,3,4,79,10,0,Not_Placed
S00162,55,90,8.65,0,42,28,53,65,97,23,49,94,91,2,33,1,0,4,35,3,0,Not_Placed
S00163,94,71,7.75,1,35,79,85,85,32,75,50,53,58,2,27,6,1,5,74,28,1,Product_Ready
S00164,83,93,7.64,0,49,72,32,40,38,72,38,76,44,5,50,0,2,5,93,11,0,Not_Placed
S00165,90,62,8.0,0,33,69,47,72,43,98,41,49,82,3,96,6,3,1,31,32,0,Not_Placed
S00166,68,88,6.1,0,94,95,68,98,76,45,37,57,69,7,60,5,0,3,83,30,1,Service_Ready
S00167,82,65,9.22,0,28,46,53,63,87,34,70,32,68,5,75,2,0,0,77,24,0,Not_Placed
S00168,80,83,7.24,0,74,29,66,42,40,32,52,43,30,0,87,8,1,0,40,21,0,Not_Placed
S00169,73,73,8.4,0,67,47,60,66,37,97,90,32,32,3,50,1,3,0,92,12,0,Not_Placed
S00170,76,87,9.08,1,53,28,27,26,55,37,22,47,89,3,63,4,3,5,73,2,1,Service_Ready
S00171,90,75,6.79,0,76,68,73,29,72,63,66,72,93,5,32,4,1,1,33,11,1,Service_Ready
S00172,89,79,8.81,0,31,73,43,48,62,44,79,84,47,7,66,0,3,3,77,13,0,Not_Placed
S00173,81,96,8.97,1,53,56,25,26,44,52,74,77,26,3,76,4,3,4,26,10,0,Not_Placed
S00174,86,65,9.23,0,91,64,78,23,86,48,48,47,96,6,63,9,3,1,28,6,1,Service_Ready
S00175,86,74,7.95,2,47,41,36,78,90,76,45,44,29,2,64,2,2,4,72,9,0,Not_Placed
S00176,94,58,7.25,0,84,68,66,71,73,79,76,66,50,0,65,1,1,0,24,21,1,Service_Ready
S00177,95,65,5.7,0,57,46,34,80,40,65,88,25,57,5,81,1,1,1,65,14,1,Service_Ready
S00178,85,84,8.02,1,27,63,52,94,96,69,30,47,89,0,35,3,2,3,67,27,0,Not_Placed
S00179,66,65,7.57,2,74,45,25,23,48,78,36,62,99,1,53,6,3,4,27,31,1,Service_Ready
S00180,86,90,6.61,0,58,78,63,28,56,93,55,47,61,6,62,4,3,1,85,9,1,Service_Ready
S00181,81,76,7.43,0,86,32,64,29,28,73,46,53,20,7,90,0,2,3,39,31,0,Not_Placed
S00182,89,89,9.78,0,97,36,37,64,72,87,84,20,77,1,39,3,2,1,78,12,1,Service_Ready
S00183,95,95,6.53,2,41,60,87,88,30,75,70,40,95,1,38,6,2,1,59,6,0,Not_Placed
S00184,75,68,9.01,0,34,27,60,38,65,47,87,34,56,0,86,7,2,4,55,30,0,Not_Placed
S00185,78,78,8.45,0,76,68,72,42,88,72,81,60,76,4,79,5,1,4,76,11,1,Service_Ready
S00186,94,61,6.42,0,22,70,66,87,95,57,55,60,88,4,77,1,1,5,44,28,0,Not_Placed
S00187,68,90,9.93,1,73,40,91,35,78,50,61,93,51,2,53,8,0,2,29,23,1,Service_Ready
S00188,71,58,9.77,0,40,84,82,70,55,85,34,58,89,0,42,9,2,4,76,18,0,Not_Placed
S00189,88,95,6.38,0,25,71,22,82,68,95,66,74,83,0,86,9,2,3,51,33,0,Not_Placed
S00190,58,72,5.57,1,54,97,77,52,33,53,80,23,78,4,25,8,0,0,59,20,1,Service_Ready
S00191,55,59,8.73,1,32,83,81,38,95,99,62,93,39,6,87,6,1,5,76,9,1,Product_Ready
S00192,61,68,8.31,0,35,70,99,91,31,72,94,24,46,3,36,5,0,4,76,29,1,Product_Ready
S00193,68,59,5.81,1,81,69,38,88,85,66,58,87,52,4,73,6,2,5,38,30,1,Service_Ready
S00194,74,83,6.96,2,76,27,81,48,93,36,85,25,77,4,47,8,0,1,60,28,0,Not_Placed
S00195,66,61,6.69,0,54,99,21,43,93,57,41,45,62,6,58,5,3,2,60,21,1,Service_Ready
S00196,73,74,5.91,0,72,53,41,86,25,98,46,29,92,0,67,5,0,2,78,3,1,Service_Ready
S00197,83,58,9.76,0,29,72,98,78,41,70,67,40,41,3,49,8,0,3,84,5,1,Product_Ready
S00198,61,63,7.53,2,55,92,65,51,51,25,67,57,36,1,46,5,1,2,44,29,0,Not_Placed
S00199,69,58,7.45,0,45,38,36,62,60,61,69,59,58,0,42,3,2,0,88,12,0,Not_Placed
S00200,57,87,8.53,0,67,29,57,38,55,78,82,96,65,2,93,5,0,2,27,18,1,Service_Ready
S00201,63,60,9.1,0,79,47,73,56,28,75,78,21,80,1,79,5,1,3,56,16,1,Service_Ready
S00202,82,72,9.21,0,30,77,76,96,23,26,80,73,87,3,98,0,2,2,97,2,1,Product_Ready
S00203,92,92,6.0,0,93,40,90,86,66,54,87,88,20,3,31,7,1,0,40,25,0,Not_Placed
S00204,79,86,9.14,1,68,77,58,99,80,28,25,54,58,5,60,5,0,1,95,24,1,Service_Ready
S00205,70,57,7.37,0,92,48,56,32,51,65,42,64,36,6,85,4,1,3,37,31,0,Not_Placed
S00206,76,87,7.05,0,51,61,97,29,55,53,92,47,30,5,58,6,2,5,38,16,0,Not_Placed
S00207,82,78,8.27,0,66,52,81,38,86,93,59,66,84,4,69,1,2,4,20,30,1,Service_Ready
S00208,67,83,7.48,3,36,90,32,88,45,68,86,26,77,0,72,0,0,5,36,26,0,Not_Placed
S00209,57,69,9.49,0,45,35,44,73,47,92,75,84,99,0,70,5,0,5,48,20,0,Not_Placed
S00210,73,56,7.32,0,30,72,65,49,76,37,70,67,85,7,27,5,1,3,76,16,0,Not_Placed
S00211,82,72,7.19,1,98,39,83,86,22,73,97,83,59,2,74,3,2,3,94,32,1,Service_Ready
S00212,97,86,5.54,0,81,68,28,50,80,98,67,44,55,7,92,9,1,4,64,33,1,Service_Ready
S00213,71,89,8.52,0,48,78,90,28,25,48,77,36,35,6,22,4,3,1,55,23,1,Product_Ready
S00214,96,66,7.63,0,73,35,27,78,76,59,78,21,95,1,63,0,1,1,69,13,1,Service_Ready
S00215,80,77,8.47,1,81,57,86,57,86,80,20,64,47,4,32,3,2,5,93,16,0,Not_Placed
S00216,69,58,7.58,3,95,52,47,27,20,56,82,41,89,4,40,2,2,4,79,7,0,Not_Placed
S00217,79,94,8.81,0,96,37,21,27,94,73,57,67,46,3,31,9,2,4,54,32,0,Not_Placed
S00218,69,70,7.35,0,94,78,40,73,94,49,67,54,57,6,97,7,1,0,51,16,1,Service_Ready
S00219,97,89,9.72,0,29,44,87,80,48,38,62,85,93,4,62,8,3,2,43,12,0,Not_Placed
S00220,88,82,7.87,0,70,40,31,69,23,61,57,44,33,2,51,1,2,5,94,22,0,Not_Placed
S00221,59,77,8.61,0,73,93,41,84,83,90,23,84,34,7,95,5,1,1,66,18,0,Not_Placed
S00222,83,68,5.77,0,52,78,62,98,31,59,39,57,22,3,75,9,1,4,96,3,0,Not_Placed
S00223,91,92,8.39,0,94,91,59,62,41,39,27,48,59,1,49,0,3,3,74,17,1,Service_Ready
S00224,97,61,7.76,3,75,67,46,72,92,54,70,56,76,7,98,4,1,5,39,13,0,Not_Placed
S00225,71,96,9.72,0,30,69,90,77,53,39,69,29,51,3,34,4,3,2,56,9,0,Not_Placed
S00226,94,77,9.09,0,27,75,79,29,58,47,68,55,32,7,55,4,1,5,23,32,1,Product_Ready
S00227,72,92,9.39,0,41,21,50,30,65,81,88,83,29,7,43,2,3,3,81,24,0,Not_Placed
S00228,71,55,7.57,0,76,74,72,75,28,41,32,67,37,2,95,7,0,1,34,16,1,Product_Ready
S00229,93,67,9.95,1,39,96,99,92,82,95,63,57,79,6,67,1,3,3,78,26,1,Product_Ready
S00230,86,94,6.38,2,25,96,79,33,73,23,58,91,44,4,51,5,2,5,72,31,1,Product_Ready
S00231,57,82,7.71,0,99,41,57,91,91,81,76,25,97,7,29,2,3,2,95,32,1,Service_Ready
S00232,83,59,6.29,0,60,50,41,23,32,64,61,68,39,3,96,0,1,3,20,16,0,Not_Placed
S00233,67,71,6.82,0,42,65,91,27,78,78,32,58,47,0,80,6,1,5,36,31,0,Not_Placed
S00234,93,67,8.96,0,32,62,40,74,59,34,92,71,93,3,72,6,3,3,49,34,0,Not_Placed
S00235,63,55,9.08,1,99,28,51,34,31,97,76,27,91,2,81,0,2,1,81,12,1,Service_Ready
S00236,93,97,8.43,0,59,42,75,25,69,56,83,73,91,0,68,2,2,2,68,22,1,Service_Ready
S00237,56,94,9.7,0,36,25,38,75,47,85,57,56,87,5,68,3,1,4,71,33,0,Not_Placed
S00238,71,95,7.06,0,77,75,47,20,61,67,59,82,95,7,99,1,3,5,46,10,1,Service_Ready
S00239,70,66,6.73,0,44,53,86,43,92,45,39,83,29,2,86,7,0,2,77,28,0,Not_Placed
S00240,70,69,7.58,1,63,45,66,53,69,31,23,67,74,7,20,5,0,1,49,4,1,Service_Ready
S00241,75,79,9.38,1,81,57,34,71,98,65,44,40,24,5,66,6,3,2,37,22,0,Not_Placed
S00242,82,89,8.05,0,86,59,29,71,91,94,80,83,24,1,72,6,0,2,88,10,0,Not_Placed
S00243,56,55,8.65,0,30,95,58,96,91,82,83,80,73,3,92,6,2,1,75,32,0,Not_Placed
S00244,79,66,7.86,0,20,84,82,73,61,40,98,41,57,2,99,7,1,0,36,27,1,Product_Ready
S00245,67,71,9.26,0,64,25,54,33,91,80,34,73,46,4,50,4,3,2,79,7,0,Not_Placed
S00246,59,76,5.84,0,53,45,66,24,39,25,89,78,83,1,37,3,0,0,33,15,1,Service_Ready
S00247,67,61,7.38,0,38,82,54,54,38,39,54,51,67,3,43,0,2,2,69,2,0,Not_Placed
S00248,89,86,8.88,0,33,56,98,87,59,78,99,35,81,3,64,9,3,4,85,32,0,Not_Placed
S00249,57,62,7.76,0,92,64,85,27,90,76,99,49,93,5,37,1,0,4,58,24,1,Service_Ready
S00250,59,84,7.93,1,23,42,25,51,37,34,59,92,93,3,25,7,2,2,30,18,0,Not_Placed
S00251,86,58,6.96,0,24,51,89,54,41,84,41,30,96,2,22,8,3,3,33,34,0,Not_Placed
S00252,72,95,6.39,0,66,88,66,49,44,47,44,93,97,1,77,6,2,0,44,15,1,Service_Ready
S00253,89,88,5.85,0,40,64,26,83,83,21,95,61,73,2,94,0,2,1,78,27,0,Not_Placed
S00254,70,60,9.02,0,67,61,95,79,96,23,21,78,46,2,98,7,2,5,82,13,0,Not_Placed
S00255,67,97,9.13,0,55,27,88,99,55,47,66,95,49,6,35,9,2,4,71,30,0,Not_Placed
S00256,57,69,7.28,0,38,96,40,83,56,46,74,48,39,0,89,3,1,5,35,19,0,Not_Placed
S00257,59,90,8.13,0,53,32,62,81,41,71,71,55,92,6,38,5,1,3,98,21,1,Service_Ready
S00258,63,86,9.21,0,39,94,56,41,77,87,63,53,96,1,28,9,2,3,38,31,0,Not_Placed
S00259,85,89,8.1,1,72,51,85,78,29,21,85,79,36,7,35,6,0,2,20,12,0,Not_Placed
S00260,75,58,8.21,0,31,94,84,66,72,90,21,43,23,3,38,9,2,1,62,12,1,Product_Ready
S00261,57,66,6.18,1,73,85,68,35,21,79,73,49,57,3,44,9,3,1,59,34,1,Service_Ready
S00262,67,95,8.44,0,99,41,76,46,60,99,53,51,85,3,59,8,3,1,92,11,1,Service_Ready
S00263,86,88,9.29,0,85,84,70,55,43,46,21,50,76,5,85,4,3,3,43,22,1,Product_Ready
S00264,64,68,9.28,0,53,77,95,41,89,55,64,55,41,5,99,3,3,0,52,21,1,Product_Ready
S00265,72,92,6.83,0,35,78,88,87,40,97,97,89,31,7,33,6,1,3,36,6,1,Product_Ready
S00266,81,77,8.78,1,98,62,50,36,73,81,51,59,32,2,54,4,0,4,89,26,0,Not_Placed
S00267,85,76,8.5,3,91,20,63,94,58,73,94,48,73,1,35,2,3,5,86,2,0,Not_Placed
S00268,55,71,7.7,1,27,48,70,52,22,79,54,88,95,3,39,8,2,3,38,28,0,Not_Placed
S00269,97,67,8.53,1,71,72,62,91,91,61,45,42,62,4,47,8,3,2,58,13,1,Service_Ready
S00270,69,85,5.8,0,61,46,30,57,62,38,83,25,65,3,61,0,2,2,71,8,1,Service_Ready
S00271,65,93,7.6,0,45,31,62,70,56,65,72,99,32,0,73,8,3,5,23,12,0,Not_Placed
S00272,86,61,7.54,0,73,64,42,47,76,45,44,73,48,2,55,2,1,3,36,4,0,Not_Placed
S00273,70,84,9.73,1,70,66,72,83,57,83,26,41,60,1,29,8,2,4,69,28,1,Service_Ready
S00274,87,55,6.23,0,23,36,23,62,23,20,90,69,92,4,54,7,0,2,55,28,0,Not_Placed
S00275,86,68,6.17,0,48,35,66,78,50,23,56,36,58,7,65,9,3,0,23,31,0,Not_Placed
S00276,84,76,7.65,0,55,37,72,90,20,77,25,89,63,7,43,5,2,4,37,32,1,Service_Ready
S00277,91,84,8.53,0,31,46,58,28,40,95,48,52,81,4,34,1,3,4,63,19,0,Not_Placed
S00278,57,61,9.56,0,56,77,52,78,30,87,87,41,85,3,25,9,0,0,74,17,1,Service_Ready
S00279,85,68,6.24,0,70,68,28,77,64,41,51,88,88,1,72,9,2,1,34,8,1,Service_Ready
S00280,83,57,6.33,0,98,54,25,31,57,96,38,86,27,7,66,3,2,4,86,9,0,Not_Placed
S00281,77,70,8.05,1,79,97,96,90,34,90,60,41,43,0,63,0,1,2,99,9,0,Not_Placed
S00282,79,66,9.93,1,97,60,55,42,62,25,88,62,44,1,81,1,2,3,82,29,0,Not_Placed
S00283,81,86,7.7,0,87,65,86,45,27,25,99,43,67,6,64,4,0,3,85,11,1,Service_Ready
S00284,66,67,6.76,0,94,38,54,72,45,33,64,63,84,2,62,6,1,5,38,19,1,Service_Ready
S00285,66,82,7.39,0,38,47,71,68,56,45,59,99,57,4,73,5,3,3,54,9,0,Not_Placed
S00286,76,75,7.45,0,84,25,42,83,62,42,49,96,37,6,98,0,0,0,42,28,0,Not_Placed
S00287,72,78,8.84,0,61,26,69,67,25,28,76,50,40,1,59,0,2,3,36,29,0,Not_Placed
S00288,95,56,6.8,0,25,94,57,25,64,94,33,85,59,2,43,2,1,0,54,2,0,Not_Placed
S00289,90,79,5.6,1,35,38,42,44,35,73,92,20,61,2,53,7,2,1,53,26,0,Not_Placed
S00290,60,75,7.42,0,67,58,50,29,49,37,79,92,34,3,82,7,0,4,28,27,0,Not_Placed
S00291,58,71,5.59,0,71,88,24,39,98,37,21,32,23,1,93,8,3,2,82,10,0,Not_Placed
S00292,84,65,6.49,0,32,55,32,31,56,93,92,71,90,1,75,6,2,4,42,30,0,Not_Placed
S00293,68,80,9.02,1,50,69,39,74,21,44,32,89,86,1,94,5,3,4,78,20,1,Service_Ready
S00294,70,78,9.21,1,74,54,74,33,68,26,49,68,35,6,70,7,1,3,99,20,0,Not_Placed
S00295,96,71,6.86,1,46,29,53,55,44,25,43,37,25,4,44,6,0,5,43,12,0,Not_Placed
S00296,80,88,5.79,0,80,97,70,67,40,73,75,78,91,2,39,5,2,0,20,30,1,Product_Ready
S00297,62,58,8.31,0,26,46,20,99,90,63,60,94,61,4,52,1,2,3,56,18,0,Not_Placed
S00298,89,59,9.92,2,66,81,33,82,80,50,36,43,42,1,69,5,1,1,98,16,0,Not_Placed
S00299,60,81,8.56,0,27,98,22,81,66,96,80,51,32,0,53,8,0,1,90,30,0,Not_Placed
S00300,85,79,6.12,3,73,21,97,75,80,41,54,35,69,1,62,0,3,1,21,5,0,Not_Placed
S00301,75,93,6.94,0,88,88,39,83,35,70,56,92,88,1,76,1,0,2,83,23,1,Service_Ready
S00302,76,88,6.26,0,37,90,84,20,23,23,46,62,78,7,52,9,0,3,79,7,1,Product_Ready
S00303,70,88,5.74,0,75,32,75,37,73,96,62,58,80,1,98,1,2,5,49,5,1,Service_Ready
S00304,57,61,7.67,3,59,89,84,87,68,71,48,40,97,0,66,9,2,2,89,21,1,Service_Ready
S00305,78,81,5.5,0,43,66,90,82,76,74,79,81,49,4,41,3,1,4,60,2,0,Not_Placed
S00306,85,84,5.77,0,36,57,33,98,75,41,86,75,38,0,63,1,2,1,20,22,0,Not_Placed
S00307,83,60,5.85,2,40,72,35,80,73,59,45,99,84,3,93,0,0,2,42,8,0,Not_Placed
S00308,61,69,9.45,2,97,97,35,90,38,21,29,69,31,5,41,8,3,0,73,7,0,Not_Placed
S00309,73,72,6.49,0,42,45,96,26,98,63,46,45,98,3,74,8,0,4,21,34,0,Not_Placed
S00310,70,77,8.29,0,48,45,54,98,86,48,53,60,60,6,90,2,1,1,62,8,0,Not_Placed
S00311,95,55,8.03,0,25,29,90,49,40,79,93,82,61,2,83,7,3,0,51,16,0,Not_Placed
S00312,81,82,6.42,0,77,21,55,90,32,34,79,41,82,1,94,9,0,4,67,25,1,Service_Ready
S00313,94,87,5.9,2,21,81,28,87,36,69,59,77,94,4,40,1,2,4,43,11,0,Not_Placed
S00314,71,72,8.78,0,64,36,92,33,68,48,23,39,66,2,28,4,2,2,71,27,1,Service_Ready
S00315,79,80,7.04,2,72,22,85,61,38,36,52,95,68,7,82,2,2,0,74,27,0,Not_Placed
S00316,89,62,9.07,2,26,65,65,35,43,80,73,81,20,0,44,9,1,1,91,30,0,Not_Placed
S00317,93,82,8.29,0,90,97,62,45,97,90,52,45,64,3,82,2,3,3,45,12,1,Service_Ready
S00318,56,68,9.13,0,63,52,32,97,45,40,47,67,59,1,92,6,2,4,42,18,1,Service_Ready
S00319,56,74,9.36,2,74,31,59,85,97,35,53,63,25,4,83,3,1,1,31,31,0,Not_Placed
S00320,94,61,8.0,0,46,72,67,26,78,88,30,34,83,2,88,6,0,4,28,16,0,Not_Placed
S00321,57,83,6.79,0,91,40,30,57,91,54,33,33,29,3,57,6,1,1,60,11,0,Not_Placed
S00322,71,71,9.06,1,20,31,23,61,32,23,88,38,21,3,93,1,1,4,70,12,0,Not_Placed
S00323,66,63,7.34,0,72,29,27,55,95,33,73,40,69,5,58,3,3,0,20,27,1,Service_Ready
S00324,92,92,5.67,0,63,93,81,25,36,70,57,43,70,1,91,4,3,5,76,25,1,Service_Ready
S00325,87,72,5.84,0,95,67,61,46,93,71,61,51,45,0,94,6,1,0,71,24,0,Not_Placed
S00326,83,85,5.7,0,21,37,66,52,54,70,37,91,49,3,72,9,2,3,68,12,0,Not_Placed
S00327,56,80,9.39,0,59,87,61,38,38,77,42,73,99,0,31,7,1,4,27,19,1,Service_Ready
S00328,59,80,7.96,0,48,22,77,95,21,94,47,96,95,1,26,9,1,3,35,24,0,Not_Placed
S00329,94,63,7.33,1,24,94,93,71,96,60,72,69,34,1,26,7,3,2,34,22,0,Not_Placed
S00330,60,55,6.44,0,80,56,42,59,96,42,35,80,87,7,99,4,1,0,63,13,1,Service_Ready
S00331,80,91,6.86,0,28,31,88,73,73,47,75,88,96,6,77,9,1,3,72,34,0,Not_Placed
S00332,61,95,8.94,2,93,62,34,57,34,24,73,70,29,3,23,1,3,3,44,24,0,Not_Placed
S00333,66,88,9.11,0,80,72,37,62,54,82,97,23,60,6,64,1,2,3,61,17,1,Service_Ready
S00334,66,59,6.8,0,36,54,65,61,58,68,81,57,42,5,23,0,2,0,87,8,0,Not_Placed
S00335,77,56,9.7,0,50,59,67,70,62,74,68,99,76,6,96,3,3,5,49,4,1,Service_Ready
S00336,76,76,9.39,3,68,95,74,75,87,63,50,77,72,3,98,6,3,4,40,16,1,Service_Ready
S00337,71,91,9.36,0,37,97,81,55,71,38,63,26,63,4,87,1,1,4,74,11,1,Product_Ready
S00338,86,96,6.98,0,29,29,79,70,40,27,84,97,49,4,68,8,0,4,77,32,0,Not_Placed
S00339,94,92,7.56,0,69,52,32,97,81,62,68,55,29,6,25,8,0,1,40,29,0,Not_Placed
S00340,70,77,5.73,0,44,47,24,40,37,66,89,76,38,7,84,2,1,4,59,4,0,Not_Placed
S00341,79,92,5.79,0,63,75,74,89,96,92,85,38,26,5,82,9,1,2,39,10,1,Product_Ready
S00342,71,81,6.66,0,38,36,88,58,90,58,55,59,64,3,44,4,1,3,87,25,0,Not_Placed
S00343,83,63,6.72,0,88,37,61,76,31,36,49,94,42,0,20,8,2,3,43,23,0,Not_Placed
S00344,81,73,7.02,0,68,20,29,66,78,81,37,65,51,2,37,6,0,4,63,9,1,Service_Ready
S00345,85,88,7.17,0,57,78,28,92,91,70,54,24,33,3,49,3,2,3,83,26,0,Not_Placed
S00346,82,66,6.22,0,50,42,67,39,57,74,87,98,20,6,76,9,0,3,69,13,0,Not_Placed
S00347,93,72,9.01,0,36,87,90,81,60,53,89,64,77,2,53,5,1,4,51,4,1,Product_Ready
S00348,57,76,8.55,0,95,67,36,26,32,85,23,29,36,3,25,2,0,1,28,28,0,Not_Placed
S00349,67,73,6.13,1,43,78,22,87,59,67,73,54,75,3,59,3,1,5,32,28,0,Not_Placed
S00350,60,71,6.32,0,21,96,71,85,71,62,41,74,86,2,79,9,3,4,58,14,1,Product_Ready
S00351,95,66,7.89,0,76,59,99,64,54,22,24,30,90,4,75,9,1,3,53,4,1,Service_Ready
S00352,62,85,6.55,0,85,89,60,82,51,39,76,69,99,0,31,6,2,0,64,12,1,Service_Ready
S00353,60,77,5.98,1,21,98,91,56,68,71,52,41,24,6,37,5,1,4,56,31,1,Product_Ready
S00354,85,64,6.69,0,63,35,73,54,47,21,32,60,99,2,88,6,3,4,64,21,1,Service_Ready
S00355,78,81,6.92,0,45,26,61,66,72,78,57,88,72,6,45,2,0,4,73,5,0,Not_Placed
S00356,57,83,9.69,0,77,94,46,40,58,65,85,55,94,6,84,2,2,3,20,26,1,Service_Ready
S00357,97,92,8.15,0,21,83,93,88,28,21,53,79,80,6,29,1,3,3,68,7,1,Product_Ready
S00358,57,64,8.48,1,45,91,24,34,35,20,35,56,22,3,66,7,3,2,40,3,0,Not_Placed
S00359,81,92,7.75,0,65,30,91,27,90,83,40,91,82,4,83,7,3,1,65,32,1,Service_Ready
S00360,83,63,5.91,1,48,99,55,56,90,42,60,99,47,7,57,4,0,0,92,28,0,Not_Placed
S00361,78,67,5.62,0,62,91,24,61,26,61,55,46,77,5,85,8,0,4,46,2,1,Service_Ready
S00362,77,64,7.81,0,86,25,77,89,72,85,77,21,95,5,56,3,2,3,84,2,1,Service_Ready
S00363,71,55,5.65,2,22,65,74,94,83,64,45,96,84,7,93,2,3,3,99,17,0,Not_Placed
S00364,71,69,6.21,0,30,84,98,87,62,88,32,29,94,1,60,9,1,2,58,4,0,Not_Placed
S00365,66,61,9.45,0,67,98,21,90,51,23,39,55,51,3,96,0,3,2,49,26,1,Service_Ready
S00366,70,73,9.08,0,41,72,55,87,55,71,72,69,99,0,37,5,1,4,63,30,0,Not_Placed
S00367,80,75,7.44,0,92,97,68,21,67,33,78,77,77,6,70,3,1,2,60,20,1,Service_Ready
S00368,91,72,7.22,0,26,33,31,24,51,93,62,88,64,1,28,0,0,3,37,10,0,Not_Placed
S00369,83,68,7.07,0,61,48,98,23,76,68,63,99,94,5,22,2,1,5,83,19,1,Service_Ready
S00370,74,79,9.12,0,97,71,56,27,63,24,88,50,64,0,51,0,1,2,49,13,1,Service_Ready
S00371,83,57,6.42,0,28,45,21,81,22,65,87,44,70,4,63,2,2,0,21,32,0,Not_Placed
S00372,56,86,7.74,1,77,63,93,75,62,53,49,90,89,5,74,2,0,2,45,25,1,Service_Ready
S00373,60,97,7.26,1,95,85,30,37,71,65,63,41,72,2,49,7,1,0,92,21,1,Service_Ready
S00374,94,79,8.49,0,91,46,59,45,46,81,69,61,48,6,79,8,0,2,35,24,0,Not_Placed
S00375,61,80,6.3,0,88,68,45,24,41,98,32,47,52,2,42,0,2,1,49,27,1,Service_Ready
S00376,70,67,9.98,0,84,57,21,25,65,69,57,37,46,0,91,9,0,5,48,7,0,Not_Placed
S00377,68,76,7.58,0,31,33,41,70,42,67,90,69,32,4,29,4,2,2,28,16,0,Not_Placed
S00378,56,79,9.67,0,53,54,22,78,89,67,83,38,86,1,92,3,3,4,86,12,1,Service_Ready
S00379,84,58,9.0,0,82,48,31,96,60,21,56,64,99,7,43,2,1,3,30,30,1,Service_Ready
S00380,89,69,7.35,0,62,99,93,68,83,51,83,21,43,6,85,5,2,2,45,30,1,Product_Ready
S00381,57,68,8.84,0,72,86,37,28,57,40,84,40,46,1,89,6,3,3,47,18,0,Not_Placed
S00382,94,57,9.21,1,65,49,88,28,30,88,85,50,52,6,65,4,2,3,79,32,1,Service_Ready
S00383,65,77,6.66,0,46,21,40,77,24,71,64,39,80,5,39,1,0,1,51,27,0,Not_Placed
S00384,60,95,6.17,0,70,24,32,38,31,67,44,76,54,3,24,1,1,4,76,4,1,Service_Ready
S00385,74,85,6.43,0,52,91,69,35,95,96,58,65,66,3,28,7,1,1,96,33,1,Service_Ready
S00386,69,90,5.93,0,99,60,93,43,68,37,26,23,88,3,74,2,3,1,48,24,1,Service_Ready
S00387,68,69,7.78,1,36,42,76,77,33,39,49,38,72,6,75,1,2,5,52,19,0,Not_Placed
S00388,63,87,9.71,0,38,89,53,44,87,93,93,30,35,1,80,0,3,2,35,13,0,Not_Placed
S00389,89,75,9.84,0,36,51,60,25,46,39,44,85,28,3,72,5,2,3,89,34,0,Not_Placed
S00390,55,91,6.42,0,98,45,33,73,90,65,50,78,48,1,36,7,3,1,43,28,0,Not_Placed
S00391,79,86,5.66,0,56,45,28,83,91,39,73,49,72,3,82,0,3,3,38,13,1,Service_Ready
S00392,69,85,8.5,0,48,45,21,34,23,69,57,42,78,1,94,7,1,2,27,30,0,Not_Placed
S00393,65,91,8.9,0,33,93,28,30,82,95,86,72,58,5,75,6,0,4,29,16,0,Not_Placed
S00394,73,76,7.72,2,69,42,32,88,23,97,91,28,54,4,40,9,1,0,91,18,1,Service_Ready
S00395,97,85,7.8,0,86,31,31,85,21,34,42,48,26,5,47,0,3,5,89,25,0,Not_Placed
S00396,60,81,6.16,0,43,53,59,66,98,94,43,84,37,3,95,8,2,3,90,24,0,Not_Placed
S00397,75,88,7.85,0,61,47,97,43,27,72,91,23,24,0,68,1,1,1,76,8,0,Not_Placed
S00398,94,82,9.14,0,97,72,23,44,26,47,88,86,39,2,30,7,2,4,90,20,0,Not_Placed
S00399,63,72,6.26,0,44,97,44,38,58,98,99,46,93,6,87,2,2,3,97,34,0,Not_Placed
S00400,64,73,9.33,0,94,67,21,95,73,25,59,21,92,6,21,0,1,1,74,9,1,Service_Ready
S00401,91,87,9.3,0,38,46,20,52,59,51,88,36,27,0,61,1,0,2,90,16,0,Not_Placed
S00402,74,79,6.82,0,65,43,65,41,30,67,27,58,54,0,65,5,3,5,56,28,1,Service_Ready
S00403,82,94,7.13,0,36,52,66,71,99,28,52,79,96,4,77,4,0,1,25,14,0,Not_Placed
S00404,55,74,7.12,0,29,92,86,30,31,29,44,68,68,0,30,5,3,4,97,2,0,Not_Placed
S00405,58,84,8.49,0,71,50,87,71,99,26,41,94,75,0,77,6,3,2,74,27,1,Service_Ready
S00406,94,63,7.56,2,74,55,43,63,36,21,32,50,47,3,46,7,2,0,39,13,0,Not_Placed
S00407,91,63,6.37,0,33,44,96,50,73,24,32,47,62,0,66,6,2,5,86,23,0,Not_Placed
S00408,62,71,8.77,0,61,95,46,27,42,83,39,35,36,7,38,7,3,5,57,30,0,Not_Placed
S00409,95,90,5.72,0,95,36,98,92,58,61,67,31,37,6,25,9,3,2,54,6,0,Not_Placed
S00410,72,70,8.95,0,50,29,75,95,89,39,24,42,28,1,78,5,1,5,83,9,0,Not_Placed
S00411,74,68,8.18,0,94,52,50,73,63,53,90,81,42,5,75,6,1,0,80,4,0,Not_Placed
S00412,92,74,7.06,0,49,36,78,29,37,64,78,81,78,0,82,6,3,1,30,7,0,Not_Placed
S00413,95,88,8.89,0,73,95,59,38,86,72,83,66,25,7,91,1,3,2,58,13,0,Not_Placed
S00414,64,61,7.35,0,55,40,56,43,74,44,26,90,90,1,43,8,3,2,82,5,1,Service_Ready
S00415,90,82,9.62,1,58,99,31,53,90,94,50,81,32,6,21,6,2,0,94,5,0,Not_Placed
S00416,65,83,9.07,0,96,56,40,63,38,90,27,96,85,0,94,7,1,4,45,8,1,Service_Ready
S00417,93,73,8.51,1,85,38,87,77,89,76,56,80,49,6,92,8,0,0,25,19,0,Not_Placed
S00418,64,82,8.88,0,84,71,86,97,50,36,74,55,45,4,36,5,0,0,21,23,1,Product_Ready
S00419,59,58,7.1,0,96,45,74,58,52,33,75,40,65,7,35,7,3,4,27,25,1,Service_Ready
S00420,57,79,8.48,2,93,41,65,32,52,24,96,46,97,7,86,2,2,0,67,15,1,Service_Ready
S00421,66,82,8.96,2,59,68,76,83,94,76,93,93,89,3,95,6,2,2,77,7,1,Service_Ready
S00422,55,60,7.89,0,44,98,91,70,67,89,84,79,65,3,77,5,2,3,61,8,1,Product_Ready
S00423,65,90,6.12,0,37,60,77,75,43,92,50,74,29,3,21,5,2,2,62,32,0,Not_Placed
S00424,60,57,5.91,0,29,57,66,76,69,90,34,37,21,7,62,9,2,5,61,6,0,Not_Placed
S00425,65,55,8.08,0,21,39,80,40,87,31,41,39,20,5,43,3,0,2,43,32,0,Not_Placed
S00426,67,70,8.35,0,45,85,99,57,84,94,70,54,62,4,56,0,1,5,58,29,1,Product_Ready
S00427,83,97,6.44,1,33,95,66,61,51,51,61,51,45,2,20,7,0,1,21,18,0,Not_Placed
S00428,84,93,5.52,0,41,53,68,20,92,72,59,64,87,0,41,1,3,1,62,10,0,Not_Placed
S00429,60,73,8.67,0,99,88,35,20,56,56,83,81,91,4,52,1,1,3,79,19,1,Service_Ready
S00430,97,64,7.05,0,23,96,96,37,85,67,52,77,92,3,54,8,2,4,29,2,1,Product_Ready
S00431,96,75,7.45,0,76,88,41,83,60,90,75,42,44,2,25,6,1,0,79,34,0,Not_Placed
S00432,60,91,6.78,1,77,33,55,55,98,27,45,55,67,4,47,3,1,5,95,17,1,Service_Ready
S00433,94,92,8.82,0,29,58,20,58,40,84,34,23,79,4,39,9,2,0,53,34,0,Not_Placed
S00434,88,93,9.22,0,84,96,20,24,99,34,47,42,36,0,32,9,3,2,80,32,0,Not_Placed
S00435,71,63,7.42,0,78,69,88,89,49,36,94,39,67,0,21,4,0,3,73,26,1,Service_Ready
S00436,57,63,9.14,1,53,62,93,41,89,21,85,51,35,3,20,4,3,1,32,16,0,Not_Placed
S00437,62,64,9.57,0,57,30,62,39,39,40,76,69,93,1,45,8,1,2,50,5,1,Service_Ready
S00438,60,68,9.35,0,36,38,70,89,82,94,99,49,44,7,94,6,1,5,38,32,0,Not_Placed
S00439,80,96,7.9,0,32,85,85,35,92,47,96,54,60,4,50,4,3,5,91,3,1,Product_Ready
S00440,92,86,7.69,0,56,84,93,74,23,29,66,94,33,5,31,0,3,2,85,12,1,Product_Ready
S00441,95,57,7.65,1,33,53,68,73,50,77,61,77,49,0,82,2,3,3,27,32,0,Not_Placed
S00442,57,57,8.94,0,36,33,28,81,40,95,56,30,39,2,72,3,3,3,46,31,0,Not_Placed
S00443,81,75,9.33,1,30,96,92,23,95,92,96,67,45,5,96,6,3,1,38,25,1,Product_Ready
S00444,73,67,5.72,0,85,29,96,77,92,33,34,52,36,7,49,1,0,2,27,4,0,Not_Placed
S00445,66,74,7.12,0,68,82,81,68,70,52,49,78,95,6,42,0,0,5,98,8,1,Product_Ready
S00446,69,96,8.21,0,75,63,94,48,81,71,73,76,85,5,39,0,3,0,65,10,1,Service_Ready
S00447,88,77,9.45,0,27,35,67,80,34,84,41,22,73,5,55,1,2,0,86,11,0,Not_Placed
S00448,93,55,5.67,0,24,90,76,34,95,49,39,56,22,0,60,6,1,1,42,24,0,Not_Placed
S00449,75,70,6.59,0,70,83,71,57,84,37,82,70,28,4,59,6,0,2,63,5,1,Product_Ready
S00450,87,78,6.19,0,29,39,94,31,81,37,82,44,31,4,44,8,1,1,81,26,0,Not_Placed
S00451,89,86,5.59,0,44,78,91,88,24,38,42,28,69,7,52,1,1,5,20,27,1,Product_Ready
S00452,79,70,5.57,0,99,33,43,74,34,91,53,21,46,1,91,6,3,5,82,30,0,Not_Placed
S00453,55,58,8.08,0,83,51,98,32,85,38,43,30,78,5,34,9,0,2,79,10,1,Service_Ready
S00454,82,55,6.07,0,82,66,57,89,95,72,97,63,93,5,39,6,1,0,29,11,1,Service_Ready
S00455,93,82,8.74,2,62,98,71,75,95,87,28,42,82,4,80,7,3,5,43,27,1,Product_Ready
S00456,84,87,5.82,0,81,90,91,89,49,42,51,76,28,6,90,8,0,1,22,34,1,Product_Ready
S00457,75,85,6.69,2,54,34,25,51,71,47,83,98,97,2,34,5,3,0,57,27,0,Not_Placed
S00458,72,82,7.75,0,72,75,78,89,97,77,32,62,95,2,38,4,2,1,43,27,1,Product_Ready
S00459,82,72,6.45,0,36,87,63,80,87,93,44,86,21,0,68,5,1,2,46,26,0,Not_Placed
S00460,72,55,6.29,1,87,60,56,70,34,27,57,75,66,1,29,5,1,0,60,20,1,Service_Ready
S00461,84,59,6.64,0,50,71,42,67,59,25,57,60,46,2,88,8,0,3,90,28,0,Not_Placed
S00462,69,67,6.09,0,43,92,23,65,37,62,99,52,29,0,78,8,2,5,74,15,0,Not_Placed
S00463,79,69,9.86,1,90,43,46,56,58,82,98,45,84,7,23,8,0,2,69,23,1,Service_Ready
S00464,65,64,7.28,0,75,40,32,28,30,94,89,20,89,4,75,5,0,2,97,6,1,Service_Ready
S00465,90,86,8.39,0,67,93,49,40,79,32,20,84,52,5,44,9,0,2,52,31,1,Service_Ready
S00466,62,55,7.03,2,25,84,44,20,51,22,68,38,79,2,48,1,1,0,75,18,0,Not_Placed
S00467,90,71,8.51,0,69,22,62,76,69,87,69,56,65,1,34,0,3,2,39,25,1,Service_Ready
S00468,70,84,6.04,0,92,95,36,80,34,70,46,93,80,1,50,8,2,4,72,22,1,Service_Ready
S00469,64,70,5.72,0,50,94,55,73,73,36,94,49,41,4,62,2,2,4,65,5,0,Not_Placed
S00470,70,70,9.93,0,38,64,45,41,77,82,47,84,63,3,62,4,1,0,59,22,0,Not_Placed
S00471,63,67,7.82,0,21,91,62,61,96,76,86,49,32,2,26,8,2,4,73,23,0,Not_Placed
S00472,72,77,8.11,0,50,52,97,99,30,52,26,50,67,5,66,4,2,2,25,10,1,Service_Ready
S00473,71,85,6.18,0,88,78,55,22,77,74,76,36,58,1,87,6,0,3,20,22,1,Service_Ready
S00474,73,75,8.6,1,86,63,51,29,83,98,88,87,47,4,70,4,3,0,86,11,0,Not_Placed
S00475,96,77,6.79,0,77,78,20,22,86,56,48,52,80,4,23,0,1,1,52,23,1,Service_Ready
S00476,57,77,8.01,0,40,62,45,60,57,30,48,79,86,0,80,5,2,5,68,23,0,Not_Placed
S00477,68,68,9.56,0,31,74,70,58,52,52,48,88,89,6,99,8,3,5,96,11,1,Product_Ready
S00478,78,64,7.95,0,78,71,53,68,47,32,88,86,80,3,90,7,2,5,80,24,1,Service_Ready
S00479,84,72,6.46,0,88,91,98,71,23,53,88,52,88,5,45,0,3,5,52,34,1,Product_Ready
S00480,62,74,6.51,0,81,50,61,31,84,92,22,28,70,7,97,2,1,0,43,10,1,Service_Ready
S00481,67,56,6.67,0,38,66,41,94,52,51,83,58,91,1,28,8,0,0,21,20,0,Not_Placed
S00482,74,96,8.87,2,36,87,22,70,45,75,83,27,56,4,46,3,1,1,56,33,0,Not_Placed
S00483,61,87,6.82,0,30,91,51,76,57,79,38,75,33,0,29,3,2,3,62,17,0,Not_Placed
S00484,87,73,7.27,0,92,46,36,63,64,27,99,37,52,0,95,5,0,4,78,17,1,Service_Ready
S00485,72,72,9.49,1,27,22,44,88,74,59,69,52,37,4,76,6,3,5,60,8,0,Not_Placed
S00486,68,97,6.83,1,51,57,41,35,71,48,35,95,36,4,83,8,0,4,31,4,0,Not_Placed
S00487,89,87,7.81,0,28,69,48,58,64,36,75,65,86,4,33,2,2,5,80,24,0,Not_Placed
S00488,81,64,7.53,0,74,80,68,92,71,21,69,62,96,7,78,0,0,3,23,14,1,Service_Ready
S00489,85,95,8.39,0,88,88,49,92,25,38,99,85,29,7,56,7,2,1,55,27,0,Not_Placed
S00490,64,85,7.85,0,20,22,86,90,54,34,86,49,94,2,79,5,3,0,48,11,0,Not_Placed
S00491,82,85,6.65,0,34,60,99,55,96,52,24,97,33,7,87,6,3,2,66,5,0,Not_Placed
S00492,84,73,5.57,0,96,97,79,65,73,93,56,42,46,5,85,2,1,3,38,2,1,Product_Ready
S00493,94,86,8.87,2,59,57,67,74,94,74,70,79,27,5,87,7,0,1,21,17,0,Not_Placed
S00494,85,60,8.04,0,38,47,91,33,43,63,75,70,51,1,60,1,0,3,80,3,0,Not_Placed
S00495,96,55,6.08,0,55,57,52,61,80,65,80,37,89,1,99,7,0,2,79,8,1,Service_Ready
S00496,71,86,9.05,1,32,66,81,73,48,41,84,48,67,4,54,6,1,2,90,14,0,Not_Placed
S00497,64,56,8.35,0,63,79,66,59,26,65,42,65,32,4,40,0,2,2,79,34,0,Not_Placed
S00498,58,96,8.44,0,47,89,89,74,76,35,43,88,60,1,96,4,0,3,49,19,0,Not_Placed
S00499,81,89,6.58,0,79,37,75,50,78,21,58,80,82,7,37,0,1,1,73,31,1,Service_Ready
S00500,66,89,6.33,0,87,44,67,51,23,57,82,66,20,2,81,0,1,5,81,14,0,Not_Placed
S00501,89,97,7.59,1,70,73,35,37,26,64,55,60,61,0,26,7,2,2,56,3,1,Service_Ready
S00502,96,67,8.48,1,99,75,63,76,25,51,93,37,87,6,92,6,1,2,26,4,1,Service_Ready
S00503,71,56,9.42,0,71,41,23,25,57,45,30,36,50,4,54,1,2,4,81,28,1,Service_Ready
S00504,89,89,9.32,0,28,95,34,40,71,54,70,74,96,6,63,0,2,4,99,26,0,Not_Placed
S00505,77,82,7.71,1,57,30,86,34,20,26,20,68,92,4,45,6,0,2,90,13,1,Service_Ready
S00506,85,86,5.67,0,55,86,20,46,59,33,88,98,25,0,74,2,2,4,48,7,0,Not_Placed
S00507,69,70,5.72,0,73,60,68,36,75,64,49,63,93,6,38,1,3,2,26,27,1,Service_Ready
S00508,69,92,9.52,0,85,90,62,81,90,43,58,87,63,4,74,9,2,1,56,28,1,Service_Ready
S00509,84,84,5.59,0,26,68,92,60,96,98,73,88,46,7,51,3,3,1,32,30,0,Not_Placed
S00510,89,62,9.27,0,40,95,30,21,69,60,85,22,99,2,87,6,0,1,44,31,0,Not_Placed
S00511,72,96,7.05,3,42,75,71,67,39,21,50,46,21,0,97,3,0,4,54,9,0,Not_Placed
S00512,56,60,8.28,0,40,93,42,22,51,39,93,48,71,2,65,1,0,3,80,9,0,Not_Placed
S00513,61,60,5.77,0,82,40,22,29,46,31,26,36,84,7,45,2,3,0,81,32,1,Service_Ready
S00514,89,55,9.42,0,44,76,51,82,31,82,96,20,70,5,27,3,0,0,58,24,0,Not_Placed
S00515,58,58,9.77,0,75,85,78,26,68,35,36,94,53,0,45,1,0,0,77,16,1,Service_Ready
S00516,64,69,9.69,2,36,79,28,55,92,99,55,67,70,0,89,9,3,3,41,14,0,Not_Placed
S00517,70,83,9.89,0,22,71,93,79,82,84,71,95,33,0,91,3,3,1,76,3,0,Not_Placed
S00518,80,68,6.06,1,61,41,87,38,85,58,92,38,35,5,44,1,2,4,30,5,0,Not_Placed
S00519,79,86,5.99,0,80,70,28,95,21,24,81,88,71,7,24,3,0,0,41,28,1,Service_Ready
S00520,64,70,6.04,0,70,29,25,81,24,89,82,75,78,6,78,2,1,4,23,33,1,Service_Ready
S00521,89,64,9.41,0,35,78,72,38,60,66,73,74,38,5,78,0,3,3,37,27,1,Product_Ready
S00522,94,73,6.84,0,25,20,27,70,44,66,74,83,29,7,31,0,3,0,80,11,0,Not_Placed
S00523,85,60,7.28,0,81,99,91,96,48,51,99,30,25,2,54,0,1,4,32,11,1,Product_Ready
S00524,91,80,6.65,0,82,53,29,26,75,99,56,48,31,0,67,3,1,2,31,22,0,Not_Placed
S00525,96,88,5.94,1,84,44,78,98,25,71,98,40,90,0,51,4,2,5,88,5,1,Service_Ready
S00526,76,72,5.52,0,75,43,85,32,81,73,34,88,22,4,56,4,2,2,71,24,0,Not_Placed
S00527,82,84,5.55,0,52,83,45,67,59,36,59,26,76,7,75,9,3,3,82,11,1,Service_Ready
S00528,93,66,7.14,0,90,73,97,94,90,48,93,92,67,1,75,0,0,4,53,25,1,Service_Ready
S00529,63,61,9.43,0,30,95,80,61,32,31,93,39,69,3,88,4,0,3,31,3,1,Product_Ready
S00530,95,93,7.66,0,66,24,95,20,63,41,57,38,99,6,86,6,1,2,45,14,1,Service_Ready
S00531,72,57,7.28,0,74,77,82,71,43,91,28,56,72,7,43,4,3,5,89,6,1,Product_Ready
S00532,68,96,9.04,0,91,94,36,76,67,63,64,99,52,6,66,5,3,1,72,15,1,Service_Ready
S00533,70,97,9.25,0,31,89,38,60,72,48,89,78,83,7,35,3,3,5,56,22,0,Not_Placed
S00534,58,88,8.43,2,33,90,70,84,71,49,76,98,49,1,61,7,2,2,37,14,0,Not_Placed
S00535,78,77,9.34,0,41,63,83,96,44,70,26,25,43,2,28,3,1,2,43,6,0,Not_Placed
S00536,96,80,7.1,1,25,26,56,72,37,57,78,20,87,2,63,2,2,2,79,27,0,Not_Placed
S00537,62,97,8.92,0,88,33,45,89,77,59,70,24,96,7,99,0,0,5,30,9,1,Service_Ready
S00538,79,94,7.74,0,22,98,81,46,64,44,80,63,65,5,27,0,3,1,26,16,1,Product_Ready
S00539,78,67,9.75,0,76,77,54,35,27,64,59,73,33,2,72,6,2,2,66,17,0,Not_Placed
S00540,60,87,5.6,0,39,64,83,78,41,66,48,64,96,3,28,7,2,3,32,28,0,Not_Placed
S00541,91,61,8.94,0,95,55,80,59,46,20,53,87,40,0,26,0,0,2,70,16,0,Not_Placed
S00542,85,70,9.88,0,78,25,48,36,79,41,43,70,69,2,75,6,1,4,67,22,1,Service_Ready
S00543,72,89,7.56,1,70,95,81,56,25,90,45,27,92,2,23,4,2,4,44,16,1,Product_Ready
S00544,89,97,9.04,0,66,80,33,87,72,53,95,43,39,4,49,7,2,3,57,17,0,Not_Placed
S00545,69,77,7.25,0,34,68,40,34,33,61,99,34,82,3,46,6,0,0,72,10,0,Not_Placed
S00546,97,97,7.94,2,88,24,94,99,60,23,21,86,40,5,62,4,1,3,88,10,0,Not_Placed
S00547,74,82,6.71,1,92,68,36,82,74,42,53,88,34,6,22,2,3,2,23,25,0,Not_Placed
S00548,85,65,7.88,0,84,22,45,72,50,45,42,49,29,7,83,5,2,2,75,11,0,Not_Placed
S00549,74,95,7.38,2,20,21,77,38,81,97,91,31,45,2,48,4,0,0,79,29,0,Not_Placed
S00550,57,72,5.59,0,79,45,91,38,41,52,57,54,86,2,29,9,2,4,23,14,1,Service_Ready
S00551,63,88,6.88,2,20,79,31,40,30,63,77,63,97,1,53,8,0,3,83,27,0,Not_Placed
S00552,70,64,9.46,0,25,38,78,72,27,97,29,86,57,4,34,6,2,1,65,20,0,Not_Placed
S00553,82,80,6.11,0,85,86,26,74,99,50,93,38,47,0,47,2,0,3,32,14,0,Not_Placed
S00554,97,65,9.47,0,69,47,23,41,58,53,63,61,59,0,31,1,2,3,93,23,1,Service_Ready
S00555,71,80,9.83,0,95,29,76,56,96,83,98,59,79,1,67,4,2,1,38,9,1,Service_Ready
S00556,93,87,5.64,0,55,40,21,50,49,95,63,31,70,0,68,3,3,1,79,12,1,Service_Ready
S00557,67,81,8.84,0,83,39,91,92,90,97,47,21,62,7,32,4,2,3,54,24,1,Service_Ready
S00558,69,56,8.8,0,71,55,86,88,86,66,21,63,83,5,97,5,1,2,55,26,1,Service_Ready
S00559,76,93,5.59,0,50,45,41,40,20,56,96,65,28,0,66,4,2,2,73,23,0,Not_Placed
S00560,66,60,6.07,3,92,65,33,63,82,71,45,72,48,2,66,7,2,4,54,32,0,Not_Placed
S00561,89,86,7.04,2,51,71,39,85,20,77,63,25,69,5,91,7,3,5,33,6,0,Not_Placed
S00562,95,94,6.2,0,90,99,90,46,97,97,63,52,52,3,39,4,2,3,26,33,1,Product_Ready
S00563,57,93,5.88,3,73,57,93,99,94,51,64,80,89,7,72,2,3,2,57,19,0,Not_Placed
S00564,93,67,8.13,2,68,60,32,53,44,85,37,24,38,1,37,8,3,4,29,23,0,Not_Placed
S00565,67,71,8.6,0,65,27,56,38,82,65,90,45,65,5,65,4,2,2,47,30,1,Service_Ready
S00566,77,72,9.63,0,66,24,94,78,94,78,66,32,97,0,52,0,1,3,77,7,1,Service_Ready
S00567,79,69,7.3,0,53,75,51,28,82,91,97,52,40,6,95,8,1,4,23,21,0,Not_Placed
S00568,68,84,8.59,0,45,69,21,74,75,33,25,80,31,0,32,2,3,0,78,26,0,Not_Placed
S00569,70,92,8.75,0,33,25,42,79,31,32,25,82,57,7,69,3,3,4,27,34,0,Not_Placed
S00570,88,69,9.84,0,65,41,59,64,74,70,24,32,47,1,99,6,3,1,26,5,0,Not_Placed
S00571,88,96,8.03,0,34,92,72,44,28,57,41,68,87,4,34,0,1,5,39,34,1,Product_Ready
S00572,95,90,8.4,0,27,47,64,92,99,93,30,50,31,3,97,2,3,1,36,2,0,Not_Placed
S00573,83,58,7.64,0,95,72,36,59,32,71,77,56,98,3,80,0,0,1,89,18,1,Service_Ready
S00574,74,63,7.74,0,97,36,76,20,32,46,89,78,25,0,42,9,2,2,70,29,0,Not_Placed
S00575,77,58,6.88,0,76,87,57,81,26,90,69,71,45,1,38,8,0,3,69,17,0,Not_Placed
S00576,71,76,8.81,0,49,27,40,41,37,85,67,63,28,2,73,9,0,5,45,9,0,Not_Placed
S00577,64,97,5.68,0,34,37,42,81,65,58,34,72,83,6,99,7,2,5,85,14,0,Not_Placed
S00578,63,88,6.7,0,62,83,43,90,53,67,31,42,98,6,32,6,1,4,84,6,1,Service_Ready
S00579,67,59,9.11,0,43,37,40,73,29,43,79,76,42,5,87,1,3,5,47,32,0,Not_Placed
S00580,89,93,8.72,0,21,43,36,84,89,88,79,69,31,6,66,2,3,0,46,25,0,Not_Placed
S00581,73,62,7.98,0,58,64,51,84,57,96,30,29,78,1,74,3,0,0,87,6,1,Service_Ready
S00582,77,64,8.99,0,45,74,67,48,46,37,79,93,88,1,40,7,1,2,81,3,0,Not_Placed
S00583,56,93,7.95,0,61,39,87,64,94,61,66,24,68,3,56,1,0,5,37,15,1,Service_Ready
S00584,73,68,7.16,2,61,91,84,72,26,24,43,47,81,2,36,4,3,2,56,27,1,Service_Ready
S00585,69,62,5.54,0,92,50,45,75,53,28,81,32,88,0,96,0,0,3,82,11,1,Service_Ready
S00586,82,60,5.92,0,71,67,86,65,93,34,90,55,33,7,97,2,0,4,86,23,0,Not_Placed
S00587,73,89,8.12,2,52,32,70,51,94,43,54,89,59,5,63,9,2,3,52,14,0,Not_Placed
S00588,90,97,9.67,0,89,31,60,44,22,22,47,42,67,2,61,7,2,5,39,12,1,Service_Ready
S00589,86,81,8.6,0,32,54,66,47,40,37,50,79,56,4,33,8,2,3,42,32,0,Not_Placed
S00590,83,84,6.97,0,46,34,78,22,29,98,99,36,30,7,24,4,3,1,33,27,0,Not_Placed
S00591,62,59,8.91,0,97,75,23,67,36,55,89,99,57,4,81,8,3,1,55,30,1,Service_Ready
S00592,68,58,9.19,0,32,65,52,40,99,98,76,88,89,5,86,3,0,3,52,32,0,Not_Placed
S00593,75,81,7.03,0,81,45,85,31,41,36,26,87,56,5,30,0,0,1,71,25,1,Service_Ready
S00594,97,71,9.76,0,71,37,35,85,24,22,99,89,26,1,33,5,3,0,62,28,0,Not_Placed
S00595,83,91,6.45,0,89,21,89,62,23,75,78,28,22,1,67,3,3,0,76,17,0,Not_Placed
S00596,65,80,6.53,1,47,72,77,92,79,78,41,27,68,1,46,6,2,0,57,22,0,Not_Placed
S00597,78,78,6.78,0,85,33,72,51,67,58,59,61,96,3,27,9,3,2,70,28,1,Service_Ready
S00598,72,90,5.63,0,28,58,84,90,90,26,91,99,86,4,29,1,2,4,72,32,0,Not_Placed
S00599,77,81,8.35,0,46,73,23,42,67,61,22,22,47,6,50,9,0,5,40,24,0,Not_Placed
S00600,92,66,6.21,0,68,26,48,67,32,22,21,35,25,4,90,4,3,1,51,14,0,Not_Placed
S00601,84,79,9.0,0,47,77,39,53,24,79,62,76,76,2,73,0,3,4,56,21,0,Not_Placed
S00602,60,88,8.71,0,32,66,63,51,45,72,33,71,55,7,59,5,1,2,79,11,0,Not_Placed
S00603,79,85,9.42,0,50,40,55,84,23,87,23,28,49,2,64,3,0,4,42,17,0,Not_Placed
S00604,76,91,8.6,1,79,99,24,99,26,70,84,28,64,1,66,2,3,3,29,10,1,Service_Ready
S00605,67,89,5.98,0,90,35,72,59,39,88,64,25,88,0,58,5,1,2,58,22,1,Service_Ready
S00606,94,91,5.93,2,31,56,57,34,26,97,69,84,86,4,63,1,2,0,80,12,0,Not_Placed
S00607,74,64,8.39,0,81,32,63,66,83,72,96,95,63,3,21,4,0,0,53,24,1,Service_Ready
S00608,83,89,6.52,0,94,92,97,28,67,86,55,90,63,5,79,4,2,5,95,20,1,Product_Ready
S00609,55,57,7.02,0,85,24,61,24,69,77,98,27,50,3,40,9,0,1,59,2,1,Service_Ready
S00610,69,55,5.96,0,63,35,41,37,66,49,29,77,81,4,99,5,2,0,62,22,1,Service_Ready
S00611,67,72,7.4,0,46,87,41,43,59,93,85,59,25,7,37,0,1,4,49,22,0,Not_Placed
S00612,64,97,7.29,0,58,43,53,80,60,24,98,69,23,2,71,9,2,1,27,25,0,Not_Placed
S00613,82,97,9.87,1,81,81,57,45,43,58,40,66,67,0,32,4,2,2,38,15,1,Service_Ready
S00614,76,71,5.71,0,38,83,85,98,85,94,64,93,86,4,22,5,0,1,59,25,1,Product_Ready
S00615,78,71,8.51,0,42,25,85,40,54,48,26,72,56,6,27,9,2,4,43,27,0,Not_Placed
S00616,96,93,8.39,1,40,92,93,55,22,97,61,64,63,2,52,5,0,2,89,20,1,Product_Ready
S00617,67,80,7.41,0,21,66,49,46,90,39,69,42,32,0,23,8,1,3,32,4,0,Not_Placed
S00618,80,80,6.78,0,22,20,43,54,33,86,32,66,69,5,45,2,2,3,55,2,0,Not_Placed
S00619,94,87,6.4,0,30,46,33,99,65,95,29,43,80,5,37,5,0,0,77,14,0,Not_Placed
S00620,91,60,6.47,0,44,30,63,33,48,93,69,24,91,5,88,9,3,0,45,7,0,Not_Placed
S00621,70,90,6.12,0,83,81,25,38,37,99,62,92,22,5,91,5,3,3,63,32,0,Not_Placed
S00622,79,70,8.47,0,97,96,90,95,56,23,21,63,86,3,95,2,1,5,20,18,1,Product_Ready
S00623,70,63,8.09,2,28,31,60,34,85,94,30,27,74,7,25,4,3,2,91,20,0,Not_Placed
S00624,61,85,7.81,0,56,63,28,77,39,69,39,55,46,7,51,0,0,0,28,21,0,Not_Placed
S00625,86,56,5.67,0,57,79,20,24,82,55,84,97,92,5,43,3,1,5,87,26,1,Service_Ready
S00626,64,89,8.82,0,87,62,76,55,33,91,46,56,90,3,44,2,1,3,98,33,1,Service_Ready
S00627,83,64,9.38,0,38,48,70,37,77,63,35,84,21,7,98,6,3,0,24,23,0,Not_Placed
S00628,90,67,9.51,0,83,51,99,70,98,77,65,71,82,3,79,0,0,0,74,29,1,Service_Ready
S00629,61,63,9.88,0,90,65,66,98,57,40,33,21,91,6,89,4,0,0,52,7,1,Service_Ready
S00630,80,93,5.52,0,27,96,32,59,77,37,76,57,51,5,85,6,0,3,77,12,0,Not_Placed
S00631,87,78,8.0,0,53,88,67,59,70,99,32,50,58,6,67,6,3,4,31,15,1,Service_Ready
S00632,72,81,8.74,0,35,96,77,28,45,47,96,55,28,6,97,2,3,4,76,33,1,Product_Ready
S00633,92,57,9.3,0,35,81,75,42,36,99,57,91,49,0,77,1,1,5,36,16,0,Not_Placed
S00634,86,67,9.41,0,76,77,35,47,20,60,67,50,55,3,52,0,2,1,42,24,1,Service_Ready
S00635,69,80,7.63,0,58,64,97,31,51,75,43,32,39,6,75,4,3,5,53,29,0,Not_Placed
S00636,56,84,8.53,0,94,93,80,42,56,60,71,68,46,5,93,1,3,5,47,29,1,Product_Ready
S00637,93,56,8.87,0,94,93,62,78,21,34,56,90,39,1,54,1,0,5,50,24,0,Not_Placed
S00638,73,58,8.11,0,73,58,36,38,67,54,51,66,66,7,83,6,0,2,36,30,1,Service_Ready
S00639,60,71,9.36,1,69,76,80,58,74,55,56,33,46,2,50,8,1,0,63,5,0,Not_Placed
S00640,65,76,8.78,2,78,53,30,50,30,75,57,40,29,1,27,6,3,3,91,17,0,Not_Placed
S00641,95,67,9.52,0,41,46,83,21,45,88,49,27,57,4,84,2,1,1,91,9,0,Not_Placed
S00642,89,93,8.91,3,99,96,70,24,74,39,43,55,53,1,73,1,2,0,24,26,0,Not_Placed
S00643,72,62,8.66,0,35,32,39,85,66,38,64,56,73,5,33,3,1,2,74,28,0,Not_Placed
S00644,61,57,6.67,2,99,44,79,98,43,34,33,73,97,5,97,0,1,3,81,18,1,Service_Ready
S00645,70,94,6.91,0,92,46,71,82,93,82,36,68,42,1,91,6,0,5,73,21,0,Not_Placed
S00646,76,77,7.8,0,52,65,64,38,34,97,85,58,37,7,89,4,3,3,46,3,0,Not_Placed
S00647,87,70,9.51,0,32,75,85,97,75,47,83,90,83,7,60,6,3,0,23,31,1,Product_Ready
S00648,78,74,8.55,0,26,96,73,27,74,88,63,32,39,5,51,1,2,0,71,5,1,Product_Ready
S00649,75,72,6.3,0,67,71,91,47,35,35,54,36,92,0,71,6,1,3,67,23,1,Service_Ready
S00650,69,55,7.5,1,44,85,92,92,96,89,98,70,72,6,69,6,1,2,57,3,1,Product_Ready
S00651,93,64,7.25,0,58,87,54,70,66,55,83,32,37,4,84,3,1,3,67,22,0,Not_Placed
S00652,97,75,8.5,0,69,70,62,70,88,60,91,30,99,6,71,6,0,5,66,9,1,Service_Ready
S00653,61,56,9.51,3,48,57,52,48,98,42,22,64,27,5,48,1,0,0,69,2,0,Not_Placed
S00654,74,75,6.99,1,25,79,64,63,37,84,44,46,26,3,48,3,2,5,44,32,0,Not_Placed
S00655,63,74,8.88,0,60,85,43,63,79,28,21,75,49,5,94,6,2,0,32,8,0,Not_Placed
S00656,70,87,8.71,2,39,82,31,81,61,88,77,24,46,3,45,3,0,1,40,2,0,Not_Placed
S00657,82,69,7.55,0,44,96,52,91,88,25,42,49,97,5,30,5,2,4,31,3,0,Not_Placed
S00658,89,90,7.95,0,26,34,30,43,86,49,89,85,80,5,60,1,2,3,32,27,0,Not_Placed
S00659,66,72,6.77,2,68,72,75,59,43,91,52,42,96,5,72,0,1,5,99,27,0,Not_Placed
S00660,80,55,6.55,0,40,37,79,32,43,49,21,44,69,5,25,3,2,5,49,31,0,Not_Placed
S00661,95,84,7.55,1,35,97,91,33,50,85,87,84,74,3,97,7,0,3,44,4,1,Product_Ready
S00662,59,92,8.44,1,57,87,26,49,38,54,52,52,97,5,29,8,3,5,57,17,1,Service_Ready
S00663,75,82,9.87,0,34,22,62,66,33,85,48,23,45,2,31,1,0,2,29,23,0,Not_Placed
S00664,95,97,9.52,0,79,63,24,92,37,40,91,93,70,0,43,7,3,0,57,12,1,Service_Ready
S00665,85,72,6.71,0,59,66,60,66,39,96,84,87,43,3,55,1,3,1,42,16,0,Not_Placed
S00666,90,81,7.91,0,54,93,72,57,78,62,23,24,87,3,64,8,1,2,48,23,1,Product_Ready
S00667,68,78,7.25,0,55,58,80,35,78,25,75,27,46,6,46,8,3,5,60,16,0,Not_Placed
S00668,79,76,8.78,2,58,29,93,96,73,48,60,28,82,4,56,4,0,5,22,34,0,Not_Placed
S00669,86,61,5.73,0,66,65,75,76,70,73,47,38,46,7,38,0,2,4,62,6,0,Not_Placed
S00670,84,97,5.97,1,95,61,32,45,37,61,70,35,22,5,98,9,3,1,64,23,0,Not_Placed
S00671,94,77,5.66,0,73,76,42,79,92,74,99,82,75,6,74,8,1,0,82,10,1,Service_Ready
S00672,69,93,6.99,0,28,89,47,64,45,47,59,34,25,2,57,3,2,4,83,31,0,Not_Placed
S00673,72,89,8.12,0,49,57,79,57,34,37,71,48,79,4,36,8,2,1,76,13,0,Not_Placed
S00674,65,74,6.9,0,82,40,42,28,74,38,81,58,95,6,46,1,0,3,69,21,1,Service_Ready
S00675,94,89,6.36,2,64,60,28,28,82,98,96,41,35,7,85,9,1,2,57,9,0,Not_Placed
S00676,90,75,6.72,0,65,67,89,50,52,63,90,27,92,1,36,3,0,4,61,18,1,Service_Ready
S00677,92,89,9.11,0,25,87,70,54,77,76,92,25,32,2,49,3,3,1,77,9,1,Product_Ready
S00678,96,63,8.48,2,98,51,62,97,73,66,33,67,74,4,66,2,2,0,56,29,1,Service_Ready
S00679,78,82,9.43,0,54,87,97,58,27,99,34,26,36,7,83,1,3,5,66,16,1,Product_Ready
S00680,91,70,7.16,0,73,46,50,60,55,66,62,84,69,4,20,7,0,1,47,23,1,Service_Ready
S00681,72,76,9.51,1,69,78,88,53,58,93,26,71,79,3,98,9,3,1,29,18,1,Product_Ready
S00682,68,56,8.7,0,90,67,93,28,42,90,92,46,90,2,26,2,2,3,63,8,1,Service_Ready
S00683,60,79,5.57,0,81,27,64,37,79,79,21,85,33,7,75,6,3,5,23,27,0,Not_Placed
S00684,90,57,6.25,3,67,81,88,38,53,68,99,66,69,0,45,7,1,5,97,26,0,Not_Placed
S00685,90,58,5.55,0,97,84,80,39,93,29,53,80,46,7,84,0,3,0,35,6,1,Product_Ready
S00686,88,77,8.25,0,70,32,43,30,71,36,56,32,81,2,27,7,0,2,89,22,1,Service_Ready
S00687,76,96,8.23,0,48,99,84,36,49,45,72,38,72,4,36,7,0,4,83,20,1,Product_Ready
S00688,61,71,8.14,0,45,21,78,24,56,50,95,67,25,6,34,3,0,3,61,32,0,Not_Placed
S00689,88,83,9.63,0,44,61,65,92,78,40,93,41,48,6,92,4,3,2,20,2,0,Not_Placed
S00690,93,59,5.94,0,89,51,30,29,58,50,31,99,57,2,85,3,0,2,44,23,1,Service_Ready
S00691,91,76,9.77,0,91,83,39,23,37,70,87,39,28,7,45,5,0,3,60,20,0,Not_Placed
S00692,68,75,5.77,2,65,35,33,28,26,33,25,34,71,7,53,7,0,1,88,31,0,Not_Placed
S00693,76,74,6.1,0,21,66,33,50,69,80,60,33,24,2,24,4,0,5,55,16,0,Not_Placed
S00694,73,76,9.77,0,75,36,93,37,64,97,75,99,69,1,37,0,2,3,29,6,1,Service_Ready
S00695,75,57,7.52,0,89,33,23,37,71,57,99,39,63,2,38,7,3,0,85,14,1,Service_Ready
S00696,84,88,9.26,0,67,52,93,38,90,76,38,98,60,1,71,3,3,5,23,6,1,Service_Ready
S00697,95,77,7.37,1,94,74,94,32,33,79,91,44,63,3,29,6,3,1,63,15,1,Product_Ready
S00698,69,70,9.87,0,50,96,39,68,54,42,80,74,86,7,59,6,1,4,25,29,1,Service_Ready
S00699,96,90,5.59,0,28,94,94,68,21,86,30,69,54,1,34,8,3,3,44,12,0,Not_Placed
S00700,73,82,9.67,0,61,53,85,37,96,24,39,85,94,5,51,9,1,5,57,29,1,Service_Ready
S00701,64,76,7.26,2,55,71,55,47,97,77,55,89,28,4,83,9,1,3,50,28,0,Not_Placed
S00702,79,59,9.11,0,27,28,34,26,91,34,56,58,25,2,76,0,1,2,82,32,0,Not_Placed
S00703,65,69,6.13,1,81,22,37,44,39,77,69,98,29,4,48,9,0,1,23,4,0,Not_Placed
S00704,75,56,9.29,0,89,26,38,63,82,84,58,45,63,3,41,5,1,3,57,2,1,Service_Ready
S00705,69,86,6.25,0,52,24,93,55,42,59,24,53,43,0,90,0,3,5,41,16,0,Not_Placed
S00706,91,69,5.91,0,40,85,51,40,87,63,85,33,34,3,53,3,2,0,90,31,0,Not_Placed
S00707,67,81,5.78,0,98,65,75,28,55,22,38,47,42,7,26,8,3,4,33,16,0,Not_Placed
S00708,57,69,6.92,0,27,88,81,70,82,87,97,35,43,5,76,5,2,4,86,12,1,Product_Ready
S00709,57,82,6.82,0,99,29,52,86,88,31,76,63,32,7,63,8,3,4,40,13,0,Not_Placed
S00710,75,75,9.5,0,92,84,95,77,97,25,84,53,75,2,22,9,1,5,25,21,1,Product_Ready
S00711,75,56,6.65,0,29,89,42,49,97,56,74,68,53,0,63,2,1,0,40,17,0,Not_Placed
S00712,74,97,7.16,0,67,98,88,30,98,48,64,87,55,7,34,2,3,1,59,23,1,Product_Ready
S00713,68,71,6.44,0,77,34,84,74,95,29,61,30,35,4,92,2,2,0,72,27,0,Not_Placed
S00714,62,78,9.96,0,49,77,74,92,81,67,23,56,27,0,89,3,0,2,24,25,0,Not_Placed
S00715,72,74,8.29,1,20,65,88,50,89,75,47,35,73,4,31,3,1,1,72,24,0,Not_Placed
S00716,81,71,5.74,0,22,36,80,69,25,47,91,74,77,4,91,2,1,4,42,33,0,Not_Placed
S00717,64,81,8.24,0,78,64,86,70,30,25,86,81,24,0,47,2,3,2,96,22,0,Not_Placed
S00718,81,60,8.18,3,58,90,49,40,20,51,27,88,49,2,27,0,2,3,78,31,0,Not_Placed
S00719,69,90,9.53,0,97,73,67,49,58,32,35,63,90,7,46,6,2,3,26,21,1,Service_Ready
S00720,86,92,8.35,0,77,58,39,69,98,71,41,72,85,7,62,1,2,4,83,10,1,Service_Ready
S00721,61,95,7.35,0,97,51,21,83,33,39,68,27,82,5,40,6,3,4,35,28,1,Service_Ready
S00722,94,95,9.01,0,34,82,72,85,50,80,83,53,74,2,22,0,1,5,65,2,1,Product_Ready
S00723,83,58,8.78,0,69,27,53,78,37,78,46,35,29,7,95,5,3,3,94,21,0,Not_Placed
S00724,55,81,9.76,0,72,80,73,56,84,61,68,23,83,6,70,7,3,3,98,28,1,Product_Ready
S00725,85,93,8.88,0,23,41,22,98,66,57,52,97,67,0,45,7,1,5,29,27,0,Not_Placed
S00726,82,66,6.73,0,54,48,31,63,85,21,78,36,29,1,41,2,1,4,20,25,0,Not_Placed
S00727,90,79,9.18,3,85,38,72,95,93,41,42,34,45,2,39,7,0,1,60,7,0,Not_Placed
S00728,81,90,9.31,0,92,26,60,29,81,45,87,43,97,0,84,0,0,2,26,10,1,Service_Ready
S00729,97,89,8.91,0,98,29,52,65,78,71,25,21,48,6,59,0,0,3,87,30,0,Not_Placed
S00730,91,74,9.14,0,84,83,98,82,67,39,56,83,24,1,58,2,0,5,43,4,0,Not_Placed
S00731,61,79,8.91,0,69,48,93,51,58,28,33,87,83,3,47,1,0,0,58,29,1,Service_Ready
S00732,79,86,7.01,0,36,96,74,29,99,25,67,94,86,3,60,9,3,4,90,29,1,Product_Ready
S00733,92,67,9.23,0,34,94,75,23,71,29,64,48,72,4,42,8,1,4,62,11,1,Product_Ready
S00734,95,66,9.84,0,37,97,41,83,40,20,34,55,66,5,51,9,1,5,52,24,0,Not_Placed
S00735,97,56,9.69,0,48,86,90,55,48,56,64,35,50,1,69,0,1,1,81,16,0,Not_Placed
S00736,71,64,5.88,2,53,70,23,58,43,74,45,44,55,6,93,9,2,3,20,26,0,Not_Placed
S00737,70,59,9.75,0,74,58,28,64,33,74,28,34,56,1,91,4,0,0,38,30,1,Service_Ready
S00738,85,60,9.14,0,22,20,74,34,66,65,77,90,58,3,22,2,1,0,48,15,0,Not_Placed
S00739,89,82,7.76,0,58,88,54,71,33,82,55,43,59,4,72,5,3,0,88,5,1,Service_Ready
S00740,65,72,6.18,0,89,74,72,35,92,53,46,32,46,0,88,2,1,2,49,22,0,Not_Placed
S00741,89,60,9.35,1,81,51,58,83,49,82,50,59,52,6,44,3,3,1,58,14,1,Service_Ready
S00742,64,77,6.75,0,47,35,35,37,27,99,94,89,20,5,95,8,1,3,64,18,0,Not_Placed
S00743,55,86,9.2,0,82,93,93,55,76,93,64,98,99,1,87,4,1,4,29,28,1,Service_Ready
S00744,95,69,7.21,0,79,77,60,65,64,45,70,55,71,0,70,2,0,5,68,14,1,Service_Ready
S00745,95,81,6.55,2,69,33,78,22,59,85,53,28,40,4,44,5,1,3,44,10,0,Not_Placed
S00746,93,80,6.76,0,95,43,45,39,28,48,50,38,39,6,46,4,3,2,90,23,0,Not_Placed
S00747,64,77,6.17,0,23,75,42,53,36,47,33,53,94,0,96,0,0,1,56,5,0,Not_Placed
S00748,66,80,8.89,1,93,71,37,72,82,72,46,50,20,5,30,1,2,3,82,22,0,Not_Placed
S00749,75,72,7.52,0,48,44,75,96,82,46,79,68,84,5,71,0,3,0,40,23,0,Not_Placed
S00750,69,93,6.6,0,87,64,51,23,84,90,92,84,99,1,73,5,1,0,87,24,1,Service_Ready
S00751,97,97,6.62,0,99,54,36,37,46,34,88,99,34,1,53,2,3,1,24,27,0,Not_Placed
S00752,76,77,6.83,0,39,76,43,52,39,79,67,83,49,3,92,0,0,3,33,20,0,Not_Placed
S00753,61,57,7.52,1,30,21,87,36,59,65,23,57,82,4,38,7,3,2,89,24,0,Not_Placed
S00754,93,62,9.17,0,50,67,80,71,57,55,74,32,56,6,90,6,1,1,49,19,1,Service_Ready
S00755,96,72,9.64,0,45,90,26,88,84,65,37,32,44,7,27,9,3,0,98,16,0,Not_Placed
S00756,94,74,5.64,2,82,27,51,64,71,98,32,43,59,5,94,5,1,0,80,2,0,Not_Placed
S00757,79,56,9.14,2,51,75,43,23,42,48,40,49,39,7,86,0,0,1,63,26,0,Not_Placed
S00758,77,55,9.49,0,71,77,60,63,23,96,87,26,65,2,28,6,0,0,23,2,1,Service_Ready
S00759,96,88,8.2,0,83,44,74,28,36,40,79,32,22,3,23,6,1,2,43,11,0,Not_Placed
S00760,91,67,5.93,0,38,70,38,95,71,66,49,65,95,4,40,4,3,5,77,19,0,Not_Placed
S00761,81,91,9.99,0,53,80,72,44,81,23,32,61,68,5,75,7,2,1,54,26,1,Product_Ready
S00762,71,86,5.85,0,88,61,50,93,45,95,51,71,39,6,59,7,0,5,67,30,0,Not_Placed
S00763,97,70,6.03,1,22,87,24,29,71,48,50,85,95,2,88,4,2,0,87,22,0,Not_Placed
S00764,78,85,7.4,0,72,93,68,85,82,44,23,70,30,0,85,5,0,4,48,22,0,Not_Placed
S00765,63,82,6.14,0,39,46,27,80,47,89,22,88,92,6,79,3,2,4,30,16,0,Not_Placed
S00766,88,67,7.33,0,25,75,83,69,49,41,44,47,58,2,24,0,2,1,86,6,1,Product_Ready
S00767,85,67,9.82,0,98,45,37,67,28,20,28,42,64,1,21,5,3,1,35,30,1,Service_Ready
S00768,65,60,5.77,0,94,86,50,52,20,63,34,56,46,5,67,2,1,1,26,33,0,Not_Placed
S00769,93,86,9.07,0,65,51,62,22,93,82,59,37,86,6,81,9,3,0,65,12,1,Service_Ready
S00770,87,90,6.06,0,45,88,54,85,92,70,37,62,31,2,26,0,1,1,64,23,0,Not_Placed
S00771,93,63,7.32,1,81,92,96,59,73,26,36,69,43,1,52,4,0,1,72,10,0,Not_Placed
S00772,92,60,8.98,0,54,72,38,88,44,30,93,36,55,1,40,1,3,1,20,15,1,Service_Ready
S00773,62,56,6.86,1,55,81,20,61,20,73,66,58,49,6,41,8,1,4,93,9,0,Not_Placed
S00774,81,64,9.05,1,94,25,40,81,38,81,72,43,75,5,53,5,3,0,29,3,1,Service_Ready
S00775,62,87,6.01,0,81,47,29,64,84,86,28,24,29,3,77,4,0,0,22,6,0,Not_Placed
S00776,79,62,6.08,0,40,26,26,46,27,92,47,98,85,6,66,1,1,1,29,34,0,Not_Placed
S00777,61,57,6.61,1,55,32,35,99,24,57,69,57,75,6,67,8,1,2,96,27,1,Service_Ready
S00778,55,62,7.99,1,72,77,56,68,86,38,20,48,52,6,71,8,2,4,90,7,1,Service_Ready
S00779,76,67,6.9,0,83,56,50,56,64,27,59,24,47,4,28,1,2,2,50,8,0,Not_Placed
S00780,84,57,7.85,1,29,80,69,66,20,76,57,81,98,0,89,1,0,5,75,4,0,Not_Placed
S00781,71,62,7.6,0,81,60,31,73,30,79,87,97,65,5,80,0,1,3,93,8,1,Service_Ready
S00782,90,70,9.35,2,23,48,75,25,20,58,20,82,76,2,84,0,2,4,49,33,0,Not_Placed
S00783,87,76,6.92,0,74,63,31,98,93,71,95,84,84,1,37,1,0,5,45,27,1,Service_Ready
S00784,63,75,9.82,0,25,33,52,90,43,92,94,70,21,6,54,3,3,5,58,5,0,Not_Placed
S00785,64,60,6.82,0,93,86,34,36,37,38,95,88,43,2,67,5,2,3,46,21,0,Not_Placed
S00786,95,86,6.28,0,27,41,26,41,65,49,35,98,24,2,42,9,0,1,44,9,0,Not_Placed
S00787,85,75,6.13,0,91,87,83,38,72,71,66,73,63,0,26,2,3,0,82,20,1,Service_Ready
S00788,85,67,8.47,0,84,52,78,52,51,78,60,31,92,1,30,0,2,5,76,8,1,Service_Ready
S00789,85,56,9.15,1,27,94,39,39,28,91,34,82,40,4,54,4,3,0,67,17,0,Not_Placed
S00790,85,80,5.79,0,40,99,58,53,34,25,85,75,68,3,20,0,3,3,39,9,0,Not_Placed
S00791,55,80,9.82,0,93,95,60,90,83,80,31,88,33,1,67,0,2,0,78,16,0,Not_Placed
S00792,73,96,6.48,3,88,71,31,66,95,55,82,95,70,7,62,1,3,0,68,19,0,Not_Placed
S00793,83,59,6.18,0,78,57,52,29,56,30,43,90,40,3,29,8,2,3,66,16,0,Not_Placed
S00794,94,94,6.32,0,85,95,23,42,32,50,35,60,20,6,31,4,2,1,39,3,0,Not_Placed
S00795,90,69,7.61,0,69,78,39,55,34,81,22,24,75,6,54,5,2,5,45,2,1,Service_Ready
S00796,73,61,7.98,0,44,78,80,48,37,60,38,23,84,0,34,5,3,1,41,19,0,Not_Placed
S00797,70,56,5.79,0,49,74,85,45,76,88,21,75,81,1,75,6,3,1,44,21,0,Not_Placed
S00798,79,68,8.94,1,81,95,88,82,21,73,35,74,62,4,57,2,1,2,49,12,1,Product_Ready
S00799,68,77,7.61,3,74,74,23,73,80,97,24,37,63,6,40,6,0,3,88,11,0,Not_Placed
S00800,81,70,7.32,0,64,64,98,64,74,78,24,51,25,5,45,4,0,4,88,26,0,Not_Placed
S00801,67,78,5.59,0,79,92,40,80,98,45,73,61,30,4,30,2,1,5,80,24,0,Not_Placed
S00802,55,57,9.03,0,49,77,73,88,34,57,97,33,76,2,27,7,2,4,60,12,1,Product_Ready
S00803,67,81,8.07,0,70,56,28,71,73,22,88,27,33,7,22,7,0,2,48,9,0,Not_Placed
S00804,96,85,7.24,0,76,26,67,99,79,52,22,23,23,1,28,7,2,0,36,34,0,Not_Placed
S00805,74,68,9.0,0,22,27,29,48,59,84,40,43,92,3,45,8,3,2,55,10,0,Not_Placed
S00806,76,55,8.2,0,91,32,62,56,93,44,40,60,92,1,61,1,3,4,33,14,1,Service_Ready
S00807,75,78,5.88,0,83,45,51,76,72,52,71,37,54,3,70,8,0,1,71,4,1,Service_Ready
S00808,93,62,7.46,0,41,89,80,62,68,48,50,72,53,7,57,8,0,3,21,13,1,Product_Ready
S00809,89,60,6.18,1,80,54,67,34,90,34,25,87,41,7,41,2,1,3,28,10,0,Not_Placed
S00810,69,74,7.26,0,38,35,94,27,52,93,37,54,62,1,22,7,2,2,47,7,0,Not_Placed
S00811,68,61,8.48,0,70,48,34,95,44,80,60,88,23,3,76,2,0,2,69,18,0,Not_Placed
S00812,64,56,6.48,0,51,38,85,79,85,34,54,88,46,7,26,5,1,4,52,18,0,Not_Placed
S00813,96,84,5.91,1,89,87,20,98,71,54,88,24,36,4,71,9,0,1,20,30,0,Not_Placed
S00814,90,91,7.39,0,71,31,71,20,26,36,62,90,36,2,22,5,1,5,69,6,0,Not_Placed
S00815,84,77,6.43,0,66,40,39,42,87,40,40,20,34,0,70,2,1,3,53,7,0,Not_Placed
S00816,60,59,7.71,0,20,32,62,46,90,22,77,36,64,5,77,7,1,2,48,28,0,Not_Placed
S00817,92,94,8.25,0,55,80,56,86,55,24,65,98,71,0,25,9,1,0,63,16,1,Service_Ready
S00818,76,60,8.2,0,63,63,71,86,47,86,97,37,46,2,79,9,0,2,92,5,0,Not_Placed
S00819,69,62,6.75,2,72,50,37,31,67,49,26,22,82,5,34,6,2,5,37,23,0,Not_Placed
S00820,80,81,7.85,1,40,62,40,22,50,46,46,92,76,0,52,9,3,3,62,32,0,Not_Placed
S00821,55,74,8.5,0,99,23,91,98,47,92,21,36,77,6,93,8,2,1,81,20,1,Service_Ready
S00822,71,97,8.03,0,47,69,84,22,98,71,29,40,56,6,97,9,3,0,63,6,0,Not_Placed
S00823,79,96,9.16,1,71,95,28,29,29,92,81,79,38,2,57,5,2,4,66,6,0,Not_Placed
S00824,68,56,6.62,0,65,38,66,71,43,36,65,83,47,1,83,5,3,2,24,9,0,Not_Placed
S00825,92,82,8.67,1,44,63,34,70,72,53,96,27,96,3,89,5,3,4,26,27,0,Not_Placed
S00826,69,96,8.06,0,98,72,35,56,37,39,65,21,82,2,65,6,2,0,20,23,1,Service_Ready
S00827,83,68,6.08,0,25,84,40,23,22,49,50,53,39,6,73,7,1,0,34,24,0,Not_Placed
S00828,56,69,6.9,1,33,33,52,71,20,53,38,43,23,3,96,9,3,0,99,4,0,Not_Placed
S00829,74,64,6.37,0,41,86,94,67,27,92,34,51,72,2,23,4,0,0,38,23,1,Product_Ready
S00830,74,91,8.12,1,39,30,63,83,53,84,74,93,20,7,57,6,0,0,90,18,0,Not_Placed
S00831,89,91,7.5,0,52,23,94,71,28,83,49,27,24,3,82,0,2,0,57,27,0,Not_Placed
S00832,94,57,8.11,0,79,58,55,40,60,67,45,82,96,3,43,8,1,4,37,16,1,Service_Ready
S00833,69,60,8.02,2,48,40,77,79,69,50,66,53,21,1,86,7,3,3,38,27,0,Not_Placed
S00834,82,69,6.84,1,33,22,69,73,25,68,42,97,97,3,96,2,0,4,75,3,0,Not_Placed
S00835,95,94,9.9,0,87,85,73,72,98,68,51,80,61,0,82,5,2,2,90,14,1,Service_Ready
S00836,55,68,7.87,0,43,84,67,29,32,92,33,29,59,6,74,6,1,2,85,16,0,Not_Placed
S00837,63,71,7.13,0,98,37,43,42,31,42,40,83,91,5,53,1,0,0,87,7,1,Service_Ready
S00838,77,73,9.48,0,32,84,25,90,46,98,71,67,98,2,87,4,0,5,29,28,0,Not_Placed
S00839,96,60,6.06,2,87,76,75,26,70,77,83,45,77,6,85,9,0,1,94,14,1,Service_Ready
S00840,78,83,8.8,1,38,74,96,88,63,97,57,81,41,0,59,9,0,4,24,30,0,Not_Placed
S00841,76,57,7.27,3,33,94,92,57,83,63,89,84,44,7,34,1,0,2,86,18,0,Not_Placed
S00842,92,55,7.75,0,38,71,49,74,33,32,46,28,60,7,31,9,1,1,53,20,0,Not_Placed
S00843,60,56,8.93,0,91,29,29,29,92,47,43,38,87,7,86,9,3,1,42,21,1,Service_Ready
S00844,60,88,6.16,0,61,53,59,36,48,69,95,68,92,4,65,0,1,4,73,17,1,Service_Ready
S00845,71,81,7.78,0,57,73,95,34,69,75,28,27,38,2,91,1,0,3,50,4,1,Product_Ready
S00846,89,73,6.34,0,65,49,51,92,66,82,45,22,42,2,93,1,3,3,32,30,0,Not_Placed
S00847,92,67,7.19,0,39,97,33,27,67,32,43,98,84,5,53,1,2,2,97,9,0,Not_Placed
S00848,70,96,5.92,0,75,57,80,66,73,65,87,23,85,4,62,3,0,4,23,2,1,Service_Ready
S00849,80,56,6.07,0,37,67,61,60,94,77,61,54,57,2,60,2,1,5,91,16,0,Not_Placed
S00850,61,73,7.79,1,96,75,60,61,25,88,94,92,59,0,28,7,3,1,86,14,1,Service_Ready
S00851,73,88,6.39,0,97,49,85,96,78,72,71,50,34,0,39,4,2,1,75,12,0,Not_Placed
S00852,86,81,7.65,0,69,21,87,96,43,67,64,77,55,1,37,0,3,1,34,18,1,Service_Ready
S00853,77,56,9.16,2,68,83,53,37,83,93,63,36,78,4,71,9,2,4,85,32,1,Service_Ready
S00854,77,61,6.54,1,95,38,28,93,36,69,58,60,29,3,98,3,3,0,66,18,0,Not_Placed
S00855,93,92,6.33,1,45,55,88,20,72,25,56,21,88,1,60,2,0,4,95,6,0,Not_Placed
S00856,56,58,8.72,0,29,32,21,34,65,76,29,41,98,4,27,4,0,5,64,28,0,Not_Placed
S00857,94,76,9.35,0,54,61,24,46,89,81,51,27,37,5,34,9,1,4,63,33,0,Not_Placed
S00858,93,82,6.64,0,96,98,37,89,30,51,39,59,27,2,54,4,1,2,97,22,0,Not_Placed
S00859,78,71,6.44,0,23,53,65,94,96,50,44,93,43,0,44,3,1,5,85,4,0,Not_Placed
S00860,62,85,5.54,0,97,86,67,84,63,82,65,38,83,2,92,6,1,4,69,8,1,Service_Ready
S00861,63,58,7.19,2,40,34,86,85,75,87,51,85,48,1,53,5,2,3,55,20,0,Not_Placed
S00862,81,74,8.79,0,46,91,38,60,45,47,83,87,99,2,93,5,3,1,92,20,0,Not_Placed
S00863,73,66,9.96,0,61,58,49,24,37,40,69,25,69,7,85,2,0,0,49,24,1,Service_Ready
S00864,55,73,9.55,0,36,98,41,46,74,51,79,47,47,7,93,3,0,4,97,23,0,Not_Placed
S00865,80,65,9.16,2,26,75,83,39,57,94,77,35,70,6,46,2,2,3,95,4,0,Not_Placed
S00866,56,92,8.52,0,97,21,84,39,53,60,60,94,42,5,63,2,1,3,49,32,0,Not_Placed
S00867,77,55,7.56,0,94,23,29,70,57,20,27,82,52,6,50,4,2,5,85,17,1,Service_Ready
S00868,75,66,7.7,0,68,40,79,71,73,58,68,83,45,6,26,7,1,1,43,13,0,Not_Placed
S00869,62,63,6.04,0,67,66,87,82,35,93,24,30,48,4,98,5,3,2,53,3,0,Not_Placed
S00870,70,73,7.84,0,47,67,56,93,68,67,92,48,79,4,77,6,2,2,26,5,0,Not_Placed
S00871,68,96,7.62,1,45,42,92,27,72,33,90,26,28,2,97,0,1,3,65,27,0,Not_Placed
S00872,82,68,7.54,0,94,53,38,58,32,24,69,42,48,7,91,9,2,0,20,29,0,Not_Placed
S00873,68,96,7.63,0,68,24,50,56,98,34,71,88,30,2,89,6,3,1,98,24,0,Not_Placed
S00874,76,63,7.72,2,78,66,49,28,84,78,83,27,71,1,77,0,3,4,67,22,1,Service_Ready
S00875,86,85,6.49,0,65,97,80,65,70,81,54,61,64,5,87,7,1,2,53,24,1,Product_Ready
S00876,85,91,8.56,2,26,61,57,71,63,83,32,47,20,2,61,1,1,3,20,17,0,Not_Placed
S00877,93,69,5.56,0,36,25,50,88,59,49,88,95,26,4,32,0,3,1,22,13,0,Not_Placed
S00878,55,81,6.68,0,91,51,70,36,53,54,43,73,37,1,65,6,0,0,46,2,0,Not_Placed
S00879,75,64,9.27,2,76,85,34,47,32,33,85,53,44,7,73,8,1,5,72,9,0,Not_Placed
S00880,57,56,6.91,0,35,50,77,47,23,29,70,37,66,7,49,3,0,3,48,17,0,Not_Placed
S00881,82,75,8.2,0,78,47,74,50,52,79,60,65,68,0,61,6,3,2,51,20,1,Service_Ready
S00882,78,57,6.08,0,36,51,26,90,88,77,59,67,70,0,90,4,2,2,93,22,0,Not_Placed
S00883,95,87,6.45,0,53,81,38,62,88,82,29,32,24,1,77,5,3,4,20,2,0,Not_Placed
S00884,65,97,8.53,2,79,63,25,47,50,27,24,73,36,5,28,9,3,5,33,27,0,Not_Placed
S00885,83,81,8.76,1,99,52,22,30,77,83,37,66,63,4,78,1,0,4,86,3,1,Service_Ready
S00886,79,73,9.35,0,81,73,64,68,88,57,23,36,72,4,72,5,2,1,34,11,1,Service_Ready
S00887,92,86,9.84,0,47,50,89,33,35,44,58,85,57,0,59,8,3,0,96,28,0,Not_Placed
S00888,88,65,7.11,0,37,97,32,51,90,91,69,90,99,2,50,2,2,3,52,30,0,Not_Placed
S00889,62,87,9.63,0,60,61,42,94,52,39,44,71,31,7,52,9,3,2,25,28,0,Not_Placed
S00890,59,59,5.62,1,53,82,87,37,45,80,97,93,67,7,50,1,2,0,26,20,1,Product_Ready
S00891,61,62,6.04,0,22,72,57,70,34,86,83,87,24,1,29,7,3,5,78,4,0,Not_Placed
S00892,81,77,6.41,0,96,95,37,40,20,57,60,61,28,6,97,6,2,1,49,6,0,Not_Placed
S00893,59,73,6.48,0,80,42,65,49,86,52,22,88,61,5,77,8,3,0,92,6,1,Service_Ready
S00894,96,88,6.11,0,48,44,73,92,86,34,23,57,39,0,42,4,1,0,56,34,0,Not_Placed
S00895,87,61,6.51,1,34,40,36,75,69,26,69,79,26,7,64,1,3,2,74,2,0,Not_Placed
S00896,86,94,6.74,1,98,40,69,71,28,39,37,49,84,7,66,2,1,1,63,30,1,Service_Ready
S00897,67,58,5.99,0,24,69,59,65,70,30,31,32,83,7,84,8,3,1,97,14,0,Not_Placed
S00898,56,58,6.2,0,87,25,24,22,29,62,38,33,40,3,62,4,3,5,57,18,0,Not_Placed
S00899,76,73,8.87,0,30,80,57,85,52,62,50,54,56,6,42,3,3,1,34,5,0,Not_Placed
S00900,76,71,7.84,0,36,91,99,99,57,43,25,87,25,1,60,5,1,2,62,16,0,Not_Placed
S00901,80,95,9.67,0,70,43,77,92,23,29,82,92,34,2,82,2,0,3,75,22,0,Not_Placed
S00902,88,71,9.54,0,84,62,76,29,56,67,88,75,95,3,50,6,1,2,92,27,1,Service_Ready
S00903,69,70,6.94,0,75,26,76,74,71,23,62,59,49,1,26,3,2,3,39,33,0,Not_Placed
S00904,93,80,7.7,1,62,95,52,97,64,64,34,36,31,5,41,6,2,1,97,13,0,Not_Placed
S00905,58,67,5.61,0,47,63,38,65,22,39,44,94,75,0,80,0,2,2,97,20,0,Not_Placed
S00906,57,88,5.54,0,46,40,60,50,46,56,85,73,28,2,61,3,1,2,59,8,0,Not_Placed
S00907,58,69,9.76,1,92,54,91,90,87,77,96,38,81,6,29,8,3,1,77,26,1,Service_Ready
S00908,83,66,9.18,2,89,29,85,44,90,30,55,68,67,2,26,2,0,1,41,14,0,Not_Placed
S00909,66,61,8.64,0,33,83,62,77,60,87,58,20,60,4,98,0,0,0,82,24,0,Not_Placed
S00910,93,77,5.79,1,93,84,88,86,68,69,77,72,76,5,37,1,2,4,64,17,1,Product_Ready
S00911,62,97,6.33,0,50,95,28,92,67,37,30,81,38,3,93,7,0,4,65,30,0,Not_Placed
S00912,90,61,9.94,1,67,96,43,73,20,98,86,25,97,6,57,0,3,5,27,27,1,Service_Ready
S00913,69,68,6.36,3,75,29,71,69,53,55,80,35,98,1,90,5,3,2,59,2,0,Not_Placed
S00914,89,59,8.12,0,77,82,92,68,55,73,66,51,72,6,51,4,3,2,57,31,1,Product_Ready
S00915,86,56,9.03,0,56,92,68,38,74,59,26,24,61,7,67,8,2,2,92,31,1,Service_Ready
S00916,95,57,6.87,0,51,67,90,90,39,54,43,59,96,3,58,3,0,3,84,18,1,Service_Ready
S00917,56,60,6.43,0,62,59,58,47,99,82,83,31,60,3,48,6,0,4,70,27,1,Service_Ready
S00918,91,76,8.34,0,34,96,65,80,80,70,57,31,96,7,85,5,2,3,58,15,0,Not_Placed
S00919,84,95,7.09,0,50,44,87,70,32,82,61,73,86,7,75,6,2,5,34,33,1,Service_Ready
S00920,75,55,7.63,3,31,85,24,28,39,82,91,92,90,5,35,4,0,4,66,23,0,Not_Placed
S00921,68,73,9.97,0,89,79,77,22,53,64,69,21,34,4,34,4,3,0,71,24,1,Product_Ready
S00922,89,91,7.32,0,44,56,59,65,79,38,28,88,24,0,45,2,1,3,67,17,0,Not_Placed
S00923,61,72,9.56,0,22,44,27,84,81,26,26,27,38,0,30,8,0,2,60,3,0,Not_Placed
S00924,58,82,7.73,0,24,41,56,30,63,72,96,80,86,4,30,4,3,4,26,18,0,Not_Placed
S00925,68,87,8.37,0,28,96,56,49,60,64,66,26,33,5,67,5,1,2,65,7,0,Not_Placed
S00926,62,78,8.04,2,53,28,82,95,29,29,69,63,67,6,25,7,0,4,77,31,0,Not_Placed
S00927,88,72,9.93,1,25,84,99,79,87,48,57,41,27,6,32,1,1,4,81,15,1,Product_Ready
S00928,65,93,7.39,1,36,70,33,76,25,76,23,30,93,6,30,2,2,3,78,22,0,Not_Placed
S00929,55,83,6.34,0,76,99,92,36,78,50,83,67,42,5,49,6,2,1,94,13,1,Product_Ready
S00930,81,66,5.8,1,48,54,79,48,50,96,95,80,21,0,91,8,0,2,59,33,0,Not_Placed
S00931,92,82,8.5,0,73,95,32,58,42,33,36,43,77,6,53,2,3,5,29,9,1,Service_Ready
S00932,75,91,7.72,0,49,50,24,51,35,92,41,83,63,7,56,3,2,3,34,27,0,Not_Placed
S00933,63,55,9.94,0,89,93,52,99,25,50,85,37,47,3,87,0,2,1,99,3,0,Not_Placed
S00934,90,55,9.43,0,20,94,93,33,97,90,42,62,41,3,46,7,1,2,38,8,1,Product_Ready
S00935,66,57,9.13,0,97,80,90,26,69,65,91,95,93,6,33,8,1,5,88,2,1,Product_Ready
S00936,55,74,7.62,0,86,89,81,64,30,91,93,53,65,4,51,1,3,4,82,30,1,Product_Ready
S00937,88,70,8.24,0,71,65,44,42,53,86,53,51,48,0,85,8,2,5,88,9,0,Not_Placed
S00938,86,72,5.96,0,35,40,29,23,63,27,74,38,83,7,70,8,1,0,63,16,0,Not_Placed
S00939,58,60,6.13,1,42,96,66,36,76,73,71,41,58,2,32,1,1,3,33,10,0,Not_Placed
S00940,64,61,8.56,3,47,21,36,78,71,23,96,22,56,0,43,7,2,1,52,13,0,Not_Placed
S00941,76,67,7.92,0,88,78,28,96,79,82,71,42,49,2,87,4,2,0,26,17,0,Not_Placed
S00942,77,77,6.51,0,84,78,47,37,96,29,26,56,64,5,35,7,3,5,33,12,1,Service_Ready
S00943,73,77,6.58,0,58,63,47,59,35,69,47,87,79,3,35,4,1,0,55,21,1,Service_Ready
S00944,80,80,9.51,0,68,21,72,26,96,39,49,94,86,2,85,2,3,0,71,8,1,Service_Ready
S00945,59,88,8.57,1,35,86,78,66,67,83,69,60,91,5,73,4,0,4,97,29,1,Product_Ready
S00946,85,71,6.78,0,67,72,29,37,99,68,90,49,38,6,79,6,3,0,40,27,0,Not_Placed
S00947,82,93,8.98,0,39,39,93,31,44,44,23,23,28,6,45,9,3,3,71,33,0,Not_Placed
S00948,63,68,7.61,0,49,35,31,93,85,37,32,43,31,3,79,5,3,0,62,34,0,Not_Placed
S00949,58,92,5.65,0,98,90,90,48,42,53,34,72,36,7,80,8,0,3,56,8,1,Product_Ready
S00950,62,77,7.8,0,93,99,94,48,44,77,33,97,85,5,96,2,1,1,73,22,1,Product_Ready
S00951,73,70,8.92,0,34,83,84,35,39,83,52,88,88,1,58,3,1,0,87,24,0,Not_Placed
S00952,75,75,9.43,0,95,97,69,31,75,34,59,60,88,4,25,6,2,4,52,22,1,Service_Ready
S00953,74,55,9.5,1,27,83,47,32,32,57,44,81,42,5,40,5,2,5,94,5,0,Not_Placed
S00954,87,66,6.27,0,43,26,91,20,22,47,62,65,20,5,54,9,3,1,73,25,0,Not_Placed
S00955,82,76,8.86,0,81,62,97,51,86,76,84,88,68,0,38,3,2,5,34,34,1,Service_Ready
S00956,78,81,9.24,0,52,60,75,48,50,84,37,25,71,7,84,9,1,3,51,11,1,Service_Ready
S00957,97,59,8.4,2,87,93,27,68,43,52,38,21,74,2,36,9,0,2,54,22,1,Service_Ready
S00958,79,93,7.61,0,62,25,74,40,70,65,54,27,87,2,35,2,2,1,20,2,1,Service_Ready
S00959,92,61,5.91,0,37,51,64,52,93,92,68,52,90,3,47,6,0,3,99,11,0,Not_Placed
S00960,68,93,5.69,0,35,56,60,44,27,37,87,67,89,2,37,7,1,2,25,27,0,Not_Placed
S00961,75,78,7.71,0,24,83,90,46,98,64,54,45,42,4,22,1,3,3,55,7,1,Product_Ready
S00962,65,92,5.81,0,65,48,79,73,88,93,93,28,96,1,94,3,1,5,71,34,1,Service_Ready
S00963,62,86,6.7,3,33,27,90,96,73,40,94,33,94,1,80,0,1,0,67,28,0,Not_Placed
S00964,62,71,8.7,1,37,45,56,89,60,98,61,95,60,6,33,0,0,0,74,30,0,Not_Placed
S00965,85,62,8.8,0,64,37,64,38,96,87,69,44,57,2,55,3,3,1,77,17,1,Service_Ready
S00966,59,77,5.86,0,64,38,26,77,85,99,58,37,20,6,22,4,1,3,49,12,0,Not_Placed
S00967,76,79,9.51,0,64,55,91,83,73,87,69,50,48,2,55,8,0,4,86,26,0,Not_Placed
S00968,79,66,9.59,0,30,45,72,33,83,99,29,50,55,1,45,3,0,3,81,10,0,Not_Placed
S00969,69,63,9.82,0,79,97,35,48,51,54,62,72,39,2,27,9,2,1,96,7,0,Not_Placed
S00970,70,59,9.52,0,25,52,98,34,33,58,82,24,71,7,57,4,2,4,72,28,0,Not_Placed
S00971,69,63,8.05,0,24,81,24,29,99,82,44,63,44,5,33,5,2,3,38,21,0,Not_Placed
S00972,89,76,7.13,1,43,89,36,47,69,74,92,29,40,1,53,0,1,5,80,2,0,Not_Placed
S00973,75,77,9.88,0,40,41,73,23,84,70,93,82,34,3,55,3,1,4,48,28,0,Not_Placed
S00974,79,70,7.65,0,84,88,39,88,55,77,67,21,99,4,35,2,2,5,23,5,1,Service_Ready
S00975,79,87,7.21,0,47,26,55,29,55,37,25,26,31,0,82,1,0,0,72,34,0,Not_Placed
S00976,77,63,7.6,0,28,86,35,74,59,45,57,54,87,2,33,4,3,1,70,20,0,Not_Placed
S00977,56,55,5.85,0,63,43,49,89,57,42,93,76,98,3,42,7,3,0,20,9,1,Service_Ready
S00978,57,68,6.69,0,88,70,48,67,98,98,35,76,29,2,86,3,3,2,52,29,0,Not_Placed
S00979,86,70,8.13,2,68,95,41,67,40,52,75,48,72,7,93,1,2,3,32,28,0,Not_Placed
S00980,64,86,9.03,0,46,74,86,52,21,94,65,93,52,1,26,9,2,5,46,8,0,Not_Placed
S00981,55,64,9.47,0,27,22,74,34,55,25,61,69,37,5,69,6,3,3,78,13,0,Not_Placed
S00982,78,58,9.39,0,68,86,96,28,40,91,35,35,47,2,75,8,1,3,65,15,1,Product_Ready
S00983,92,74,9.23,0,78,86,93,85,46,51,75,29,59,0,77,5,0,5,58,19,1,Service_Ready
S00984,63,62,5.6,0,23,39,47,59,84,63,42,76,66,4,35,9,2,1,84,18,0,Not_Placed
S00985,70,91,5.75,1,57,63,93,73,70,71,89,78,32,0,31,1,3,0,69,3,0,Not_Placed
S00986,62,96,6.32,0,82,91,22,92,32,28,71,81,27,6,64,4,0,0,76,20,0,Not_Placed
S00987,57,84,8.48,1,37,31,68,42,81,30,92,75,74,0,28,0,1,3,27,11,0,Not_Placed
S00988,79,90,6.81,3,79,91,86,72,36,72,47,82,34,2,89,6,3,0,39,12,0,Not_Placed
S00989,56,76,6.18,0,26,89,41,93,65,59,80,65,47,6,54,0,0,0,28,23,0,Not_Placed
S00990,56,70,9.14,0,32,38,98,52,93,84,79,31,62,4,36,3,0,3,96,6,0,Not_Placed
S00991,60,88,9.09,0,73,65,29,23,86,44,97,80,57,7,42,7,0,2,32,25,1,Service_Ready
S00992,55,66,7.58,0,97,37,61,60,89,52,96,73,55,0,75,3,0,1,63,3,1,Service_Ready
S00993,89,68,8.69,0,21,38,99,20,21,46,21,70,29,2,99,1,3,1,64,26,0,Not_Placed
S00994,93,75,8.73,0,60,89,68,63,54,24,90,93,93,2,76,9,3,3,29,21,1,Service_Ready
S00995,67,65,7.02,0,75,64,79,87,76,73,56,56,33,6,63,5,2,1,20,24,0,Not_Placed
S00996,82,58,9.54,0,80,68,66,58,25,72,95,44,84,4,84,7,2,2,92,6,1,Service_Ready
S00997,58,83,7.12,0,84,22,41,91,75,37,44,67,50,5,99,1,0,1,90,10,1,Service_Ready
S00998,71,63,9.6,1,94,27,44,85,29,43,99,78,50,2,25,5,3,4,78,4,1,Service_Ready
S00999,95,89,7.97,1,53,95,89,30,46,67,43,37,46,5,74,7,0,4,78,34,1,Product_Ready
S01000,72,57,5.98,2,62,27,88,71,92,66,47,65,23,7,27,3,0,0,53,21,0,Not_Placed
S01001,70,64,8.82,0,49,44,76,82,90,66,22,65,55,1,29,1,1,2,29,16,0,Not_Placed
S01002,91,76,5.68,1,21,64,81,33,93,34,33,50,48,2,28,3,2,1,98,25,0,Not_Placed
S01003,70,90,8.28,0,38,86,55,79,55,30,70,99,74,5,36,9,3,0,67,21,0,Not_Placed
S01004,76,60,6.31,0,24,24,39,73,74,77,98,49,43,6,92,2,1,3,67,8,0,Not_Placed
S01005,76,68,9.99,0,29,90,46,98,47,28,90,99,45,2,27,1,2,0,71,33,0,Not_Placed
S01006,83,57,8.27,1,81,68,39,48,36,93,41,25,81,2,50,6,3,3,82,17,1,Service_Ready
S01007,79,76,6.56,0,37,64,99,87,31,68,52,82,37,5,46,9,2,5,44,25,0,Not_Placed
S01008,92,77,5.88,0,73,55,88,58,89,23,93,84,59,6,56,2,2,2,96,28,1,Service_Ready
S01009,74,67,6.95,0,22,29,84,68,77,96,97,21,85,6,50,3,1,2,56,10,0,Not_Placed
S01010,78,67,5.61,0,93,70,61,97,59,67,23,79,58,4,25,5,1,5,31,28,1,Service_Ready
S01011,80,66,9.58,0,45,27,64,38,36,84,48,33,36,4,82,0,0,4,65,25,0,Not_Placed
S01012,68,91,8.82,0,49,79,92,47,45,37,55,27,37,3,77,0,3,1,90,2,1,Product_Ready
S01013,82,87,9.81,0,55,47,22,25,64,42,26,80,84,5,43,4,0,2,64,30,1,Service_Ready
S01014,91,86,9.92,0,44,64,31,23,86,36,92,84,72,3,76,8,1,2,47,17,0,Not_Placed
S01015,75,67,6.0,0,57,89,57,73,79,96,96,66,31,4,52,8,2,1,45,3,0,Not_Placed
S01016,58,82,5.77,0,66,21,61,53,40,63,21,78,35,3,45,5,0,3,42,9,0,Not_Placed
S01017,60,91,9.26,0,51,36,57,36,56,42,68,80,68,4,96,5,2,5,25,15,1,Service_Ready
S01018,70,57,5.83,0,61,61,42,22,20,86,90,22,68,2,74,3,2,1,97,32,1,Service_Ready
S01019,56,85,5.78,0,65,77,80,65,20,44,80,33,64,4,58,1,3,1,75,7,1,Product_Ready
S01020,79,57,7.77,0,57,22,24,43,73,53,58,67,68,1,99,3,2,1,89,29,1,Service_Ready
S01021,93,88,6.18,0,87,33,88,27,34,78,30,39,74,3,33,9,1,0,99,19,1,Service_Ready
S01022,55,94,9.28,1,79,44,29,69,31,51,52,91,45,1,69,8,0,1,89,32,0,Not_Placed
S01023,77,66,5.78,0,38,95,67,21,30,63,78,78,57,0,40,9,3,0,31,11,0,Not_Placed
S01024,59,87,9.95,0,48,37,25,72,51,61,66,50,81,7,30,9,3,2,76,28,0,Not_Placed
S01025,74,57,9.34,0,98,49,59,84,48,49,51,29,70,7,70,3,1,2,55,26,1,Service_Ready
S01026,74,71,6.84,0,79,76,89,71,75,82,87,39,73,0,29,6,2,0,43,14,1,Service_Ready
S01027,83,81,7.65,0,93,33,53,36,40,86,77,98,27,7,57,9,3,5,28,33,0,Not_Placed
S01028,65,76,9.85,0,73,56,31,23,62,46,70,24,25,4,75,8,1,3,63,16,0,Not_Placed
S01029,80,96,9.2,0,46,77,91,40,40,91,20,77,32,0,25,6,3,3,77,18,0,Not_Placed
S01030,63,66,9.35,2,95,89,92,71,56,22,27,29,66,0,83,9,2,4,28,15,1,Service_Ready
S01031,91,81,8.33,3,20,94,84,65,78,94,26,85,34,7,66,9,3,4,61,22,1,Product_Ready
S01032,92,62,9.51,0,93,82,23,67,71,57,24,89,43,5,96,0,1,1,45,4,0,Not_Placed
S01033,56,82,6.18,0,57,89,92,71,50,45,55,45,47,4,93,1,2,0,24,23,1,Product_Ready
S01034,76,76,7.26,0,64,82,47,78,40,61,88,36,87,5,26,8,0,2,92,20,1,Service_Ready
S01035,63,77,9.04,2,36,77,54,49,83,72,70,56,25,1,75,8,2,4,82,3,0,Not_Placed
S01036,59,65,9.48,0,63,88,21,59,56,68,94,55,94,0,89,7,1,1,56,33,1,Service_Ready
S01037,66,86,6.97,0,62,28,70,39,58,42,60,63,54,6,77,6,2,1,76,24,1,Service_Ready
S01038,93,82,9.31,0,81,45,70,69,55,45,52,87,92,7,85,6,1,2,40,23,1,Service_Ready
S01039,63,88,6.82,0,24,60,82,41,87,67,85,35,99,4,84,7,3,5,90,11,0,Not_Placed
S01040,55,56,8.5,0,54,95,43,49,61,90,69,90,79,0,49,0,2,1,65,3,1,Service_Ready
S01041,87,65,6.64,0,71,52,91,70,45,81,80,45,56,5,30,4,0,4,85,14,1,Service_Ready
S01042,72,80,8.2,0,78,75,71,85,87,31,94,87,62,0,93,5,2,1,50,23,1,Service_Ready
S01043,60,87,6.23,0,75,40,74,77,83,65,41,79,30,6,50,2,3,4,37,23,0,Not_Placed
S01044,71,92,6.18,0,77,69,30,32,69,57,20,58,46,3,51,8,2,5,71,19,0,Not_Placed
S01045,76,85,9.52,0,62,20,63,76,28,24,98,28,64,3,96,7,0,2,93,23,1,Service_Ready
S01046,93,76,6.49,0,58,93,93,72,47,96,34,79,79,5,71,2,3,2,21,16,1,Product_Ready
S01047,90,59,5.84,3,43,93,49,86,70,79,22,24,47,5,97,6,2,4,91,13,0,Not_Placed
S01048,69,73,9.17,0,26,90,25,77,87,74,86,68,70,2,25,9,3,2,57,12,0,Not_Placed
S01049,83,74,7.22,0,33,78,31,42,91,58,28,44,36,1,48,2,0,0,91,15,0,Not_Placed
S01050,93,70,6.86,0,39,65,64,23,39,30,84,37,58,3,37,2,2,5,98,7,0,Not_Placed
S01051,62,94,8.74,0,74,62,23,90,79,31,78,96,73,3,35,5,1,2,77,32,1,Service_Ready
S01052,90,91,8.35,1,29,49,63,74,90,37,98,58,61,0,73,3,1,4,61,26,0,Not_Placed
S01053,77,59,6.96,0,58,76,76,56,26,24,98,70,27,7,92,5,1,2,96,12,1,Product_Ready
S01054,86,96,7.79,2,65,62,41,22,33,21,80,51,57,0,65,9,1,0,44,12,1,Service_Ready
S01055,91,95,6.24,0,67,82,58,29,89,84,78,97,55,2,92,6,1,0,72,22,1,Service_Ready
S01056,81,95,7.85,0,75,38,76,52,42,82,89,41,86,2,99,9,2,0,36,14,1,Service_Ready
S01057,82,65,7.62,1,76,63,55,89,99,64,45,30,71,0,50,4,0,2,86,13,1,Service_Ready
S01058,94,95,7.71,0,55,63,76,85,49,29,80,82,55,5,84,1,3,5,83,29,1,Service_Ready
S01059,76,96,8.29,0,73,63,71,95,35,35,74,80,98,4,59,4,1,1,90,11,1,Service_Ready
S01060,58,97,6.47,0,62,86,70,75,62,43,53,78,21,1,29,6,2,5,95,18,0,Not_Placed
S01061,72,68,9.03,0,35,51,42,53,35,53,90,52,87,2,83,3,2,1,87,12,0,Not_Placed
S01062,97,74,8.78,0,95,47,67,54,27,41,43,85,83,0,33,8,3,3,22,6,1,Service_Ready
S01063,55,73,5.84,2,95,29,35,65,48,34,67,30,53,3,49,2,0,1,38,5,0,Not_Placed
S01064,60,87,8.61,1,55,42,82,45,79,24,73,57,81,0,31,5,0,3,48,30,1,Service_Ready
S01065,81,71,9.63,0,32,61,34,98,37,69,21,32,87,6,94,1,3,1,31,14,0,Not_Placed
S01066,63,92,6.62,0,62,93,42,98,64,42,53,35,82,4,70,8,2,5,75,6,1,Service_Ready
S01067,71,76,9.12,0,47,96,69,20,69,38,78,87,86,0,29,1,2,2,75,4,0,Not_Placed
S01068,77,71,5.83,0,65,89,50,28,54,79,95,82,71,7,80,7,1,1,83,31,1,Service_Ready
S01069,83,93,6.15,0,47,37,60,94,84,65,79,28,64,3,47,0,2,2,27,7,0,Not_Placed
S01070,60,83,7.18,0,68,36,73,63,51,54,97,68,73,7,31,7,1,1,27,22,1,Service_Ready
S01071,62,82,5.64,0,23,98,81,23,60,92,74,47,66,3,28,1,2,1,67,6,1,Product_Ready
S01072,64,82,7.19,0,32,35,59,91,49,84,77,67,68,0,21,8,1,0,36,32,0,Not_Placed
S01073,64,60,7.51,0,83,49,53,37,82,68,75,77,46,6,38,6,2,3,66,16,0,Not_Placed
S01074,97,56,7.84,0,76,77,34,35,66,82,31,62,48,2,68,2,3,4,79,3,0,Not_Placed
S01075,77,80,6.64,0,88,66,95,61,50,41,36,39,27,6,68,6,1,4,47,14,0,Not_Placed
S01076,83,62,8.14,0,69,68,41,64,80,40,90,80,95,3,43,9,2,5,24,17,1,Service_Ready
S01077,65,89,8.48,0,29,27,45,22,78,22,57,21,36,0,55,5,2,1,92,3,0,Not_Placed
S01078,75,88,7.82,0,87,33,42,63,84,98,97,80,74,6,90,3,0,1,31,16,1,Service_Ready
S01079,69,71,9.35,0,97,74,78,24,49,23,34,54,93,6,85,7,3,5,63,33,1,Product_Ready
S01080,85,73,9.87,0,89,51,21,78,92,96,33,70,30,5,99,9,3,3,77,17,0,Not_Placed
S01081,68,82,6.99,0,64,64,90,54,71,40,47,63,99,7,29,6,3,3,34,7,1,Service_Ready
S01082,87,93,5.66,0,93,72,53,60,29,71,94,76,97,2,76,0,2,3,58,11,1,Service_Ready
S01083,69,70,7.13,0,46,36,89,73,27,72,24,88,66,1,59,9,2,3,44,29,0,Not_Placed
S01084,97,67,7.68,1,37,46,91,25,94,88,90,41,78,6,87,2,0,0,20,9,0,Not_Placed
S01085,86,84,6.42,0,80,32,59,80,63,81,63,67,93,2,76,8,0,5,73,21,1,Service_Ready
S01086,61,87,9.2,1,95,24,95,54,56,79,84,35,49,0,61,9,0,5,83,5,0,Not_Placed
S01087,82,91,9.82,0,67,38,36,59,69,92,48,70,61,4,85,0,0,4,50,29,1,Service_Ready
S01088,97,93,8.89,0,70,35,33,61,70,43,62,92,38,3,80,9,1,1,54,4,0,Not_Placed
S01089,94,83,6.26,1,43,53,26,94,30,55,39,82,99,6,88,7,1,5,41,22,0,Not_Placed
S01090,91,81,9.58,0,79,89,51,99,99,46,22,68,49,5,38,3,2,2,21,28,0,Not_Placed
S01091,62,81,8.27,0,90,36,29,38,49,49,44,93,85,5,54,2,0,2,29,34,1,Service_Ready
S01092,97,61,6.35,0,96,21,70,80,38,21,70,45,89,3,42,5,2,5,54,12,1,Service_Ready
S01093,62,78,5.81,0,55,90,88,77,82,35,25,97,71,1,96,1,0,4,95,23,1,Service_Ready
S01094,93,55,7.82,0,23,77,20,32,65,66,95,26,70,6,22,1,1,3,81,27,0,Not_Placed
S01095,57,82,6.58,0,49,85,27,33,81,94,82,98,85,4,59,0,2,0,35,14,0,Not_Placed
S01096,76,77,8.76,0,93,32,49,76,49,90,29,85,58,4,22,8,1,1,57,15,1,Service_Ready
S01097,93,56,8.8,0,60,27,94,82,84,98,23,87,29,2,69,6,0,2,36,23,0,Not_Placed
S01098,81,70,7.72,1,52,61,21,58,65,67,46,34,26,4,76,9,0,0,25,13,0,Not_Placed
S01099,84,74,6.96,0,46,78,26,59,91,21,33,29,69,1,37,3,0,3,50,21,0,Not_Placed
S01100,77,86,9.17,0,69,96,34,63,61,64,54,41,93,2,57,0,1,4,26,13,1,Service_Ready
S01101,61,56,7.79,0,37,26,73,86,29,80,78,78,88,6,27,7,2,5,20,34,0,Not_Placed
S01102,94,65,6.71,0,42,35,35,75,25,49,82,20,70,1,65,8,0,2,57,6,0,Not_Placed
S01103,66,59,8.47,0,28,84,29,65,77,56,71,32,25,1,67,0,0,5,93,34,0,Not_Placed
S01104,84,75,6.36,1,79,85,68,53,56,61,84,79,20,2,23,6,1,5,37,2,0,Not_Placed
S01105,76,70,5.91,0,47,89,61,85,90,54,39,21,26,7,68,2,3,0,46,15,0,Not_Placed
S01106,56,75,7.73,0,68,21,36,39,95,51,70,61,82,0,80,2,0,3,95,27,1,Service_Ready
S01107,62,59,7.2,0,60,38,67,72,74,80,51,65,55,1,93,1,3,2,91,34,1,Service_Ready
S01108,92,68,6.11,0,24,38,90,58,61,36,82,65,39,5,27,2,3,5,38,25,0,Not_Placed
S01109,78,71,8.62,1,60,67,83,35,99,42,58,52,43,4,74,3,0,1,91,11,0,Not_Placed
S01110,55,75,6.38,3,65,93,79,70,92,67,59,26,94,4,38,5,0,1,65,17,0,Not_Placed
S01111,65,89,5.6,0,72,97,71,72,73,66,22,84,34,3,53,1,0,0,22,3,1,Product_Ready
S01112,58,70,7.87,1,59,71,35,27,79,55,22,34,42,2,22,0,1,1,77,33,0,Not_Placed
S01113,61,93,8.57,0,63,31,27,99,60,53,65,48,35,4,24,3,1,4,69,6,0,Not_Placed
S01114,97,67,5.77,0,33,65,53,90,66,79,93,98,30,1,69,8,3,0,78,18,0,Not_Placed
S01115,74,79,7.72,0,38,76,34,60,88,99,79,41,62,7,32,5,1,3,24,34,0,Not_Placed
S01116,81,59,7.16,0,25,85,96,61,71,30,45,40,85,7,75,5,2,3,99,6,1,Product_Ready
S01117,68,78,7.95,0,66,79,92,22,28,43,23,28,20,3,54,9,3,1,97,11,1,Product_Ready
S01118,64,72,5.8,0,91,35,34,81,24,64,71,90,26,2,32,0,0,3,32,27,0,Not_Placed
S01119,63,59,9.02,0,45,87,35,41,55,77,74,54,44,7,80,1,1,1,95,34,0,Not_Placed
S01120,77,66,8.11,0,86,64,93,86,41,97,61,39,67,1,96,9,1,1,25,12,1,Service_Ready
S01121,79,84,8.69,0,35,89,92,56,72,35,37,38,63,1,77,9,3,5,38,28,0,Not_Placed
S01122,68,88,6.15,0,46,67,26,46,90,37,52,52,44,5,57,5,3,3,81,19,0,Not_Placed
S01123,64,89,9.58,0,84,98,44,72,36,76,94,96,39,7,44,9,0,0,50,2,0,Not_Placed
S01124,70,82,8.15,1,89,62,48,22,77,52,94,64,88,1,51,1,2,3,71,29,1,Service_Ready
S01125,67,80,5.77,0,82,45,78,68,72,50,31,77,55,1,25,6,0,2,91,4,1,Service_Ready
S01126,94,75,9.46,0,98,26,82,34,86,49,97,87,55,2,24,8,2,2,91,27,1,Service_Ready
S01127,56,82,6.12,1,69,58,56,82,80,57,52,94,64,3,20,4,2,0,86,27,1,Service_Ready
S01128,69,95,8.46,0,73,27,73,55,71,25,47,69,57,5,92,5,2,5,47,18,1,Service_Ready
S01129,94,59,8.09,0,72,36,78,28,41,64,92,78,99,3,32,2,3,3,29,17,1,Service_Ready
S01130,82,73,7.72,2,65,46,64,56,28,80,54,66,40,0,74,7,2,5,54,14,0,Not_Placed
S01131,79,86,8.5,0,54,72,71,73,95,66,62,39,52,4,35,6,1,4,55,23,1,Product_Ready
S01132,94,73,5.61,0,72,94,67,61,66,61,21,25,65,1,59,9,3,5,93,34,1,Service_Ready
S01133,96,66,9.59,1,97,24,70,88,51,68,79,65,87,0,60,0,2,4,37,24,1,Service_Ready
S01134,89,87,6.28,2,53,31,24,67,59,32,45,33,30,5,99,6,0,5,35,14,0,Not_Placed
S01135,66,72,7.26,0,73,21,22,75,91,30,95,51,23,0,75,0,2,3,90,11,0,Not_Placed
S01136,83,90,6.57,0,97,97,41,71,69,66,42,95,38,3,53,4,2,1,24,13,0,Not_Placed
S01137,61,95,7.64,0,63,89,54,81,93,92,39,54,56,7,91,7,1,0,99,29,1,Service_Ready
S01138,60,86,7.87,1,49,28,78,47,98,52,66,41,48,1,61,3,2,1,70,31,0,Not_Placed
S01139,65,88,7.02,0,44,40,20,77,88,90,32,71,42,4,25,3,3,0,69,29,0,Not_Placed
S01140,65,86,9.47,0,54,44,38,50,69,82,66,20,77,1,27,9,0,1,53,20,1,Service_Ready
S01141,68,62,5.76,0,43,66,88,86,51,36,80,88,30,5,87,6,2,5,36,14,0,Not_Placed
S01142,81,55,6.69,1,85,87,35,23,76,92,42,21,86,6,45,6,3,3,52,5,1,Service_Ready
S01143,77,79,6.68,2,93,46,70,98,88,99,42,28,52,2,69,7,3,1,43,20,1,Service_Ready
S01144,93,79,7.72,0,44,46,51,30,88,52,38,35,30,2,93,1,3,4,74,26,0,Not_Placed
S01145,83,94,6.35,0,31,40,48,70,42,52,27,61,96,4,60,9,2,5,81,12,0,Not_Placed
S01146,57,83,8.86,0,26,73,30,44,78,85,46,77,30,6,38,6,0,1,89,12,0,Not_Placed
S01147,68,90,8.32,0,76,79,39,41,23,75,77,84,77,5,95,2,3,4,81,5,1,Service_Ready
S01148,69,74,5.64,2,80,40,29,49,43,67,74,71,57,2,27,6,1,4,94,5,0,Not_Placed
S01149,89,94,9.64,0,35,97,67,20,84,41,34,86,33,0,38,7,1,3,52,3,0,Not_Placed
S01150,81,71,7.19,0,82,25,86,86,78,32,40,83,56,7,67,7,3,4,23,32,1,Service_Ready
S01151,63,87,5.66,2,70,60,48,78,59,70,69,55,98,4,79,1,3,4,37,2,0,Not_Placed
S01152,73,77,6.22,0,82,81,67,81,37,85,46,25,89,2,25,8,3,5,75,22,1,Service_Ready
S01153,95,72,9.91,0,55,44,26,39,24,37,52,98,54,6,84,4,3,0,69,31,1,Service_Ready
S01154,92,89,7.04,0,87,56,32,92,64,48,60,75,35,3,85,2,1,4,88,24,0,Not_Placed
S01155,92,85,9.67,0,68,68,86,45,32,57,41,48,64,5,58,4,1,1,87,34,1,Service_Ready
S01156,93,74,9.85,0,54,27,71,59,55,25,89,92,35,6,65,5,0,1,31,28,0,Not_Placed
S01157,55,69,6.79,0,20,86,31,47,58,56,79,50,77,0,30,8,2,4,70,20,0,Not_Placed
S01158,90,82,8.3,3,60,54,95,95,69,93,49,91,96,6,89,5,2,3,70,29,0,Not_Placed
S01159,75,75,6.27,0,69,48,58,76,56,83,67,41,49,3,42,0,3,2,80,33,0,Not_Placed
S01160,58,55,9.46,0,78,92,50,90,32,73,21,52,69,6,37,2,3,3,62,31,1,Service_Ready
S01161,63,82,5.8,0,21,42,82,41,80,45,31,51,28,2,88,9,2,4,52,25,0,Not_Placed
S01162,79,85,9.73,0,30,51,83,91,39,53,61,27,85,4,98,5,0,5,86,17,0,Not_Placed
S01163,89,63,8.61,0,58,29,93,39,20,25,72,65,85,5,52,2,3,4,54,16,1,Service_Ready
S01164,76,97,6.09,2,76,59,49,61,26,90,38,60,53,5,71,2,2,5,93,32,0,Not_Placed
S01165,79,56,7.77,0,87,90,69,36,30,72,69,27,81,0,95,9,0,5,63,30,1,Service_Ready
S01166,78,69,8.19,0,55,76,83,95,57,36,46,36,82,2,83,6,2,1,85,30,1,Product_Ready
S01167,78,78,9.15,0,28,46,75,97,64,62,41,52,46,7,45,2,0,4,45,7,0,Not_Placed
S01168,57,60,8.41,2,32,96,20,59,56,50,36,28,83,0,32,4,1,2,44,32,0,Not_Placed
S01169,68,61,8.41,0,61,66,63,60,22,20,98,30,26,3,57,5,2,1,72,27,0,Not_Placed
S01170,84,86,8.99,0,78,73,37,20,40,47,35,67,47,5,20,3,3,1,89,29,0,Not_Placed
S01171,57,85,9.94,0,70,43,39,51,32,62,39,21,87,2,79,8,3,3,36,2,1,Service_Ready
S01172,87,84,5.63,0,51,57,36,77,59,43,31,38,48,4,71,0,0,4,79,12,0,Not_Placed
S01173,74,93,7.13,0,20,78,83,91,90,63,67,94,34,2,42,4,0,4,32,7,1,Product_Ready
S01174,58,59,9.09,1,40,47,22,42,91,38,94,69,93,1,39,3,3,4,91,20,0,Not_Placed
S01175,75,72,9.86,0,53,92,28,94,32,28,99,23,53,6,34,8,1,2,71,18,1,Service_Ready
S01176,90,73,8.66,3,40,47,22,33,21,48,37,56,64,4,43,7,1,3,72,33,0,Not_Placed
S01177,72,67,6.68,0,93,74,88,59,33,47,91,99,90,2,48,3,0,3,28,18,1,Product_Ready
S01178,74,68,6.21,0,64,72,36,66,81,69,62,87,94,1,91,8,1,0,55,28,1,Service_Ready
S01179,74,87,6.91,2,66,52,86,33,98,52,61,84,66,2,51,6,1,3,70,17,0,Not_Placed
S01180,62,68,6.92,2,75,68,79,72,90,25,89,27,34,1,58,2,0,1,22,31,0,Not_Placed
S01181,76,57,9.6,0,81,76,95,32,35,35,71,60,67,2,58,3,3,4,62,18,1,Product_Ready
S01182,78,83,8.32,0,66,72,44,60,22,96,32,37,56,2,53,0,2,3,55,20,1,Service_Ready
S01183,66,82,5.77,0,98,35,90,66,86,50,95,27,80,3,69,2,3,4,74,3,1,Service_Ready
S01184,68,58,7.24,0,43,68,74,90,42,31,30,94,48,7,81,4,0,3,85,31,0,Not_Placed
S01185,61,66,8.8,0,27,49,34,93,74,57,34,49,65,7,45,2,0,5,86,27,0,Not_Placed
S01186,68,85,9.25,1,92,65,61,37,55,95,69,80,59,2,26,0,2,5,96,30,1,Service_Ready
S01187,57,83,6.3,0,47,23,32,98,70,67,58,86,77,3,21,1,0,2,20,11,0,Not_Placed
S01188,71,84,9.89,2,72,53,51,95,25,32,94,83,26,4,64,4,0,5,38,30,0,Not_Placed
S01189,89,74,5.74,0,42,70,82,41,90,52,63,26,21,0,84,9,1,5,45,12,0,Not_Placed
S01190,61,82,9.18,2,73,86,70,77,53,78,40,75,56,7,38,4,2,4,97,11,1,Product_Ready
S01191,61,83,9.67,1,96,38,94,21,25,48,60,70,24,0,81,8,2,5,46,19,0,Not_Placed
S01192,90,70,8.38,1,53,55,39,82,86,49,88,89,22,0,61,7,3,0,73,16,0,Not_Placed
S01193,95,92,7.85,1,48,70,60,83,67,96,41,36,24,4,25,4,0,0,78,34,0,Not_Placed
S01194,93,91,9.79,2,96,46,46,91,82,71,66,40,76,0,94,9,1,2,91,34,1,Service_Ready
S01195,66,89,6.18,0,95,75,36,39,27,37,37,37,21,3,91,2,1,2,33,27,0,Not_Placed
S01196,84,96,8.33,0,86,56,21,31,40,88,90,83,87,5,62,5,0,3,81,23,1,Service_Ready
S01197,83,63,5.98,2,91,52,83,87,33,33,28,92,45,0,36,8,3,3,22,30,0,Not_Placed
S01198,79,75,7.94,2,20,64,65,67,26,29,34,59,30,7,65,6,0,2,69,14,0,Not_Placed
S01199,66,83,9.92,0,27,43,94,58,52,61,34,87,84,7,30,4,2,2,53,8,0,Not_Placed
S01200,74,66,7.32,2,67,59,43,69,87,62,36,74,53,6,89,2,3,4,92,17,0,Not_Placed
S01201,72,72,8.51,0,26,65,80,37,90,59,97,69,24,5,73,8,1,1,41,11,0,Not_Placed
S01202,80,69,9.42,0,68,20,97,55,47,54,79,81,65,3,98,0,0,1,54,16,1,Service_Ready
S01203,58,69,7.81,0,84,41,30,56,70,77,96,26,27,5,70,2,2,1,28,14,0,Not_Placed
S01204,61,65,8.83,0,86,60,48,56,75,99,35,63,69,2,90,5,1,1,38,3,1,Service_Ready
S01205,57,79,7.55,0,57,47,51,60,55,55,85,29,89,7,98,5,1,3,52,16,1,Service_Ready
S01206,61,78,5.72,1,56,78,94,82,40,98,98,56,64,5,62,3,0,3,52,4,1,Product_Ready
S01207,94,77,5.86,0,54,44,27,81,37,47,94,31,83,6,21,4,3,3,60,24,1,Service_Ready
S01208,67,61,5.94,0,66,56,67,48,56,42,57,63,24,3,59,7,0,1,21,29,0,Not_Placed
S01209,62,86,6.9,0,58,67,56,79,93,23,42,33,24,1,43,1,2,4,30,19,0,Not_Placed
S01210,58,87,5.98,0,51,70,23,39,86,87,81,77,66,2,99,3,1,4,42,5,1,Service_Ready
S01211,91,96,7.13,0,61,48,38,51,63,74,99,24,65,3,64,4,1,4,41,31,1,Service_Ready
S01212,77,59,5.52,3,71,84,58,22,61,90,46,47,73,6,34,6,0,5,23,31,0,Not_Placed
S01213,97,71,6.35,0,58,99,85,27,34,82,99,84,78,1,26,9,3,0,31,16,1,Service_Ready
S01214,86,86,9.96,0,80,88,80,65,87,74,20,96,86,0,44,9,3,4,32,9,1,Service_Ready
S01215,73,70,7.33,1,31,44,79,94,53,32,57,31,55,3,58,7,2,2,50,3,0,Not_Placed
S01216,72,80,6.74,0,75,33,33,48,69,69,82,92,84,3,90,9,2,2,27,30,1,Service_Ready
S01217,91,97,7.83,0,77,44,64,67,69,63,78,52,97,3,37,6,0,3,34,12,1,Service_Ready
S01218,90,69,8.7,0,34,82,62,69,79,78,34,48,94,4,59,8,1,2,81,12,0,Not_Placed
S01219,93,62,9.03,0,38,43,60,68,65,55,29,97,26,3,67,4,2,3,79,14,0,Not_Placed
S01220,86,62,7.6,1,65,53,91,41,40,34,24,36,91,2,24,6,2,5,29,32,1,Service_Ready
S01221,67,76,8.04,0,62,96,55,54,87,74,87,66,25,6,47,4,3,2,63,16,0,Not_Placed
S01222,73,84,6.05,0,82,25,46,47,24,60,75,73,99,0,37,8,1,4,29,7,1,Service_Ready
S01223,70,79,6.83,0,52,23,63,95,50,99,85,77,79,1,55,5,0,3,42,17,1,Service_Ready
S01224,97,73,6.49,0,26,60,97,34,95,72,42,96,92,7,84,9,0,5,77,16,0,Not_Placed
S01225,63,67,5.67,0,92,44,90,55,39,73,38,79,56,7,22,8,3,5,38,17,1,Service_Ready
S01226,60,91,7.5,0,53,50,79,30,25,46,26,68,91,3,52,8,2,3,63,16,1,Service_Ready
S01227,81,84,8.79,0,67,49,21,34,66,46,90,46,32,6,36,9,0,0,97,9,0,Not_Placed
S01228,87,61,6.76,0,74,26,37,62,97,59,72,33,40,0,76,9,2,4,61,29,0,Not_Placed
S01229,96,97,5.75,1,25,93,86,26,48,53,26,96,77,4,50,8,0,4,91,10,1,Product_Ready
S01230,63,94,8.16,2,90,36,24,20,99,50,54,91,49,6,34,7,1,3,46,3,0,Not_Placed
S01231,64,59,5.64,0,32,42,69,98,97,92,56,49,42,1,83,6,2,4,28,5,0,Not_Placed
S01232,56,81,9.81,0,56,86,79,78,55,68,70,27,69,1,60,4,0,0,57,23,1,Service_Ready
S01233,68,69,9.56,0,84,83,31,60,61,79,69,55,67,6,92,7,0,1,27,25,1,Service_Ready
S01234,71,66,5.63,0,76,85,31,46,65,26,80,77,77,4,72,3,0,0,54,31,1,Service_Ready
S01235,85,71,9.44,0,53,23,48,65,94,65,96,78,80,3,85,1,2,5,24,10,1,Service_Ready
S01236,74,75,8.57,2,86,24,79,72,71,97,67,38,36,5,87,9,2,0,32,34,0,Not_Placed
S01237,69,69,6.12,0,76,90,52,26,24,99,76,91,59,3,55,7,2,3,59,29,1,Service_Ready
S01238,56,63,9.14,0,22,93,56,52,28,72,96,70,90,1,35,7,1,1,70,33,0,Not_Placed
S01239,90,96,6.77,1,96,64,28,56,20,85,82,62,47,3,50,8,0,4,27,33,0,Not_Placed
S01240,65,79,6.06,0,53,88,27,46,99,82,44,77,67,0,27,4,1,4,97,30,1,Service_Ready
S01241,84,57,10.0,0,78,31,98,57,43,84,37,65,75,6,26,9,0,1,59,32,1,Service_Ready
S01242,87,84,8.15,0,35,41,72,36,23,80,71,54,63,6,80,3,3,3,40,14,0,Not_Placed
S01243,65,81,9.06,0,49,37,82,35,54,81,28,81,58,2,29,3,3,5,22,20,0,Not_Placed
S01244,65,62,7.19,0,29,37,95,58,45,30,29,22,81,6,80,3,0,5,32,13,0,Not_Placed
S01245,89,92,5.81,0,85,34,68,53,58,45,88,67,70,1,23,1,2,1,75,30,1,Service_Ready
S01246,59,72,9.9,1,89,39,39,65,46,45,51,29,31,1,43,4,2,5,65,26,0,Not_Placed
S01247,62,68,8.81,1,39,57,34,97,95,53,91,38,88,7,82,8,0,0,56,3,0,Not_Placed
S01248,61,65,6.42,0,64,91,75,51,40,50,20,96,30,4,87,3,2,2,86,30,1,Product_Ready
S01249,75,56,9.76,0,59,36,24,21,77,31,24,79,60,3,91,0,3,5,75,12,1,Service_Ready
S01250,57,85,8.21,0,24,35,50,47,26,28,58,62,46,3,52,7,3,1,33,14,0,Not_Placed
S01251,78,59,9.45,0,49,68,62,35,71,68,30,97,66,6,54,9,2,4,73,23,0,Not_Placed
S01252,77,78,5.68,0,27,67,95,48,45,56,71,57,25,7,36,5,1,5,53,20,0,Not_Placed
S01253,60,72,8.44,0,34,59,28,72,89,85,99,71,20,5,20,6,3,0,41,23,0,Not_Placed
S01254,89,85,8.33,3,23,88,44,97,49,66,31,46,64,7,82,6,1,1,33,20,0,Not_Placed
S01255,76,80,8.5,0,55,37,76,97,42,33,88,41,47,2,95,1,3,4,55,8,0,Not_Placed
S01256,77,88,6.43,0,40,89,99,66,72,60,94,51,33,7,36,8,3,0,67,18,1,Product_Ready
S01257,82,55,8.7,0,80,32,66,83,51,47,72,50,27,7,93,4,3,0,52,5,0,Not_Placed
S01258,61,87,6.98,0,24,36,95,71,31,81,54,81,40,4,85,4,0,4,34,12,0,Not_Placed
S01259,64,72,7.46,0,74,45,72,85,58,26,58,51,45,6,97,8,3,1,21,24,0,Not_Placed
S01260,65,83,9.57,0,92,51,49,34,81,97,36,41,49,0,35,3,3,2,58,32,0,Not_Placed
S01261,66,87,7.8,0,67,74,22,88,54,70,46,56,35,3,44,0,1,0,62,31,0,Not_Placed
S01262,95,58,7.09,1,50,88,43,43,64,56,77,42,54,6,25,5,3,4,49,2,1,Service_Ready
S01263,62,82,9.52,0,57,71,97,30,21,72,87,96,26,5,86,8,1,3,82,12,1,Product_Ready
S01264,91,68,6.22,0,78,82,26,74,22,86,37,64,55,7,98,1,0,5,65,20,1,Service_Ready
S01265,83,60,8.92,0,74,46,26,60,30,24,85,75,31,1,94,9,3,5,96,6,0,Not_Placed
S01266,96,62,7.12,0,67,29,34,66,44,25,30,36,34,7,75,1,3,2,57,22,0,Not_Placed
S01267,65,95,5.96,0,98,73,98,36,32,82,33,78,55,1,24,8,3,0,58,13,1,Service_Ready
S01268,94,82,8.23,0,62,69,90,28,55,42,93,69,74,7,31,2,3,5,86,28,1,Service_Ready
S01269,73,63,7.13,0,96,21,55,30,87,87,83,20,45,2,21,2,0,3,23,17,0,Not_Placed
S01270,91,81,6.28,1,86,45,25,63,77,65,61,67,46,3,89,2,2,3,67,4,0,Not_Placed
S01271,58,58,6.54,1,85,35,26,28,36,31,76,64,30,4,50,5,1,5,25,21,0,Not_Placed
S01272,75,64,5.89,0,56,27,24,63,86,91,98,68,55,7,45,3,3,0,77,27,1,Service_Ready
S01273,85,69,6.97,0,28,97,55,23,78,56,32,39,36,2,74,0,0,0,41,26,0,Not_Placed
S01274,57,81,6.87,0,21,23,64,32,74,51,41,74,36,5,70,7,0,0,29,20,0,Not_Placed
S01275,68,57,6.94,0,30,66,25,53,84,83,97,85,50,2,81,5,3,0,27,23,0,Not_Placed
S01276,78,92,8.76,0,38,21,81,35,41,33,75,84,64,5,85,5,1,0,98,23,0,Not_Placed
S01277,94,93,9.51,0,26,90,23,95,78,45,50,92,88,3,91,4,3,2,35,19,0,Not_Placed
S01278,82,72,9.77,0,35,84,79,80,30,94,85,51,38,7,24,2,3,1,91,30,1,Product_Ready
S01279,67,79,8.63,0,90,42,89,98,98,59,33,48,35,4,29,6,3,3,61,5,0,Not_Placed
S01280,74,82,8.27,0,54,66,77,84,38,76,84,32,27,1,54,6,1,3,45,21,0,Not_Placed
S01281,56,80,9.47,1,44,49,26,46,30,27,30,49,34,7,54,6,3,2,61,21,0,Not_Placed
S01282,95,80,9.83,0,34,55,82,98,68,74,91,79,76,4,38,8,1,4,29,34,0,Not_Placed
S01283,79,58,6.3,1,74,88,91,20,31,54,97,93,98,1,52,2,1,4,44,17,1,Service_Ready
S01284,62,89,6.55,0,80,63,30,30,41,81,67,82,70,4,52,4,3,2,21,14,1,Service_Ready
S01285,56,97,6.44,0,48,50,97,93,37,30,66,22,21,5,91,7,2,1,41,6,0,Not_Placed
S01286,61,74,9.88,0,22,60,61,96,64,90,36,66,88,7,90,1,1,1,61,34,0,Not_Placed
S01287,81,68,5.77,0,95,22,90,44,34,79,42,30,78,4,53,6,2,1,63,28,1,Service_Ready
S01288,77,92,9.03,3,79,27,86,21,41,89,55,43,31,0,41,5,2,0,95,33,0,Not_Placed
S01289,85,71,9.22,1,38,45,30,39,75,64,87,66,95,0,77,9,1,1,80,8,0,Not_Placed
S01290,62,92,5.52,2,47,73,50,60,56,57,70,95,56,4,50,1,1,5,28,12,0,Not_Placed
S01291,85,56,8.14,0,70,88,42,26,75,96,81,93,99,6,72,2,0,2,98,15,1,Service_Ready
S01292,83,59,7.32,1,20,46,83,79,60,40,33,39,30,7,85,3,3,0,56,23,0,Not_Placed
S01293,78,69,9.35,0,83,50,72,91,63,49,54,40,82,1,36,3,1,1,79,4,1,Service_Ready
S01294,69,70,9.5,1,82,50,20,94,25,28,71,99,81,1,38,3,0,5,68,32,1,Service_Ready
S01295,85,73,8.94,0,62,20,80,22,63,26,52,28,49,1,75,9,3,5,50,9,0,Not_Placed
S01296,77,79,6.3,0,38,83,72,25,36,65,91,92,74,2,25,5,0,3,59,28,1,Product_Ready
S01297,91,56,9.02,0,62,77,97,45,57,55,74,25,22,0,83,9,0,1,37,24,0,Not_Placed
S01298,86,83,8.12,1,25,53,63,63,46,71,61,44,93,6,58,0,2,4,22,23,0,Not_Placed
S01299,58,62,5.8,0,35,51,83,95,35,71,38,88,31,4,24,9,1,0,91,31,0,Not_Placed
S01300,64,74,9.63,0,35,61,22,42,47,64,87,43,38,2,59,7,1,5,37,13,0,Not_Placed
S01301,68,72,8.18,0,46,25,52,99,69,31,76,72,32,1,91,5,2,0,83,21,0,Not_Placed
S01302,58,56,8.28,0,38,59,91,35,77,37,55,43,20,0,83,3,2,1,35,18,0,Not_Placed
S01303,78,88,9.86,0,92,29,72,70,88,33,85,72,83,7,68,9,1,4,68,5,1,Service_Ready
S01304,87,76,6.02,0,23,85,96,68,30,54,58,29,93,7,88,6,1,3,51,17,1,Product_Ready
S01305,58,82,7.02,1,95,79,99,63,21,42,65,92,73,6,28,5,3,3,93,10,1,Product_Ready
S01306,66,87,5.79,0,83,67,35,69,42,45,73,63,56,0,32,9,1,5,21,32,1,Service_Ready
S01307,97,73,6.81,1,66,82,26,98,50,74,44,91,49,3,69,4,3,1,55,22,0,Not_Placed
S01308,92,65,5.82,0,69,56,94,38,20,59,74,99,45,1,62,2,3,2,34,9,0,Not_Placed
S01309,84,68,7.33,0,31,21,69,40,26,31,76,97,93,0,42,9,2,3,75,11,0,Not_Placed
S01310,73,73,9.57,0,63,78,23,84,32,86,31,74,80,6,60,3,1,5,41,32,1,Service_Ready
S01311,68,83,8.61,0,78,75,29,44,64,30,28,26,90,1,39,1,1,0,24,30,1,Service_Ready
S01312,81,79,7.73,2,23,97,40,99,28,85,98,54,70,5,97,4,0,5,70,3,0,Not_Placed
S01313,86,71,6.83,0,77,49,50,42,82,47,78,29,45,4,96,0,3,3,42,12,0,Not_Placed
S01314,66,63,8.71,0,38,94,92,46,32,76,79,31,28,1,96,3,3,4,46,27,0,Not_Placed
S01315,83,83,5.93,0,38,57,58,34,73,51,65,80,71,1,92,2,1,4,97,10,0,Not_Placed
S01316,73,77,8.8,0,45,57,59,44,88,90,42,84,41,7,87,9,3,2,97,34,0,Not_Placed
S01317,58,96,8.34,0,20,45,52,46,61,88,90,83,44,7,23,9,2,2,78,23,0,Not_Placed
S01318,55,58,6.92,0,71,62,65,23,32,57,64,44,86,6,58,0,2,1,88,23,1,Service_Ready
S01319,67,77,7.52,0,54,64,96,73,90,88,48,91,27,5,26,2,0,3,51,5,0,Not_Placed
S01320,84,96,6.44,0,47,41,48,62,61,79,96,90,93,3,87,5,3,3,25,10,0,Not_Placed
S01321,82,67,6.81,0,56,91,34,70,89,42,44,65,42,1,92,0,0,0,70,2,0,Not_Placed
S01322,55,91,7.78,0,73,82,20,71,76,28,93,75,66,2,21,5,0,0,31,4,1,Service_Ready
S01323,80,68,7.32,3,72,91,68,68,26,34,55,91,93,6,81,1,1,4,80,3,0,Not_Placed
S01324,76,69,5.74,1,76,34,35,76,44,41,50,53,35,5,78,1,1,4,43,14,0,Not_Placed
S01325,55,90,8.41,0,62,25,87,33,49,27,73,85,23,1,79,7,0,2,93,29,0,Not_Placed
S01326,69,90,9.39,0,34,93,41,69,67,92,70,36,70,4,68,9,2,5,40,10,0,Not_Placed
S01327,88,66,9.45,0,25,69,82,31,60,50,21,35,20,3,66,3,0,3,66,14,0,Not_Placed
S01328,96,85,7.44,2,52,47,63,75,63,92,53,33,87,4,98,0,2,5,28,28,0,Not_Placed
S01329,69,91,8.04,0,38,56,23,56,70,51,64,31,60,7,99,5,2,5,84,33,0,Not_Placed
S01330,75,58,6.38,1,65,31,49,79,90,84,33,63,45,2,35,6,3,4,35,15,0,Not_Placed
S01331,79,84,7.22,0,65,62,74,64,79,90,99,51,27,0,96,3,1,4,25,21,0,Not_Placed
S01332,86,83,6.95,2,53,90,52,34,59,24,97,69,85,0,73,0,2,4,83,30,0,Not_Placed
S01333,59,57,7.83,0,21,57,75,24,65,30,84,29,60,3,63,9,0,2,75,13,0,Not_Placed
S01334,56,55,6.15,0,95,55,40,55,45,66,20,57,33,1,65,9,2,5,95,25,0,Not_Placed
S01335,73,63,5.64,3,89,47,59,70,48,61,88,24,60,4,74,8,2,0,48,15,0,Not_Placed
S01336,92,94,8.31,0,61,33,52,36,94,51,98,87,58,5,29,6,3,3,77,6,1,Service_Ready
S01337,91,97,7.98,2,27,90,59,32,46,21,35,33,36,3,89,2,0,4,57,7,0,Not_Placed
S01338,92,75,6.5,1,83,48,46,25,40,90,60,99,24,6,40,9,3,4,26,16,0,Not_Placed
S01339,82,56,7.79,0,51,91,60,61,94,84,59,57,61,7,56,7,2,0,73,23,1,Service_Ready
S01340,81,95,6.48,0,34,85,80,79,27,63,62,25,46,4,42,7,0,1,32,5,1,Product_Ready
S01341,74,96,8.19,0,71,67,80,36,59,94,88,45,99,7,59,4,3,3,27,10,1,Service_Ready
S01342,71,95,6.57,0,43,92,30,54,48,27,36,90,31,7,98,4,0,4,69,25,0,Not_Placed
S01343,91,68,7.61,2,78,74,46,86,79,21,87,37,39,4,82,7,1,1,61,29,0,Not_Placed
S01344,83,59,8.49,0,24,34,92,51,71,56,34,60,23,4,72,3,3,2,40,23,0,Not_Placed
S01345,61,85,8.72,0,47,29,46,32,85,79,62,88,82,5,84,2,2,5,55,8,0,Not_Placed
S01346,83,69,9.87,0,30,25,70,77,79,37,98,86,36,0,53,2,0,0,59,32,0,Not_Placed
S01347,81,79,8.66,2,90,72,68,62,38,85,53,92,73,0,74,4,2,0,42,3,1,Service_Ready
S01348,90,63,9.4,0,91,53,88,83,63,48,81,35,97,3,21,7,3,4,23,32,1,Service_Ready
S01349,80,81,9.28,0,67,30,27,31,64,53,96,91,66,7,40,8,2,5,40,29,1,Service_Ready
S01350,57,61,6.23,0,62,90,95,38,46,37,32,20,53,4,70,6,0,0,47,33,1,Product_Ready
S01351,62,80,8.12,0,87,82,33,46,60,22,78,42,37,5,93,7,3,4,60,9,0,Not_Placed
S01352,86,71,7.53,0,28,67,43,63,77,85,37,99,48,2,21,3,2,1,58,10,0,Not_Placed
S01353,94,95,7.09,0,94,41,68,47,35,87,81,55,41,2,99,9,2,0,54,10,0,Not_Placed
S01354,67,60,9.91,0,30,80,54,88,76,30,31,62,38,4,87,1,1,5,96,22,0,Not_Placed
S01355,75,82,5.62,0,94,94,56,97,48,56,40,31,67,2,66,0,1,2,32,10,1,Service_Ready
S01356,67,70,7.84,0,38,76,51,40,33,99,43,68,51,2,30,3,0,1,24,34,0,Not_Placed
S01357,68,86,9.61,0,29,40,59,61,91,65,92,60,23,2,33,4,3,4,48,24,0,Not_Placed
S01358,75,85,5.65,0,80,42,27,95,35,45,48,25,56,0,65,8,1,5,35,15,1,Service_Ready
S01359,93,58,8.14,0,55,49,83,33,42,67,47,26,61,1,87,5,0,4,52,29,1,Service_Ready
S01360,77,86,6.17,0,22,43,53,61,39,60,39,25,76,1,44,8,0,2,62,20,0,Not_Placed
S01361,64,59,7.58,0,58,89,98,57,58,71,22,48,50,4,85,2,0,0,41,20,1,Product_Ready
S01362,91,64,5.99,2,26,55,86,96,49,90,48,91,93,0,78,3,0,4,72,22,0,Not_Placed
S01363,55,88,8.8,2,33,56,54,78,43,84,25,87,57,0,60,3,0,0,73,24,0,Not_Placed
S01364,85,83,7.68,0,80,25,39,80,65,32,42,98,50,3,94,5,1,5,35,32,1,Service_Ready
S01365,93,97,9.12,0,47,35,96,88,49,84,88,33,94,1,75,1,2,5,44,31,0,Not_Placed
S01366,56,94,5.97,1,51,39,72,97,86,68,86,96,20,6,80,6,0,1,36,30,0,Not_Placed
S01367,96,58,6.29,1,95,31,69,87,80,92,70,96,97,4,47,9,1,0,71,17,1,Service_Ready
S01368,71,55,6.13,0,68,41,88,83,55,40,75,92,67,5,95,1,1,2,34,31,1,Service_Ready
S01369,87,90,7.43,1,45,50,75,80,36,43,23,28,21,2,57,9,2,3,60,24,0,Not_Placed
S01370,66,62,9.38,0,73,56,27,30,73,79,29,89,61,4,99,9,0,2,43,29,1,Service_Ready
S01371,91,75,7.1,0,47,34,20,47,69,54,47,28,43,6,23,7,0,0,86,23,0,Not_Placed
S01372,94,93,8.54,0,79,66,80,46,61,71,67,51,43,2,46,8,3,0,56,8,0,Not_Placed
S01373,84,67,8.69,0,36,38,58,55,34,82,48,79,75,7,35,0,0,5,85,19,0,Not_Placed
S01374,59,94,6.33,1,31,92,41,68,69,99,23,69,22,7,33,7,0,5,87,3,0,Not_Placed
S01375,64,65,8.77,0,45,23,47,21,85,35,76,42,42,4,40,6,0,1,56,14,0,Not_Placed
S01376,69,82,5.55,1,69,79,81,86,91,62,77,71,95,4,65,8,0,0,54,16,1,Service_Ready
S01377,96,80,9.15,0,48,57,88,43,38,65,68,63,92,1,44,2,1,3,33,7,0,Not_Placed
S01378,86,80,9.62,0,75,56,72,77,97,55,30,46,21,5,85,3,3,0,23,15,0,Not_Placed
S01379,61,69,8.5,0,38,20,50,23,77,75,72,62,93,1,68,8,0,2,79,16,0,Not_Placed
S01380,82,74,6.7,0,32,81,87,42,91,32,59,49,44,0,92,9,3,0,58,26,0,Not_Placed
S01381,69,95,6.3,3,39,63,35,40,34,58,61,80,23,7,22,1,0,5,32,19,0,Not_Placed
S01382,94,65,8.21,0,55,83,63,59,64,27,54,63,37,6,44,8,0,5,91,24,0,Not_Placed
S01383,57,91,7.52,0,86,59,96,27,24,44,58,56,24,7,23,8,3,5,41,15,0,Not_Placed
S01384,73,67,6.92,0,84,30,35,87,63,28,91,97,98,4,81,5,0,5,20,21,1,Service_Ready
S01385,95,90,8.36,0,26,83,60,73,60,24,82,20,44,0,65,4,0,4,72,24,0,Not_Placed
S01386,97,64,9.02,0,26,95,59,69,20,39,50,87,31,5,20,0,2,4,95,22,0,Not_Placed
S01387,67,67,9.93,0,52,25,44,42,45,23,54,94,44,3,20,3,2,2,41,32,0,Not_Placed
S01388,55,58,6.7,1,38,71,41,69,85,25,83,40,38,2,56,1,0,0,40,27,0,Not_Placed
S01389,90,89,6.16,0,95,63,39,46,80,56,71,94,81,1,43,3,1,0,81,30,1,Service_Ready
S01390,82,64,6.9,0,34,74,52,71,39,92,57,22,73,1,37,6,1,2,26,21,0,Not_Placed
S01391,74,73,7.7,0,79,43,58,31,72,83,23,24,35,2,23,7,3,0,65,4,0,Not_Placed
S01392,81,88,6.31,0,43,63,60,48,25,75,33,69,97,4,71,7,0,0,31,25,0,Not_Placed
S01393,91,74,7.61,0,46,72,36,34,58,23,36,30,31,6,51,0,3,3,92,4,0,Not_Placed
S01394,93,83,6.31,2,67,93,58,43,39,34,95,37,79,6,60,3,0,1,94,12,0,Not_Placed
S01395,72,66,6.59,0,36,50,54,46,51,36,30,20,68,0,39,6,0,5,35,24,0,Not_Placed
S01396,86,71,6.81,0,97,86,58,79,30,68,34,80,62,6,98,5,2,4,92,6,1,Service_Ready
S01397,73,78,8.86,1,41,32,69,66,48,99,36,39,97,1,25,5,3,0,51,25,0,Not_Placed
S01398,87,67,7.38,0,49,35,84,33,75,56,68,97,69,3,71,6,1,4,47,21,0,Not_Placed
S01399,72,78,6.59,0,45,38,32,93,81,33,92,30,86,7,31,2,2,5,58,33,0,Not_Placed
S01400,93,68,8.22,0,79,62,84,74,54,51,38,58,39,3,22,5,3,1,73,16,0,Not_Placed
S01401,92,73,8.94,0,88,76,39,85,40,79,82,70,58,3,30,6,0,2,56,21,1,Service_Ready
S01402,86,79,8.6,0,61,20,42,43,66,26,57,66,54,5,81,8,2,5,39,34,1,Service_Ready
S01403,95,86,7.64,1,78,80,68,49,36,89,77,82,80,6,34,0,0,1,49,20,1,Service_Ready
S01404,56,66,9.11,0,30,85,20,77,47,87,78,90,41,1,48,8,1,3,97,34,0,Not_Placed
S01405,59,60,7.57,0,58,59,47,21,46,40,26,80,71,2,67,2,0,3,90,3,1,Service_Ready
S01406,71,65,9.42,0,22,40,97,98,70,29,74,55,70,1,36,8,0,2,94,14,0,Not_Placed
S01407,55,85,7.71,0,93,67,89,66,29,76,99,32,80,1,87,3,1,4,35,24,1,Service_Ready
S01408,84,84,5.78,0,96,95,27,63,99,53,54,69,36,1,73,0,1,0,21,9,0,Not_Placed
S01409,60,63,6.42,0,33,46,28,55,98,22,42,92,49,2,86,1,3,2,85,28,0,Not_Placed
S01410,77,96,9.64,0,37,46,30,58,38,26,76,21,57,4,97,1,3,3,96,22,0,Not_Placed
S01411,87,74,9.99,0,47,72,70,26,61,54,53,92,95,5,48,9,2,2,32,33,1,Product_Ready
S01412,69,75,7.85,1,36,29,32,31,85,93,42,84,71,4,45,5,0,0,45,22,0,Not_Placed
S01413,95,78,6.63,2,96,61,51,69,60,43,32,94,98,1,61,8,0,0,22,17,1,Service_Ready
S01414,71,79,6.81,0,56,79,96,43,45,77,28,80,38,3,26,5,3,5,82,17,1,Product_Ready
S01415,90,59,6.12,0,25,55,76,52,68,60,99,74,45,4,96,3,0,3,44,23,0,Not_Placed
S01416,81,92,7.36,0,66,66,91,70,74,97,58,33,88,6,40,7,3,0,20,17,1,Service_Ready
S01417,72,64,6.74,2,92,96,71,65,32,36,86,80,84,4,24,8,0,4,95,24,1,Service_Ready
S01418,70,59,9.32,0,89,32,62,49,45,82,92,76,83,7,68,3,2,1,32,30,1,Service_Ready
S01419,97,78,8.72,0,96,60,65,20,92,87,31,92,54,5,52,9,1,4,54,21,1,Service_Ready
S01420,56,80,9.4,0,51,55,38,41,84,76,30,45,67,2,31,2,2,1,24,25,1,Service_Ready
S01421,68,92,7.7,0,71,94,58,78,45,84,99,67,72,0,24,3,3,4,40,34,1,Service_Ready
S01422,93,97,6.56,0,64,41,96,94,82,49,82,63,86,1,84,3,1,4,94,14,1,Service_Ready
S01423,65,92,9.22,0,96,52,32,57,77,39,36,43,45,7,51,4,1,1,79,4,0,Not_Placed
S01424,76,75,5.98,2,68,68,61,59,90,65,41,40,70,1,33,9,0,0,37,14,0,Not_Placed
S01425,71,77,8.54,0,94,42,60,52,61,67,37,82,97,3,30,7,0,3,96,34,1,Service_Ready
S01426,73,86,5.56,2,42,78,88,75,61,37,90,52,22,3,20,0,2,4,67,20,0,Not_Placed
S01427,68,57,7.35,1,45,29,96,89,62,89,99,91,78,2,24,4,2,5,56,21,0,Not_Placed
S01428,56,61,8.88,0,25,26,63,37,73,48,44,82,87,2,32,2,1,3,92,9,0,Not_Placed
S01429,75,84,8.62,0,83,57,41,50,61,81,83,93,28,5,63,7,2,0,91,21,0,Not_Placed
S01430,71,82,8.05,0,82,76,84,71,25,26,28,80,99,1,54,2,3,1,79,24,1,Service_Ready
S01431,58,64,6.74,2,74,92,59,95,42,34,24,59,37,4,40,2,1,1,98,21,0,Not_Placed
S01432,75,80,8.21,1,44,87,29,86,28,48,56,90,57,7,91,1,2,0,79,29,0,Not_Placed
S01433,82,61,9.57,0,57,37,95,82,24,63,48,33,77,3,37,6,2,0,81,17,1,Service_Ready
S01434,91,79,8.5,1,31,37,75,93,77,70,51,67,27,5,45,7,2,3,94,3,0,Not_Placed
S01435,63,77,5.81,0,41,39,24,97,51,49,45,23,86,4,62,6,2,5,60,32,0,Not_Placed
S01436,67,95,8.45,0,47,83,38,91,44,57,22,21,24,4,39,5,3,4,55,30,0,Not_Placed
S01437,89,91,9.66,1,89,79,55,96,30,50,56,79,80,2,48,2,2,2,35,21,1,Service_Ready
S01438,93,87,8.51,0,94,49,72,77,47,34,57,69,32,6,54,7,3,0,37,27,0,Not_Placed
S01439,83,62,8.11,3,24,55,96,32,44,77,21,55,44,1,31,2,1,1,56,2,0,Not_Placed
S01440,57,80,7.57,0,67,87,38,59,25,99,82,54,91,4,24,4,3,0,30,2,1,Service_Ready
S01441,62,77,9.09,0,77,67,32,79,68,86,26,96,44,6,70,0,0,5,32,6,0,Not_Placed
S01442,77,55,7.62,0,91,22,83,70,21,68,50,93,99,4,22,2,1,4,55,33,1,Service_Ready
S01443,72,88,9.47,0,86,85,83,86,58,57,59,38,24,4,33,0,3,3,76,22,1,Product_Ready
S01444,59,78,7.42,2,43,59,69,96,77,20,62,58,29,1,82,4,3,5,99,28,0,Not_Placed
S01445,95,84,5.84,0,30,89,49,34,78,67,95,79,87,0,83,5,3,2,73,25,0,Not_Placed
S01446,76,93,9.08,0,93,47,55,73,36,41,94,55,48,6,61,1,1,4,53,24,0,Not_Placed
S01447,86,57,7.88,0,41,87,96,48,59,64,29,96,64,7,36,5,1,0,57,6,1,Product_Ready
S01448,79,63,6.64,1,82,54,74,39,24,58,82,51,82,1,59,0,0,3,92,33,1,Service_Ready
S01449,77,65,9.63,1,75,28,88,81,83,41,51,66,21,2,71,7,3,5,56,28,0,Not_Placed
S01450,78,60,8.99,0,48,93,47,78,92,40,29,23,81,3,25,9,3,3,35,2,0,Not_Placed
S01451,73,71,8.63,1,89,90,91,22,68,40,27,83,78,5,51,3,1,0,79,10,1,Product_Ready
S01452,93,94,6.24,0,99,95,34,72,23,42,46,56,96,2,56,7,0,4,48,12,1,Service_Ready
S01453,82,64,8.6,0,36,74,28,87,92,98,35,35,32,5,92,6,0,4,87,11,0,Not_Placed
S01454,89,63,9.87,1,37,29,73,98,34,30,59,66,39,1,41,1,3,4,84,20,0,Not_Placed
S01455,64,75,7.82,0,42,30,66,21,89,72,30,34,92,3,55,6,2,5,73,28,0,Not_Placed
S01456,75,67,8.3,0,80,61,42,92,20,55,74,35,37,1,57,2,3,2,32,18,0,Not_Placed
S01457,68,84,7.7,0,85,72,91,97,53,96,93,91,90,4,75,2,3,5,21,20,1,Product_Ready
S01458,87,93,8.05,0,47,36,76,89,71,63,66,32,95,5,85,4,1,3,23,7,0,Not_Placed
S01459,92,63,9.89,2,57,87,69,79,32,61,87,44,50,6,31,4,0,1,80,11,1,Service_Ready
S01460,66,76,9.4,0,90,46,79,66,85,34,43,29,43,7,76,1,0,2,20,31,0,Not_Placed
S01461,97,72,6.39,2,28,28,20,90,63,78,75,70,35,5,30,2,0,4,78,30,0,Not_Placed
S01462,70,94,5.98,1,72,40,76,95,25,82,25,72,23,4,28,4,1,3,77,8,0,Not_Placed
S01463,60,96,5.97,1,33,30,29,80,32,53,79,70,24,7,93,3,0,4,73,34,0,Not_Placed
S01464,95,86,7.77,2,57,32,95,41,21,96,32,76,53,2,28,3,2,0,46,3,0,Not_Placed
S01465,69,73,6.43,1,98,25,33,46,57,38,56,23,77,1,28,8,0,0,23,27,1,Service_Ready
S01466,72,95,8.97,0,60,79,23,58,26,42,82,84,60,0,63,5,0,4,88,32,1,Service_Ready
S01467,55,84,6.59,0,59,77,34,38,29,35,62,50,35,7,47,3,2,2,28,11,0,Not_Placed
S01468,72,69,7.96,0,59,93,63,65,25,43,92,26,25,5,52,4,1,5,63,18,0,Not_Placed
S01469,85,91,6.87,0,83,95,22,75,82,57,73,21,21,5,31,7,1,0,99,31,0,Not_Placed
S01470,90,58,5.92,0,81,21,34,94,68,54,66,43,79,4,96,6,3,0,60,30,1,Service_Ready
S01471,60,77,8.39,0,91,28,41,23,96,22,47,34,27,7,71,6,0,3,74,13,0,Not_Placed
S01472,73,69,8.44,0,95,26,74,47,56,80,94,58,42,3,30,1,0,4,60,16,0,Not_Placed
S01473,85,77,5.67,0,80,99,61,48,46,63,24,71,72,3,57,4,2,1,73,21,1,Service_Ready
S01474,97,67,9.54,0,98,74,91,30,48,88,82,66,26,4,83,1,3,3,31,13,1,Product_Ready
S01475,90,83,6.23,0,93,66,52,86,62,37,93,72,58,2,91,1,0,0,68,11,1,Service_Ready
S01476,94,72,8.78,0,21,93,68,86,72,38,45,73,70,6,44,1,0,1,80,12,0,Not_Placed
S01477,65,66,8.14,0,27,33,75,73,36,64,24,22,28,3,39,2,2,4,99,34,0,Not_Placed
S01478,59,78,9.1,0,52,37,37,57,52,46,68,69,34,3,96,3,1,3,38,32,0,Not_Placed
S01479,79,94,5.76,2,52,79,56,62,28,33,22,88,75,1,72,8,1,5,40,17,0,Not_Placed
S01480,94,77,5.83,1,94,48,81,72,64,46,53,33,60,1,93,9,1,2,94,12,1,Service_Ready
S01481,89,73,6.58,0,80,66,33,86,71,51,99,29,36,0,59,3,2,0,58,11,0,Not_Placed
S01482,61,87,6.62,0,35,97,22,70,65,74,45,95,50,3,91,2,1,3,34,15,0,Not_Placed
S01483,84,96,6.99,0,53,79,22,87,30,32,69,38,63,0,57,2,0,2,84,26,1,Service_Ready
S01484,94,67,9.68,0,91,73,28,55,56,78,40,39,20,2,78,6,2,3,28,2,0,Not_Placed
S01485,90,88,6.08,0,85,44,70,82,64,45,40,70,43,6,31,8,2,2,42,34,0,Not_Placed
S01486,70,82,6.55,0,74,89,61,48,53,76,22,25,67,5,83,7,0,3,98,7,1,Service_Ready
S01487,87,95,8.45,0,32,70,72,55,24,44,56,38,54,2,53,5,1,5,20,8,1,Product_Ready
S01488,88,73,6.2,0,61,57,45,78,43,40,79,39,25,2,29,0,1,5,80,17,0,Not_Placed
S01489,71,64,9.77,2,42,59,93,93,69,29,23,20,62,2,24,9,3,1,85,25,0,Not_Placed
S01490,68,95,7.89,1,65,53,82,23,47,20,55,32,24,0,33,7,1,1,46,4,0,Not_Placed
S01491,58,61,9.81,0,78,93,20,47,78,72,29,90,22,6,28,7,2,1,88,14,0,Not_Placed
S01492,84,94,8.46,3,29,30,95,81,96,75,68,35,92,3,93,8,0,2,94,14,0,Not_Placed
S01493,77,79,8.34,0,29,60,78,47,60,85,70,81,49,7,59,4,1,5,34,4,0,Not_Placed
S01494,78,95,6.7,0,66,75,95,27,97,37,42,88,84,4,65,1,3,4,41,2,1,Product_Ready
S01495,66,73,9.03,0,81,70,67,36,32,47,86,24,79,6,63,6,1,4,87,33,1,Service_Ready
S01496,97,92,9.93,0,37,83,68,61,31,98,55,27,47,3,79,0,1,5,99,6,0,Not_Placed
S01497,88,92,5.7,0,20,88,59,87,88,88,35,73,82,1,36,2,1,3,28,32,0,Not_Placed
S01498,59,90,7.64,0,49,45,68,50,69,34,71,57,57,2,79,3,2,3,82,23,0,Not_Placed
S01499,62,63,9.77,0,86,79,53,92,73,31,38,99,45,6,52,9,0,5,42,11,0,Not_Placed
S01500,90,85,7.25,2,85,72,79,56,80,72,31,54,86,1,57,7,1,0,59,2,1,Service_Ready
S01501,62,69,9.97,1,32,98,25,90,66,63,51,22,73,3,97,5,3,0,56,25,0,Not_Placed
S01502,92,96,7.07,0,27,86,49,71,44,71,78,49,86,3,76,6,3,2,98,17,0,Not_Placed
S01503,77,94,9.62,0,54,82,45,32,42,54,31,28,97,4,86,4,2,0,30,33,1,Service_Ready
S01504,76,96,9.91,0,94,60,96,68,34,32,72,52,91,6,51,4,1,3,76,19,1,Service_Ready
S01505,77,83,6.94,1,27,38,51,86,51,44,72,44,52,6,55,6,2,3,68,31,0,Not_Placed
S01506,67,97,7.83,0,45,94,66,56,22,45,34,85,47,4,57,4,3,5,23,9,0,Not_Placed
S01507,74,80,9.97,0,63,72,70,32,60,30,56,79,51,4,37,3,3,3,88,34,1,Product_Ready
S01508,72,73,9.87,0,20,73,39,77,54,89,89,80,82,4,80,8,0,2,64,16,0,Not_Placed
S01509,71,69,9.88,0,83,33,58,86,74,61,94,24,71,5,96,2,2,4,78,26,1,Service_Ready
S01510,75,82,7.43,0,66,54,26,75,71,65,28,77,42,2,80,8,0,4,87,26,0,Not_Placed
S01511,60,72,7.65,0,75,80,24,49,41,36,29,90,87,1,46,6,2,2,27,9,1,Service_Ready
S01512,91,59,6.89,0,70,85,31,66,74,45,64,81,89,6,21,9,1,1,76,33,1,Service_Ready
S01513,68,84,8.24,0,64,78,47,80,38,62,78,35,88,3,85,9,2,2,70,14,1,Service_Ready
S01514,70,89,6.22,0,92,80,69,72,65,71,48,24,86,1,94,0,3,0,91,3,1,Service_Ready
S01515,58,70,8.77,0,88,77,54,33,34,25,35,65,82,3,60,6,2,3,96,3,1,Service_Ready
S01516,74,85,7.2,0,27,58,56,48,54,57,94,54,87,2,31,9,2,2,96,30,0,Not_Placed
S01517,73,89,7.07,0,79,50,22,54,71,90,70,75,40,0,72,5,2,1,81,26,0,Not_Placed
S01518,69,86,9.99,0,50,83,48,34,77,42,57,60,94,6,22,2,0,0,94,31,1,Service_Ready
S01519,65,93,6.11,0,91,98,62,59,63,91,78,42,81,6,77,6,0,4,82,17,1,Service_Ready
S01520,66,85,8.6,0,40,22,67,29,61,85,65,28,68,3,79,9,3,4,66,14,0,Not_Placed
S01521,77,85,5.52,0,59,79,34,97,49,49,46,59,97,4,94,9,3,5,28,2,1,Service_Ready
S01522,60,55,7.74,0,57,64,59,34,69,21,72,45,85,2,52,1,0,2,45,31,1,Service_Ready
S01523,93,75,5.71,1,90,85,56,33,91,26,57,64,41,3,99,0,2,2,79,33,0,Not_Placed
S01524,57,57,7.99,1,28,88,47,34,50,78,73,87,66,1,42,5,0,0,73,29,0,Not_Placed
S01525,91,65,6.45,1,55,77,39,35,75,69,85,93,32,6,92,7,1,3,69,25,0,Not_Placed
S01526,57,80,9.3,0,30,27,76,65,97,21,83,71,84,2,25,4,0,3,33,20,0,Not_Placed
S01527,59,89,9.16,0,90,21,29,21,79,64,27,77,26,2,91,4,0,0,31,12,0,Not_Placed
S01528,84,58,5.55,0,22,87,76,95,43,52,22,23,49,5,68,7,1,4,25,25,1,Product_Ready
S01529,82,86,9.79,0,55,28,59,70,20,82,87,93,45,7,22,9,0,2,23,7,0,Not_Placed
S01530,63,80,7.42,0,22,54,78,57,52,34,94,93,33,1,64,5,0,2,48,21,0,Not_Placed
S01531,75,88,9.76,0,52,38,27,50,30,27,44,39,57,6,96,6,2,1,91,21,1,Service_Ready
S01532,71,65,7.76,2,71,56,71,28,54,86,26,21,44,7,95,5,1,4,60,12,0,Not_Placed
S01533,77,71,8.16,1,96,57,86,99,61,90,73,86,97,7,99,3,2,4,32,28,1,Service_Ready
S01534,55,79,8.28,0,92,90,33,43,86,67,84,57,89,2,31,5,2,5,65,11,1,Service_Ready
S01535,63,77,7.59,2,41,92,91,87,24,48,25,88,77,2,88,7,2,4,77,19,1,Product_Ready
S01536,80,96,6.74,0,66,86,22,31,42,30,71,69,76,7,65,8,1,5,35,12,1,Service_Ready
S01537,65,79,5.69,0,91,74,95,60,89,40,45,20,46,1,85,3,0,1,56,6,0,Not_Placed
S01538,95,67,7.95,0,46,84,27,86,68,33,81,62,46,7,46,3,2,1,94,4,0,Not_Placed
S01539,79,78,5.87,0,78,36,62,87,23,27,61,68,25,0,61,7,3,1,88,28,0,Not_Placed
S01540,87,56,7.89,0,47,43,70,40,50,94,69,59,87,2,35,5,2,2,82,17,0,Not_Placed
S01541,78,89,8.3,0,50,34,61,69,24,67,32,51,86,5,98,6,2,3,49,7,1,Service_Ready
S01542,79,82,7.36,0,45,82,37,92,82,81,87,67,69,6,88,5,1,5,70,13,0,Not_Placed
S01543,85,63,7.85,0,74,78,75,41,37,77,59,50,75,2,45,3,1,3,53,13,1,Product_Ready
S01544,70,96,8.45,0,20,62,51,82,52,96,85,49,29,6,58,7,2,4,49,18,0,Not_Placed
S01545,76,59,7.45,0,30,30,36,51,46,51,80,44,83,7,47,7,3,2,33,3,0,Not_Placed
S01546,71,55,8.93,0,83,97,50,77,97,33,88,35,88,5,32,4,0,5,42,30,1,Service_Ready
S01547,67,86,6.2,3,64,68,52,23,37,89,83,47,77,2,75,3,0,3,53,24,0,Not_Placed
S01548,64,84,9.71,0,28,62,23,61,84,60,83,74,37,7,65,3,1,1,63,6,0,Not_Placed
S01549,83,58,8.42,0,91,27,71,88,40,46,57,24,80,7,37,3,3,4,34,28,1,Service_Ready
S01550,75,58,7.42,0,61,24,67,44,86,45,93,81,26,3,46,9,0,3,75,4,0,Not_Placed
S01551,67,60,8.71,0,87,88,20,69,92,28,72,29,96,4,55,6,2,1,37,10,1,Service_Ready
S01552,57,61,7.53,0,80,36,72,25,58,44,61,61,78,5,57,2,0,0,20,17,1,Service_Ready
S01553,92,77,9.62,2,29,35,66,62,43,27,94,45,26,6,34,2,3,0,33,25,0,Not_Placed
S01554,65,57,6.38,1,99,94,36,68,22,74,91,59,85,6,59,8,2,3,69,18,1,Service_Ready
S01555,86,55,8.27,0,26,22,20,70,57,62,74,76,72,3,52,5,2,3,20,15,0,Not_Placed
S01556,84,75,5.91,0,33,59,54,61,39,79,28,52,68,3,23,9,1,4,41,8,0,Not_Placed
S01557,96,84,6.63,0,43,85,59,34,72,24,55,93,65,6,64,9,1,5,96,22,0,Not_Placed
S01558,86,97,7.93,0,34,39,69,25,98,36,45,41,92,7,95,5,1,4,97,25,0,Not_Placed
S01559,62,80,8.38,0,68,92,86,95,86,60,65,74,30,3,45,7,3,1,32,13,1,Product_Ready
S01560,76,56,6.57,0,22,82,42,74,51,47,27,22,72,5,48,1,0,0,78,25,0,Not_Placed
S01561,92,82,6.33,0,26,42,65,97,47,43,26,98,68,2,21,6,0,4,28,13,0,Not_Placed
S01562,83,78,9.06,0,24,98,90,33,55,54,69,98,30,7,94,2,0,4,89,22,1,Product_Ready
S01563,62,69,8.18,0,93,47,98,31,62,56,82,82,29,5,99,4,2,2,38,19,0,Not_Placed
S01564,84,86,9.08,0,96,40,40,48,98,66,31,77,60,2,31,6,0,1,45,11,1,Service_Ready
S01565,76,93,7.34,0,91,67,35,65,66,67,99,88,44,4,56,5,2,4,77,31,0,Not_Placed
S01566,85,76,9.78,0,60,69,63,28,78,46,78,22,26,1,35,0,0,5,63,33,0,Not_Placed
S01567,73,57,7.67,0,48,94,89,64,46,88,54,38,36,5,54,0,0,5,49,18,1,Product_Ready
S01568,91,69,8.04,3,33,64,57,82,94,30,67,45,86,0,80,5,0,5,45,27,0,Not_Placed
S01569,63,94,7.4,0,85,49,87,77,74,33,96,96,96,4,63,5,1,5,33,9,1,Service_Ready
S01570,78,76,7.48,0,82,45,29,96,77,33,92,90,58,1,50,1,3,2,34,26,1,Service_Ready
S01571,92,95,6.91,0,91,40,35,86,84,32,83,80,51,3,60,1,0,2,44,6,1,Service_Ready
S01572,56,96,9.8,0,65,41,52,51,36,75,22,89,68,6,96,6,1,0,40,17,1,Service_Ready
S01573,71,86,5.58,0,84,85,56,43,81,40,56,54,57,4,34,1,1,1,23,16,1,Service_Ready
S01574,77,95,7.28,0,89,73,57,47,98,38,88,83,23,7,29,4,2,3,42,3,0,Not_Placed
S01575,84,91,6.85,0,89,93,70,99,50,60,77,24,52,2,38,8,2,2,20,29,1,Product_Ready
S01576,93,59,7.36,0,83,31,72,74,72,40,38,88,91,1,78,0,1,2,42,4,1,Service_Ready
S01577,78,72,6.29,1,73,97,84,33,24,81,20,82,86,4,39,4,1,1,88,11,1,Product_Ready
S01578,78,93,9.93,0,93,61,77,62,29,97,58,32,94,6,30,0,3,0,79,33,1,Service_Ready
S01579,64,69,8.02,1,79,89,66,27,82,26,21,36,23,1,97,7,0,4,24,28,0,Not_Placed
S01580,59,57,7.94,1,32,89,69,27,49,59,98,93,52,6,92,0,3,0,52,10,0,Not_Placed
S01581,68,86,9.36,0,79,99,93,50,33,96,79,87,45,7,75,8,2,1,98,25,1,Product_Ready
S01582,85,73,8.35,0,53,58,42,99,63,89,77,78,45,5,59,4,1,3,30,10,0,Not_Placed
S01583,66,80,7.17,3,34,66,24,73,43,30,52,93,76,3,83,6,0,0,63,27,0,Not_Placed
S01584,79,90,5.84,0,48,96,35,59,46,89,61,76,29,4,57,7,1,0,77,3,0,Not_Placed
S01585,74,64,7.83,0,25,49,93,37,62,52,72,75,38,6,88,9,0,5,73,5,0,Not_Placed
S01586,96,80,9.39,0,96,75,58,58,67,44,53,40,44,0,41,6,0,5,97,27,0,Not_Placed
S01587,94,84,9.42,0,53,96,92,34,63,29,56,26,51,3,30,3,3,4,52,5,1,Product_Ready
S01588,80,85,7.48,0,55,68,50,63,78,42,87,61,61,4,20,4,3,1,65,24,1,Service_Ready
S01589,76,82,8.09,0,83,25,33,36,57,88,32,72,28,3,45,2,3,0,99,31,0,Not_Placed
S01590,86,68,5.72,0,94,88,30,45,45,36,63,42,44,3,56,0,1,1,51,26,0,Not_Placed
S01591,64,55,8.54,0,32,73,22,61,97,59,93,85,79,4,30,7,0,1,61,14,0,Not_Placed
S01592,82,90,9.02,0,46,86,47,85,47,40,26,33,58,5,92,6,1,3,57,23,0,Not_Placed
S01593,58,61,7.3,0,77,76,54,92,32,58,40,66,21,3,49,6,3,4,43,29,0,Not_Placed
S01594,84,95,7.25,2,97,93,93,27,33,64,57,51,81,4,86,3,0,4,99,8,1,Service_Ready
S01595,91,62,8.04,1,30,54,46,86,66,69,27,74,96,1,86,3,1,4,54,14,0,Not_Placed
S01596,74,78,9.57,0,35,74,91,77,83,95,68,48,98,5,26,2,3,2,88,27,1,Product_Ready
S01597,56,87,9.95,2,49,60,23,58,43,69,56,72,44,4,50,2,3,5,77,5,0,Not_Placed
S01598,82,85,9.76,0,20,62,78,80,60,37,79,88,98,2,61,3,3,5,30,26,0,Not_Placed
S01599,97,56,5.59,0,56,75,94,65,47,71,34,64,77,2,92,7,2,0,92,18,1,Product_Ready
S01600,95,55,8.74,1,47,57,37,56,46,44,88,46,96,5,26,9,1,2,78,9,0,Not_Placed
S01601,85,89,7.61,0,37,82,95,71,82,64,31,27,41,2,60,3,0,0,76,33,1,Product_Ready
S01602,87,85,7.71,2,51,55,35,31,60,86,77,28,36,5,24,9,0,0,20,10,0,Not_Placed
S01603,77,92,7.01,0,24,67,82,57,71,65,28,69,93,1,96,5,2,0,39,11,0,Not_Placed
S01604,70,69,7.65,1,43,69,26,48,24,54,84,89,93,6,63,7,0,5,97,12,0,Not_Placed
S01605,96,92,9.99,1,32,44,43,48,89,37,24,37,82,4,56,6,2,0,31,25,0,Not_Placed
S01606,63,66,6.82,0,41,36,52,66,34,52,34,46,80,3,67,7,1,5,21,23,0,Not_Placed
S01607,75,60,6.98,0,20,41,43,83,60,41,80,31,23,2,99,9,3,3,52,22,0,Not_Placed
S01608,90,63,6.66,1,93,93,91,71,66,78,66,75,32,3,54,6,2,4,75,6,1,Product_Ready
S01609,57,91,8.76,1,67,99,54,37,30,70,42,66,94,2,76,5,3,1,46,10,1,Service_Ready
S01610,89,63,6.87,0,75,67,20,46,64,82,77,59,82,5,48,7,2,3,84,24,1,Service_Ready
S01611,67,84,7.48,2,94,82,90,54,30,68,59,40,66,2,49,7,1,2,81,34,1,Service_Ready
S01612,76,85,9.5,0,31,82,96,57,66,73,74,67,92,7,34,6,3,0,35,25,1,Product_Ready
S01613,97,61,9.93,0,79,22,20,50,75,99,65,51,37,0,87,2,3,3,42,16,0,Not_Placed
S01614,67,68,5.64,1,41,47,23,69,48,56,54,39,54,2,21,3,1,2,37,31,0,Not_Placed
S01615,96,83,7.21,0,41,79,29,99,25,25,47,61,93,0,82,5,3,2,48,8,0,Not_Placed
S01616,88,86,7.02,1,38,39,52,23,51,38,22,80,57,5,25,7,3,0,88,20,0,Not_Placed
S01617,97,96,9.36,0,21,47,36,89,88,58,26,51,23,4,51,7,1,0,33,7,0,Not_Placed
S01618,65,74,6.55,1,67,26,59,78,55,63,50,61,63,2,62,5,0,2,85,23,1,Service_Ready
S01619,63,65,9.97,2,37,44,93,77,49,20,82,98,48,1,94,4,1,3,38,3,0,Not_Placed
S01620,74,95,6.4,0,87,49,32,34,39,53,39,69,46,5,75,8,3,0,74,25,0,Not_Placed
S01621,79,94,8.35,0,79,96,66,44,44,36,31,71,30,1,79,5,0,3,39,6,0,Not_Placed
S01622,95,86,7.22,0,26,65,97,37,57,84,36,57,82,5,61,6,3,5,83,10,0,Not_Placed
S01623,87,97,8.33,0,94,24,23,27,61,54,32,24,59,2,23,1,1,2,50,29,1,Service_Ready
S01624,63,80,6.14,1,48,45,47,26,53,75,29,76,66,5,46,6,1,2,28,20,0,Not_Placed
S01625,56,82,9.1,3,89,90,89,52,97,84,44,89,47,1,82,0,2,3,85,22,0,Not_Placed
S01626,77,56,9.93,1,24,41,39,66,96,53,63,25,75,4,72,0,2,2,67,8,0,Not_Placed
S01627,76,86,8.27,0,38,46,82,79,80,80,64,40,63,4,20,3,1,4,98,26,0,Not_Placed
S01628,69,94,9.76,0,60,52,31,21,40,33,53,98,83,6,69,4,3,3,65,6,1,Service_Ready
S01629,56,76,7.64,0,80,90,35,83,33,62,95,62,89,6,95,4,2,3,93,28,1,Service_Ready
S01630,61,90,5.63,0,80,91,79,43,26,80,55,46,48,6,39,5,3,1,95,4,1,Product_Ready
S01631,96,93,5.92,1,87,50,57,25,27,47,34,27,73,5,48,2,1,1,26,11,0,Not_Placed
S01632,67,76,6.28,0,61,85,30,69,90,54,99,98,39,3,56,2,0,2,92,28,0,Not_Placed
S01633,86,93,5.52,0,22,94,48,77,69,29,80,80,42,5,94,2,2,2,49,4,0,Not_Placed
S01634,67,94,8.32,0,86,57,43,70,95,80,65,62,46,4,49,9,2,1,22,14,0,Not_Placed
S01635,81,72,9.41,1,65,97,63,82,23,35,70,93,67,0,88,2,0,2,56,6,1,Service_Ready
S01636,96,78,7.56,1,86,87,51,43,54,37,86,73,45,3,84,2,1,1,79,13,0,Not_Placed
S01637,71,75,8.87,0,63,89,81,61,41,57,33,45,59,5,32,2,1,0,69,4,1,Product_Ready
S01638,85,66,7.5,1,57,97,99,69,43,36,37,61,36,7,71,3,2,2,58,18,1,Product_Ready
S01639,79,92,7.35,0,78,49,76,52,72,35,68,24,96,5,79,6,2,0,74,28,1,Service_Ready
S01640,89,59,8.48,0,90,74,33,74,34,24,23,49,72,1,92,5,3,0,80,8,1,Service_Ready
S01641,58,82,8.59,1,92,61,96,48,54,64,93,48,89,2,76,1,2,5,46,23,1,Service_Ready
S01642,64,73,7.62,0,36,75,29,73,93,93,57,23,69,2,80,4,3,5,65,32,0,Not_Placed
S01643,61,88,8.2,0,44,24,58,48,76,65,52,29,77,0,93,6,3,3,47,13,0,Not_Placed
S01644,86,83,5.5,2,46,45,22,58,84,54,72,65,87,2,41,5,3,0,94,23,0,Not_Placed
S01645,63,83,8.78,0,50,65,23,21,24,65,98,38,57,2,98,7,3,3,87,16,1,Service_Ready
S01646,55,85,9.16,0,79,37,97,77,84,96,98,88,33,5,65,4,2,2,88,16,0,Not_Placed
S01647,61,59,9.0,0,43,54,88,31,65,88,55,67,86,4,73,8,2,3,71,23,0,Not_Placed
S01648,92,89,9.59,0,27,58,37,22,37,99,20,45,71,7,31,5,3,4,60,14,0,Not_Placed
S01649,66,67,8.29,0,89,67,90,90,47,38,99,67,48,7,38,2,2,0,79,21,0,Not_Placed
S01650,91,73,8.09,0,68,34,79,87,98,46,94,74,34,3,50,4,1,4,73,14,0,Not_Placed
S01651,74,88,7.35,2,56,71,46,53,81,35,78,40,35,0,98,0,1,4,46,2,0,Not_Placed
S01652,84,77,5.7,0,35,74,37,36,94,71,64,75,73,0,36,4,1,2,57,33,0,Not_Placed
S01653,62,81,9.81,0,44,61,32,75,98,70,69,96,71,3,52,8,3,1,59,24,0,Not_Placed
S01654,92,57,5.5,0,49,29,84,41,71,75,52,99,49,1,43,4,0,4,74,24,0,Not_Placed
S01655,96,81,8.57,0,52,99,81,46,26,46,93,29,94,0,49,2,0,5,96,20,1,Service_Ready
S01656,79,64,9.01,0,57,90,33,49,59,31,33,20,87,0,37,2,3,3,51,9,1,Service_Ready
S01657,79,74,9.49,0,72,93,88,27,20,26,81,77,97,6,92,7,3,2,77,33,1,Product_Ready
S01658,58,92,8.03,0,84,68,94,48,48,52,47,45,48,2,53,7,1,2,91,32,0,Not_Placed
S01659,55,93,6.04,0,87,42,80,46,35,64,46,92,24,2,91,1,2,5,65,27,0,Not_Placed
S01660,93,78,6.1,0,89,67,28,69,88,67,58,24,30,6,79,6,3,1,86,6,0,Not_Placed
S01661,67,70,9.57,0,52,98,74,71,56,34,84,87,22,7,24,8,0,2,49,8,1,Product_Ready
S01662,76,74,8.71,0,82,94,50,38,98,81,26,56,90,5,95,7,0,1,47,19,1,Service_Ready
S01663,85,71,6.25,0,25,31,80,55,54,86,98,96,82,2,59,1,2,4,24,18,0,Not_Placed
S01664,73,58,6.34,0,75,73,57,73,38,45,71,94,80,6,86,3,1,0,30,28,1,Service_Ready
S01665,97,83,8.68,1,77,30,83,50,30,62,55,21,80,3,97,4,0,2,31,30,1,Service_Ready
S01666,60,77,9.71,1,95,45,26,51,52,39,88,71,61,2,20,6,3,1,69,11,1,Service_Ready
S01667,96,80,8.37,1,81,31,59,97,53,89,46,27,66,0,45,8,2,5,45,6,1,Service_Ready
S01668,92,89,7.83,0,49,73,86,51,27,69,66,65,99,2,80,8,2,2,82,9,1,Product_Ready
S01669,88,79,5.8,0,69,32,65,95,98,72,82,21,59,6,78,4,1,1,46,5,1,Service_Ready
S01670,58,62,6.75,0,59,46,26,42,83,48,80,63,88,2,31,0,0,1,55,7,1,Service_Ready
S01671,86,86,7.63,0,48,30,85,75,77,71,80,36,49,0,91,4,0,1,89,17,0,Not_Placed
S01672,55,63,5.87,0,98,43,24,70,57,48,65,71,65,2,87,9,1,0,23,11,1,Service_Ready
S01673,87,72,6.61,0,44,79,56,87,96,37,48,49,26,7,60,9,0,2,40,30,0,Not_Placed
S01674,61,67,6.47,0,76,44,32,56,49,31,84,37,81,7,79,0,1,3,28,29,1,Service_Ready
S01675,69,67,9.24,0,28,75,94,55,75,90,39,74,79,2,93,2,0,5,64,6,1,Product_Ready
S01676,94,92,7.02,0,23,88,32,40,51,57,51,98,76,7,49,6,1,3,45,27,0,Not_Placed
S01677,56,97,8.9,1,77,67,24,95,54,35,68,79,70,6,78,8,0,5,45,7,1,Service_Ready
S01678,57,77,7.4,0,84,82,69,66,27,50,30,36,46,3,46,2,2,4,66,20,0,Not_Placed
S01679,85,70,8.24,0,48,63,48,21,25,28,34,77,21,2,71,6,0,5,91,22,0,Not_Placed
S01680,93,97,6.56,0,56,74,51,33,84,46,43,41,97,4,27,2,3,0,66,22,1,Service_Ready
S01681,86,94,8.52,0,71,30,37,30,46,62,84,73,48,4,48,8,0,5,90,32,0,Not_Placed
S01682,81,96,8.31,0,76,24,39,23,75,53,59,88,87,0,41,3,3,2,65,30,1,Service_Ready
S01683,80,84,7.11,0,77,21,20,74,53,83,87,31,69,4,29,4,3,0,89,15,1,Service_Ready
S01684,91,94,5.71,0,33,71,36,81,41,72,51,95,74,0,99,5,1,1,85,9,0,Not_Placed
S01685,55,95,7.22,0,65,55,36,60,49,71,98,39,55,7,85,3,1,2,61,3,1,Service_Ready
S01686,56,55,6.08,0,78,89,22,89,68,69,54,42,91,6,69,9,1,1,38,24,1,Service_Ready
S01687,85,87,7.22,2,28,48,98,37,90,97,48,80,24,0,88,7,1,3,34,27,0,Not_Placed
S01688,78,73,5.61,0,35,94,44,76,40,24,94,28,30,4,84,9,1,2,38,17,0,Not_Placed
S01689,91,95,8.65,0,31,43,41,66,49,79,58,39,45,0,88,7,1,5,72,6,0,Not_Placed
S01690,64,82,7.87,0,85,54,71,81,71,66,73,47,42,2,54,8,2,1,35,17,0,Not_Placed
S01691,57,82,6.28,0,52,27,43,72,83,77,56,31,23,5,50,5,2,5,56,29,0,Not_Placed
S01692,65,68,5.85,0,29,57,62,56,61,51,33,23,43,7,29,5,2,1,44,8,0,Not_Placed
S01693,72,72,9.67,0,93,78,91,51,36,97,36,40,74,5,68,3,1,1,51,9,1,Product_Ready
S01694,83,71,6.74,0,94,64,95,98,22,22,57,92,59,3,73,7,3,4,24,8,1,Service_Ready
S01695,62,86,6.85,0,51,62,82,55,68,44,85,28,37,5,34,6,0,1,55,17,0,Not_Placed
S01696,95,75,5.7,1,84,32,55,77,39,71,25,42,61,7,24,0,2,2,87,24,0,Not_Placed
S01697,77,88,5.73,0,81,47,26,73,89,33,74,77,63,5,33,8,0,1,24,27,1,Service_Ready
S01698,77,66,6.93,0,66,98,54,38,98,82,27,42,32,6,50,9,1,2,44,30,0,Not_Placed
S01699,76,73,9.38,0,93,41,27,66,25,26,55,27,96,7,65,1,3,4,69,25,1,Service_Ready
S01700,97,64,8.8,0,35,97,22,49,37,78,89,54,38,1,54,7,0,0,68,11,0,Not_Placed
S01701,75,95,8.44,0,90,87,97,43,62,58,44,87,53,7,72,6,2,4,37,8,1,Product_Ready
S01702,65,96,8.46,0,84,24,45,70,57,22,78,32,54,6,22,4,2,4,85,4,1,Service_Ready
S01703,74,63,9.2,0,71,69,20,58,71,95,59,79,92,5,88,3,0,1,28,31,1,Service_Ready
S01704,72,97,9.43,2,36,24,89,93,83,85,90,23,47,3,57,1,2,3,66,26,0,Not_Placed
S01705,56,93,6.81,0,59,69,59,56,88,36,81,60,95,1,50,0,2,4,86,31,1,Service_Ready
S01706,76,92,6.29,2,80,93,51,23,64,91,39,90,84,3,45,8,2,1,45,15,1,Service_Ready
S01707,85,80,9.02,0,24,89,54,35,50,33,44,98,94,4,90,1,1,3,75,3,0,Not_Placed
S01708,80,77,6.39,0,77,46,36,57,33,33,31,88,87,6,82,8,0,3,35,3,1,Service_Ready
S01709,77,58,6.58,0,58,53,73,84,48,60,82,51,85,7,64,0,2,1,87,2,1,Service_Ready
S01710,77,60,7.99,0,95,46,38,47,54,87,68,26,56,2,44,4,1,2,60,18,1,Service_Ready
S01711,95,68,7.31,0,98,67,70,74,31,88,20,78,92,6,53,0,3,5,78,3,1,Service_Ready
S01712,73,82,5.66,0,70,41,87,27,79,84,55,90,48,0,75,1,3,3,91,28,0,Not_Placed
S01713,93,89,8.3,0,66,59,50,88,93,62,74,35,87,6,88,9,1,0,69,21,1,Service_Ready
S01714,60,65,6.57,3,86,35,71,53,39,99,75,70,72,0,23,1,3,4,54,31,0,Not_Placed
S01715,72,75,8.68,2,60,73,49,75,98,60,33,40,44,1,72,5,3,3,43,32,0,Not_Placed
S01716,73,65,9.36,0,94,72,83,54,31,66,74,88,57,4,31,2,0,1,48,4,1,Product_Ready
S01717,77,84,9.66,0,23,76,73,47,35,32,91,75,72,7,44,1,1,2,42,30,1,Product_Ready
S01718,95,84,8.66,2,43,84,20,73,91,53,99,87,48,0,22,7,1,0,27,26,0,Not_Placed
S01719,78,80,6.47,0,48,62,92,97,24,69,75,82,76,6,64,4,3,5,55,34,0,Not_Placed
S01720,60,66,7.28,0,84,43,64,80,38,51,49,84,51,0,39,4,2,5,49,24,1,Service_Ready
S01721,81,91,8.26,0,50,85,73,29,57,50,48,44,51,0,64,0,2,1,94,21,1,Service_Ready
S01722,67,78,5.61,0,40,25,90,72,71,88,28,93,65,2,94,6,1,2,78,29,0,Not_Placed
S01723,86,70,7.59,0,76,39,61,91,53,69,30,62,29,7,91,2,0,3,22,33,0,Not_Placed
S01724,70,84,9.57,1,70,52,44,37,45,25,57,63,86,2,25,1,3,4,84,15,1,Service_Ready
S01725,71,67,6.44,2,56,76,72,65,97,23,53,85,82,4,61,2,0,4,49,30,0,Not_Placed
S01726,61,63,5.82,0,39,75,51,44,68,76,46,46,65,6,64,9,1,1,67,22,0,Not_Placed
S01727,82,69,6.87,0,30,94,47,74,88,91,45,89,51,7,31,5,0,3,80,24,0,Not_Placed
S01728,95,71,6.78,0,84,90,32,97,67,68,77,92,89,4,45,5,2,1,46,32,1,Service_Ready
S01729,57,78,6.49,0,49,54,62,80,59,61,61,22,97,2,40,8,0,0,72,25,0,Not_Placed
S01730,92,65,6.22,1,81,80,31,28,86,93,21,27,62,1,71,6,2,5,83,34,1,Service_Ready
S01731,83,87,5.88,2,55,74,82,88,99,59,43,77,47,5,44,6,1,2,64,33,0,Not_Placed
S01732,93,86,5.64,0,87,26,57,89,72,94,92,49,41,1,92,6,1,2,65,34,0,Not_Placed
S01733,80,70,8.21,0,35,44,70,96,65,26,53,77,97,6,42,0,0,1,46,3,0,Not_Placed
S01734,91,84,5.78,0,33,30,59,22,20,28,92,95,20,7,91,9,0,5,60,23,0,Not_Placed
S01735,70,73,6.88,0,33,78,45,63,39,24,84,30,66,1,80,1,1,4,42,13,0,Not_Placed
S01736,56,74,6.71,1,68,35,87,62,96,84,28,40,62,1,23,5,2,5,77,5,1,Service_Ready
S01737,74,89,6.21,3,64,33,41,67,49,48,55,61,48,6,51,8,2,4,73,15,0,Not_Placed
S01738,60,70,6.35,0,35,24,43,62,84,29,78,54,50,7,98,8,1,3,35,2,0,Not_Placed
S01739,60,65,7.23,0,70,59,44,82,41,57,28,56,24,1,41,5,1,3,46,16,0,Not_Placed
S01740,71,57,9.29,0,81,28,43,51,22,52,62,31,51,3,86,3,0,1,38,5,1,Service_Ready
S01741,83,71,9.49,0,95,64,30,72,79,48,39,24,44,1,31,1,1,5,38,13,0,Not_Placed
S01742,79,67,7.2,1,27,64,91,20,22,84,34,69,39,2,80,5,3,3,56,22,0,Not_Placed
S01743,96,93,6.94,0,37,36,50,83,67,45,41,64,55,7,54,1,1,2,87,18,0,Not_Placed
S01744,60,96,5.58,0,76,93,99,93,93,33,91,20,35,1,68,9,1,1,85,10,0,Not_Placed
S01745,59,94,9.67,2,91,24,88,71,92,52,41,34,84,6,42,2,3,5,77,27,1,Service_Ready
S01746,96,66,8.46,0,96,21,51,69,80,30,87,53,99,6,27,7,1,4,38,11,1,Service_Ready
S01747,63,83,9.15,0,96,65,99,81,79,24,52,74,38,0,61,4,1,4,46,13,0,Not_Placed
S01748,82,55,6.99,0,41,87,30,83,90,76,54,56,69,0,49,0,0,4,22,25,0,Not_Placed
S01749,77,55,7.5,0,49,85,37,78,72,83,49,37,24,4,27,8,3,5,32,19,0,Not_Placed
S01750,58,76,7.45,0,49,24,20,79,50,39,83,83,48,4,29,6,1,0,99,24,0,Not_Placed
S01751,87,91,7.99,0,56,25,96,81,52,97,59,60,61,5,28,1,2,3,53,18,1,Service_Ready
S01752,61,86,6.51,0,75,72,21,40,95,61,76,68,29,7,80,4,3,0,32,13,0,Not_Placed
S01753,71,63,6.93,0,59,95,92,83,89,83,44,47,29,0,47,3,2,4,45,19,0,Not_Placed
S01754,58,95,8.49,2,90,79,98,71,28,49,63,81,62,3,27,2,2,2,49,12,1,Service_Ready
S01755,74,85,6.74,0,86,82,67,61,71,24,96,31,78,0,71,9,2,4,82,26,1,Service_Ready
S01756,70,71,9.07,0,68,24,20,86,43,48,34,23,63,0,98,7,3,3,29,12,1,Service_Ready
S01757,72,88,5.71,0,58,70,95,69,26,87,72,56,73,1,74,0,3,3,78,19,1,Service_Ready
S01758,57,72,5.77,0,44,37,71,62,86,26,93,63,63,2,98,4,0,1,56,29,0,Not_Placed
S01759,86,95,6.41,0,93,59,60,89,43,37,93,75,34,4,91,1,2,2,22,22,0,Not_Placed
S01760,93,86,9.04,0,28,69,20,23,23,53,46,34,51,0,90,6,2,0,51,27,0,Not_Placed
S01761,63,70,7.51,3,44,64,43,22,81,98,86,74,29,5,74,5,1,0,27,16,0,Not_Placed
S01762,69,60,7.23,0,59,88,46,93,62,71,65,33,83,4,77,0,2,4,45,28,1,Service_Ready
S01763,57,57,7.09,0,89,97,22,52,61,32,48,28,51,5,77,8,1,1,44,13,1,Service_Ready
S01764,57,73,8.57,0,45,32,26,53,41,42,67,33,71,2,58,8,3,5,42,11,0,Not_Placed
S01765,89,75,5.64,1,89,24,98,76,62,71,96,25,21,0,31,5,1,5,51,30,0,Not_Placed
S01766,93,63,7.46,1,44,72,48,25,95,57,22,54,74,6,52,4,0,2,88,15,0,Not_Placed
S01767,90,82,7.74,0,96,85,44,39,90,94,88,48,37,7,46,9,2,1,85,27,0,Not_Placed
S01768,77,59,6.31,0,99,31,21,62,41,45,52,43,88,4,65,1,2,4,27,22,1,Service_Ready
S01769,59,67,9.33,1,48,88,51,67,21,88,70,54,34,2,91,0,1,5,36,17,0,Not_Placed
S01770,55,57,5.92,0,71,72,22,66,94,25,65,80,62,7,89,1,3,5,60,12,1,Service_Ready
S01771,56,85,8.61,0,77,74,65,43,96,56,60,44,48,6,21,7,3,4,80,28,0,Not_Placed
S01772,88,68,9.19,1,48,99,57,60,52,32,25,85,27,6,83,3,0,4,20,3,0,Not_Placed
S01773,94,65,9.85,0,24,58,85,64,94,32,51,62,27,1,78,0,2,1,91,27,0,Not_Placed
S01774,86,82,9.91,0,41,41,22,65,69,27,23,34,63,5,58,7,3,4,92,21,0,Not_Placed
S01775,88,80,8.3,1,82,71,73,61,73,71,32,51,85,1,77,6,2,5,73,16,1,Service_Ready
S01776,62,63,7.2,2,33,27,54,37,74,97,71,91,68,7,56,1,0,4,97,10,0,Not_Placed
S01777,81,74,8.21,0,69,50,96,84,72,59,92,58,29,4,59,1,1,3,66,33,0,Not_Placed
S01778,78,92,6.84,0,51,46,73,75,50,43,54,49,74,7,52,0,0,3,83,31,1,Service_Ready
S01779,69,83,7.39,0,49,31,86,34,29,80,42,30,35,0,99,5,1,0,61,11,0,Not_Placed
S01780,74,63,8.89,0,71,30,56,91,41,71,24,21,24,2,51,2,2,2,23,24,0,Not_Placed
S01781,73,80,6.98,0,90,51,63,45,80,70,78,57,45,3,64,5,0,4,67,13,0,Not_Placed
S01782,71,80,7.11,0,63,55,72,63,41,21,26,35,63,7,84,5,2,0,90,6,1,Service_Ready
S01783,84,96,7.15,0,90,76,51,69,94,29,41,60,66,5,22,7,1,4,35,29,1,Service_Ready
S01784,89,94,7.64,0,74,37,90,68,61,26,23,62,99,2,68,5,3,2,41,22,1,Service_Ready
S01785,72,86,9.2,0,63,49,52,46,75,42,62,73,87,4,59,5,0,1,29,31,1,Service_Ready
S01786,64,90,8.07,0,42,23,31,68,43,32,87,91,53,0,29,2,0,1,91,11,0,Not_Placed
S01787,97,79,8.09,0,86,80,57,27,84,24,62,79,45,2,53,8,1,4,45,13,0,Not_Placed
S01788,63,95,7.29,0,69,29,77,29,97,55,93,75,81,1,56,8,3,5,67,23,1,Service_Ready
S01789,77,70,5.75,0,67,83,56,60,24,96,71,36,81,3,39,6,0,5,35,8,1,Service_Ready
S01790,84,56,9.03,0,77,22,27,94,80,24,45,92,36,4,85,2,2,3,46,2,0,Not_Placed
S01791,65,93,5.55,1,40,47,20,33,39,92,64,80,46,1,75,3,3,4,50,11,0,Not_Placed
S01792,63,82,9.5,1,91,24,26,34,86,37,57,45,57,2,71,0,0,0,81,3,1,Service_Ready
S01793,79,95,7.65,3,23,22,53,29,46,20,63,71,44,1,84,3,2,0,96,22,0,Not_Placed
S01794,69,64,6.72,0,39,49,29,73,77,98,48,20,77,4,34,2,0,5,38,5,0,Not_Placed
S01795,66,79,6.7,1,31,98,36,20,33,21,23,85,65,1,79,7,3,0,67,7,0,Not_Placed
S01796,84,76,7.6,0,89,45,61,86,86,71,25,29,57,3,96,5,3,5,68,28,1,Service_Ready
S01797,62,59,7.54,0,79,48,97,93,30,54,42,91,40,4,47,3,2,1,72,29,0,Not_Placed
S01798,96,81,9.24,0,80,98,52,74,56,66,55,47,29,6,24,1,2,5,61,24,0,Not_Placed
S01799,82,95,5.99,0,85,99,77,85,55,21,57,93,33,2,34,4,3,2,62,34,1,Product_Ready
S01800,94,76,7.88,0,80,63,71,81,21,90,50,92,91,0,24,9,0,4,30,21,1,Service_Ready
S01801,77,81,5.62,0,78,99,59,37,70,80,42,55,57,7,75,6,0,3,88,29,1,Service_Ready
S01802,80,97,9.95,0,94,35,81,84,99,24,65,83,60,1,63,8,1,1,34,5,1,Service_Ready
S01803,58,79,6.0,1,44,86,54,92,97,41,28,43,42,4,56,8,3,5,71,21,0,Not_Placed
S01804,93,90,9.25,0,23,22,38,60,59,77,58,26,55,2,95,3,1,3,48,31,0,Not_Placed
S01805,74,58,8.19,0,25,37,72,41,87,94,54,94,28,6,62,2,0,2,36,3,0,Not_Placed
S01806,78,69,7.5,2,71,73,77,64,96,69,41,71,72,6,90,6,3,5,50,5,1,Product_Ready
S01807,89,87,9.8,1,65,75,75,45,79,96,91,67,77,0,82,7,2,1,22,8,1,Service_Ready
S01808,56,87,6.73,0,93,60,77,87,42,55,40,91,74,0,75,7,1,4,24,27,1,Service_Ready
S01809,64,65,9.84,0,23,21,96,58,42,64,93,96,61,6,61,2,3,3,23,17,0,Not_Placed
S01810,95,60,8.15,0,42,95,61,31,83,77,70,48,38,5,64,7,1,5,99,3,0,Not_Placed
S01811,62,67,9.54,0,90,33,61,95,67,43,84,36,57,3,52,7,2,4,89,22,1,Service_Ready
S01812,58,87,9.25,0,96,92,50,23,27,46,55,28,62,7,56,8,3,5,45,5,1,Service_Ready
S01813,55,74,6.01,0,88,71,83,40,99,91,95,44,86,1,46,4,3,5,64,8,1,Service_Ready
S01814,57,60,8.07,0,52,98,81,82,75,58,79,97,43,1,52,9,2,5,81,2,0,Not_Placed
S01815,69,55,7.87,0,86,99,73,82,73,71,73,86,56,3,31,9,3,5,51,8,1,Product_Ready
S01816,76,56,5.91,0,90,87,71,56,65,60,24,85,24,6,22,9,3,1,93,13,1,Product_Ready
S01817,74,83,5.65,0,46,87,48,22,49,28,20,42,86,7,25,0,2,1,72,31,0,Not_Placed
S01818,66,94,9.11,0,87,26,66,62,35,41,82,65,64,0,44,1,2,3,50,23,1,Service_Ready
S01819,81,56,6.88,1,36,75,50,62,91,72,24,21,78,3,53,2,3,3,92,7,0,Not_Placed
S01820,59,95,6.59,1,32,45,83,98,30,81,99,66,89,5,94,9,3,1,35,13,0,Not_Placed
S01821,61,93,7.89,0,78,89,81,91,81,69,96,73,73,0,47,7,2,0,93,34,1,Service_Ready
S01822,55,75,9.67,0,64,92,99,59,80,55,43,99,33,7,94,3,3,0,66,13,1,Product_Ready
S01823,75,63,8.24,0,45,73,32,80,39,46,21,29,79,0,38,6,2,0,43,17,0,Not_Placed
S01824,71,70,7.14,1,68,50,85,73,21,80,34,79,62,4,59,4,1,3,33,29,1,Service_Ready
S01825,68,88,7.37,0,75,80,80,59,39,61,26,98,92,3,50,6,1,3,95,23,1,Product_Ready
S01826,78,88,8.22,3,83,39,46,77,63,84,65,73,58,4,26,5,2,3,44,22,0,Not_Placed
S01827,63,81,5.85,0,85,28,98,72,40,69,35,85,45,3,48,0,1,5,90,16,0,Not_Placed
S01828,71,63,7.13,0,51,62,78,49,30,99,45,21,53,0,50,6,0,4,55,24,1,Service_Ready
S01829,80,72,5.89,0,68,83,90,82,81,61,43,54,96,6,68,2,0,5,80,17,1,Product_Ready
S01830,84,59,8.1,0,30,43,98,70,38,69,22,22,50,1,66,7,0,2,64,34,0,Not_Placed
S01831,65,75,9.31,0,77,74,47,94,65,63,44,90,68,4,65,7,1,4,31,15,1,Service_Ready
S01832,63,85,7.6,0,25,84,41,36,78,48,86,36,21,7,41,6,0,1,72,23,0,Not_Placed
S01833,58,92,9.21,2,83,96,52,57,48,80,51,30,37,4,40,3,2,3,26,28,0,Not_Placed
S01834,61,56,9.66,0,51,64,95,96,78,22,58,70,27,5,65,1,1,1,60,16,0,Not_Placed
S01835,66,95,8.54,0,46,66,96,42,93,33,80,86,95,0,84,7,0,1,92,2,0,Not_Placed
S01836,96,93,7.29,0,24,87,91,99,84,98,34,69,25,1,88,2,2,0,48,30,0,Not_Placed
S01837,78,85,8.9,0,95,39,23,77,96,80,29,60,72,6,90,8,3,2,23,8,1,Service_Ready
S01838,95,84,6.48,0,71,67,42,56,90,72,64,68,68,6,66,8,2,2,31,24,1,Service_Ready
S01839,71,61,7.57,0,79,72,93,35,44,85,69,88,97,6,59,5,3,3,28,7,1,Product_Ready
S01840,71,94,6.58,2,62,65,82,20,78,82,98,37,84,5,39,7,1,3,73,26,1,Service_Ready
S01841,70,74,7.04,0,26,42,94,52,59,24,64,60,27,2,69,3,1,4,73,33,0,Not_Placed
S01842,83,70,5.9,0,92,80,26,49,34,23,82,89,57,6,79,2,1,4,27,31,1,Service_Ready
S01843,73,84,6.11,0,41,52,91,56,31,88,83,44,73,4,32,4,1,5,95,29,0,Not_Placed
S01844,63,64,5.95,0,78,72,59,94,81,25,23,74,88,1,22,6,3,5,31,18,1,Service_Ready
S01845,57,65,7.87,0,20,86,99,97,68,70,90,62,50,7,56,0,0,1,37,2,1,Product_Ready
S01846,83,67,6.18,1,67,38,45,57,99,44,75,93,47,4,70,7,3,1,77,25,0,Not_Placed
S01847,77,91,7.96,0,72,86,21,48,76,53,97,21,94,6,96,9,3,1,73,11,1,Service_Ready
S01848,66,76,6.32,0,43,44,54,76,91,88,47,95,52,4,35,9,3,0,96,24,0,Not_Placed
S01849,85,90,8.4,0,22,51,34,94,85,82,20,94,24,1,25,2,3,4,92,29,0,Not_Placed
S01850,73,59,9.79,0,90,97,41,92,42,62,87,62,45,0,89,0,0,2,74,7,0,Not_Placed
S01851,60,58,6.34,0,75,37,51,67,48,51,44,95,82,0,90,3,3,1,30,20,1,Service_Ready
S01852,73,97,6.37,0,42,79,29,82,21,55,76,85,98,3,61,4,1,1,57,23,0,Not_Placed
S01853,83,68,6.48,0,65,53,81,60,34,74,22,95,57,2,36,5,2,2,68,22,1,Service_Ready
S01854,94,78,9.44,0,39,98,54,67,52,75,60,73,63,1,91,9,3,3,30,31,0,Not_Placed
S01855,81,93,7.87,0,36,97,44,45,66,44,79,79,46,2,95,3,2,0,46,19,0,Not_Placed
S01856,64,84,6.96,0,26,49,84,48,44,59,45,36,50,4,27,4,0,3,90,28,0,Not_Placed
S01857,89,81,6.11,0,21,80,90,96,49,49,64,43,75,2,80,0,0,4,99,16,1,Product_Ready
S01858,65,66,8.58,1,28,65,90,79,30,29,22,38,21,0,21,4,3,0,29,5,0,Not_Placed
S01859,97,80,9.97,0,43,95,35,28,25,84,97,43,29,1,92,6,2,3,22,10,0,Not_Placed
S01860,64,63,6.01,1,68,62,26,87,93,40,97,44,80,3,97,3,2,4,53,4,1,Service_Ready
S01861,58,69,9.52,0,85,92,65,84,85,45,50,70,60,2,38,8,2,5,89,8,1,Service_Ready
S01862,95,79,5.52,3,32,59,40,60,80,52,92,48,74,7,30,3,3,4,50,15,0,Not_Placed
S01863,79,80,8.28,0,54,49,74,20,34,44,39,90,35,3,84,3,2,2,89,33,0,Not_Placed
S01864,55,84,7.37,0,96,63,69,93,33,71,94,69,36,3,22,4,0,0,89,5,0,Not_Placed
S01865,76,67,7.15,0,59,75,82,58,26,33,37,74,75,7,76,3,1,2,44,33,1,Product_Ready
S01866,60,70,7.84,0,39,94,37,73,94,55,95,80,79,6,55,3,1,3,96,27,0,Not_Placed
S01867,83,90,7.33,0,97,66,62,29,29,25,35,79,45,4,77,8,1,5,24,11,0,Not_Placed
S01868,85,65,8.44,0,31,83,60,79,91,47,99,82,22,4,51,4,0,4,37,12,0,Not_Placed
S01869,62,66,9.55,0,41,28,97,98,30,32,75,47,83,4,83,5,2,4,52,26,0,Not_Placed
S01870,77,62,6.57,0,76,94,81,30,86,59,59,75,72,4,47,5,1,2,65,19,1,Product_Ready
S01871,77,80,6.3,0,94,65,20,82,35,44,81,99,35,4,89,8,1,4,42,33,0,Not_Placed
S01872,97,77,6.25,0,48,37,88,31,29,56,74,23,82,1,31,1,3,3,68,14,0,Not_Placed
S01873,77,57,6.42,2,90,45,42,82,85,58,85,65,34,7,91,4,2,2,55,19,0,Not_Placed
S01874,77,67,5.62,1,63,20,26,67,35,67,97,62,70,2,85,6,0,0,82,15,0,Not_Placed
S01875,64,78,5.69,0,83,47,23,53,23,89,77,23,69,4,94,2,2,3,94,12,1,Service_Ready
S01876,81,56,8.45,0,98,67,96,68,97,20,52,54,73,7,34,4,0,3,83,23,1,Service_Ready
S01877,78,65,7.68,1,58,93,56,73,70,79,91,70,81,0,70,3,3,0,55,14,1,Service_Ready
S01878,61,55,5.57,1,92,49,66,48,24,84,88,82,75,0,70,0,0,3,28,14,0,Not_Placed
S01879,80,65,7.07,0,68,89,54,35,32,30,21,38,64,5,66,0,2,4,61,34,1,Service_Ready
S01880,95,59,9.53,0,38,58,26,58,53,63,88,87,82,6,67,2,0,1,28,21,0,Not_Placed
S01881,94,66,6.85,0,93,94,26,33,38,73,79,86,53,0,60,6,1,4,71,21,1,Service_Ready
S01882,86,87,8.15,0,24,76,23,30,38,46,48,37,56,5,80,3,2,4,39,7,0,Not_Placed
S01883,90,69,8.39,0,41,95,79,85,45,83,77,22,49,2,29,8,1,2,77,22,1,Product_Ready
S01884,60,68,8.87,0,37,76,54,85,75,62,92,91,27,4,32,6,0,4,56,15,0,Not_Placed
S01885,91,58,6.76,1,53,64,35,28,99,35,50,32,24,2,66,6,1,2,39,3,0,Not_Placed
S01886,94,84,5.75,0,72,72,59,35,67,80,57,63,34,6,80,6,3,5,49,27,0,Not_Placed
S01887,65,60,6.1,0,25,95,70,99,57,92,41,73,59,6,59,7,2,0,70,20,1,Product_Ready
S01888,97,59,10.0,0,44,92,43,81,62,78,73,98,45,5,80,8,1,4,98,18,0,Not_Placed
S01889,70,76,8.49,0,30,73,49,85,84,77,76,56,73,0,88,1,3,2,70,16,0,Not_Placed
S01890,63,91,8.82,0,76,68,75,75,44,28,41,96,56,3,47,6,0,4,31,2,1,Service_Ready
S01891,55,96,9.12,0,82,43,94,91,54,60,35,99,25,3,75,3,3,2,27,21,0,Not_Placed
S01892,86,87,9.12,0,33,22,21,41,89,90,25,69,63,7,43,4,2,3,78,6,0,Not_Placed
S01893,73,63,8.49,0,32,72,72,56,82,85,59,97,80,6,25,8,2,5,50,17,1,Product_Ready
S01894,81,84,8.88,0,26,85,74,91,61,46,21,89,23,4,20,5,3,3,33,16,1,Product_Ready
S01895,78,72,8.27,2,75,72,37,88,67,28,73,54,65,0,60,8,3,3,96,12,1,Service_Ready
S01896,97,96,9.11,0,59,44,94,93,71,22,58,54,59,6,41,2,1,4,69,24,1,Service_Ready
S01897,80,97,6.59,2,84,53,42,90,26,84,37,27,61,4,20,3,1,5,96,22,0,Not_Placed
S01898,93,92,7.41,0,33,81,54,74,64,40,72,73,62,6,25,6,3,2,87,5,0,Not_Placed
S01899,82,81,7.73,0,57,79,71,48,59,90,27,54,35,1,78,5,0,1,23,6,0,Not_Placed
S01900,68,55,7.3,0,96,57,92,79,55,25,58,48,46,4,28,7,2,2,49,5,0,Not_Placed
S01901,86,55,9.93,0,97,45,41,53,32,74,27,81,41,4,75,3,0,1,68,31,0,Not_Placed
S01902,60,89,7.64,0,59,33,93,71,98,59,62,77,22,6,64,6,2,5,39,23,0,Not_Placed
S01903,61,68,9.46,1,44,66,68,46,47,81,35,65,94,5,59,2,1,1,20,3,0,Not_Placed
S01904,76,71,6.27,0,48,97,91,32,83,47,24,93,28,5,29,0,2,5,36,7,1,Product_Ready
S01905,64,96,8.77,2,43,70,61,38,81,94,86,49,57,5,41,8,2,2,48,9,0,Not_Placed
S01906,77,83,5.54,0,64,52,24,81,56,36,41,97,51,5,39,5,1,5,52,6,1,Service_Ready
S01907,72,61,9.69,0,78,90,90,62,78,25,72,83,23,0,89,9,2,0,88,20,0,Not_Placed
S01908,59,59,6.97,0,90,98,74,96,95,96,57,52,25,4,96,3,3,4,64,10,1,Product_Ready
S01909,71,89,5.8,1,44,98,20,60,37,20,58,93,50,5,90,5,3,1,92,26,0,Not_Placed
S01910,81,95,7.46,0,35,21,62,50,99,66,52,36,73,5,70,3,2,5,30,31,0,Not_Placed
S01911,72,70,6.21,0,77,29,23,93,92,81,62,61,43,4,87,2,1,4,64,2,0,Not_Placed
S01912,65,80,9.88,0,51,69,77,71,42,49,89,90,49,4,67,5,2,3,87,33,0,Not_Placed
S01913,89,70,5.79,0,71,85,25,33,48,45,37,23,76,6,72,5,0,3,53,17,1,Service_Ready
S01914,91,84,7.77,0,47,84,91,72,61,98,38,63,49,1,63,9,0,2,92,22,0,Not_Placed
S01915,78,61,8.46,0,96,77,88,27,85,43,61,73,35,3,78,2,1,4,56,12,1,Product_Ready
S01916,73,72,7.16,0,91,36,24,80,23,75,94,67,67,2,52,3,0,5,24,6,1,Service_Ready
S01917,75,79,9.5,0,37,77,98,43,24,72,92,74,24,4,60,8,1,1,20,27,1,Product_Ready
S01918,86,66,6.82,0,23,24,73,89,76,97,71,37,83,4,29,6,3,2,87,33,0,Not_Placed
S01919,60,80,9.37,1,88,82,97,85,82,32,70,24,66,3,55,1,3,2,39,23,1,Product_Ready
S01920,85,95,9.33,0,86,68,78,23,58,26,90,68,34,6,66,3,3,1,64,20,0,Not_Placed
S01921,92,81,9.16,0,96,81,78,80,75,97,66,67,29,7,84,7,0,2,26,32,1,Product_Ready
S01922,71,84,9.32,0,90,54,97,69,75,84,60,44,53,7,75,3,1,3,40,28,1,Service_Ready
S01923,64,77,6.47,0,94,23,42,88,72,24,37,36,77,2,91,7,3,1,40,25,1,Service_Ready
S01924,92,74,5.59,0,58,90,52,48,93,29,95,86,22,4,50,5,2,2,28,7,0,Not_Placed
S01925,60,94,7.24,0,42,94,99,48,57,78,67,39,40,3,69,0,1,1,73,11,1,Product_Ready
S01926,88,63,6.55,0,26,35,70,80,50,51,64,95,46,0,41,7,3,3,27,24,0,Not_Placed
S01927,70,88,6.9,0,76,24,63,90,56,47,87,57,65,0,45,3,0,5,34,10,1,Service_Ready
S01928,87,65,9.23,0,76,79,31,26,85,60,43,44,81,3,63,1,1,2,52,18,1,Service_Ready
S01929,76,55,6.66,0,73,33,72,25,83,52,91,63,53,1,43,1,3,4,44,31,1,Service_Ready
S01930,86,84,8.43,1,73,82,92,99,21,54,41,83,78,0,71,4,3,2,73,20,1,Service_Ready
S01931,60,96,7.1,0,96,45,33,67,84,65,74,93,93,3,87,5,3,5,66,11,1,Service_Ready
S01932,95,81,6.22,0,87,48,55,76,97,31,64,39,64,6,81,5,1,4,70,10,1,Service_Ready
S01933,64,64,8.73,0,49,83,21,68,64,36,47,64,36,2,78,3,1,1,97,18,0,Not_Placed
S01934,91,76,6.44,2,37,71,49,56,59,25,98,54,45,0,49,3,3,1,74,15,0,Not_Placed
S01935,77,63,9.19,0,70,38,88,52,57,32,68,92,72,0,31,7,3,0,87,8,1,Service_Ready
S01936,82,91,8.05,2,51,68,50,98,22,66,34,70,93,4,60,7,2,0,40,12,1,Service_Ready
S01937,70,89,9.53,3,68,84,60,86,61,88,76,62,31,5,83,2,0,3,90,17,0,Not_Placed
S01938,82,61,8.92,0,69,78,76,22,46,53,45,59,51,0,21,7,1,2,52,3,1,Service_Ready
S01939,57,82,5.76,1,78,58,39,20,92,28,70,57,34,3,60,9,1,5,58,18,0,Not_Placed
S01940,60,82,9.99,0,25,87,35,48,60,87,81,59,81,7,25,7,1,1,33,15,0,Not_Placed
S01941,89,60,6.55,0,89,47,32,48,64,39,77,73,83,3,62,6,1,3,73,8,1,Service_Ready
S01942,90,96,5.73,0,54,86,54,28,56,79,75,31,90,6,23,1,1,1,67,24,1,Service_Ready
S01943,80,77,8.97,0,62,72,25,43,93,33,71,89,23,1,98,4,3,1,58,29,0,Not_Placed
S01944,56,67,7.25,0,60,51,71,24,86,85,97,71,68,4,57,5,1,1,27,3,1,Service_Ready
S01945,80,71,7.39,0,77,83,69,45,36,65,87,69,62,5,67,3,2,2,44,9,1,Service_Ready
S01946,72,72,7.9,1,76,36,78,86,34,45,67,33,28,6,74,0,0,3,27,28,0,Not_Placed
S01947,96,66,9.44,0,43,53,55,23,48,35,27,58,77,3,63,3,2,0,89,4,0,Not_Placed
S01948,93,78,9.3,2,52,67,86,21,57,59,75,40,54,2,94,2,3,0,82,24,1,Service_Ready
S01949,76,96,9.04,0,60,39,28,76,94,36,97,37,82,7,91,9,3,3,91,15,1,Service_Ready
S01950,67,94,9.46,0,23,26,36,69,25,49,93,75,58,5,73,9,1,0,60,27,0,Not_Placed
S01951,64,56,7.14,0,30,93,31,33,49,79,96,49,57,2,84,6,2,0,92,27,0,Not_Placed
S01952,79,71,7.32,0,47,92,63,37,51,88,63,89,82,3,77,9,0,2,26,12,0,Not_Placed
S01953,88,56,9.71,0,62,92,23,97,94,71,51,70,29,3,58,3,1,3,92,23,0,Not_Placed
S01954,64,94,8.01,0,32,67,63,99,83,59,25,91,62,7,68,9,1,2,38,21,0,Not_Placed
S01955,88,92,8.09,0,85,60,53,73,39,73,85,37,63,6,67,2,2,2,38,24,1,Service_Ready
S01956,73,72,8.2,0,74,32,53,37,87,91,62,84,60,5,57,5,0,5,28,28,1,Service_Ready
S01957,58,94,7.78,2,86,23,59,35,30,45,91,84,21,6,64,2,1,0,83,8,0,Not_Placed
S01958,89,76,6.27,0,25,65,74,94,74,76,82,20,40,4,39,8,2,4,62,34,0,Not_Placed
S01959,55,57,6.58,0,57,93,64,61,65,79,32,50,87,3,81,0,1,2,72,19,1,Service_Ready
S01960,95,91,7.49,0,25,93,56,31,21,72,44,47,64,4,36,4,3,0,77,20,0,Not_Placed
S01961,58,93,6.2,0,64,49,56,75,46,51,30,77,96,2,36,1,0,5,35,12,1,Service_Ready
S01962,58,95,8.75,0,23,54,82,85,58,47,53,52,69,3,91,7,3,1,47,12,0,Not_Placed
S01963,81,55,8.23,2,65,43,59,70,43,41,93,87,27,6,77,7,0,1,58,15,0,Not_Placed
S01964,86,61,8.61,0,46,84,89,85,90,91,82,99,48,6,83,5,0,1,87,26,1,Product_Ready
S01965,67,71,9.56,1,51,43,20,66,70,55,46,89,61,6,95,9,0,3,89,14,1,Service_Ready
S01966,79,85,9.13,0,34,86,56,64,45,74,69,54,60,7,30,7,2,5,73,31,0,Not_Placed
S01967,55,88,6.04,0,32,73,72,71,25,55,44,77,74,6,22,9,3,0,57,21,1,Product_Ready
S01968,67,59,8.7,0,36,76,50,84,85,52,23,74,43,7,92,4,1,2,50,15,0,Not_Placed
S01969,60,59,9.55,0,55,95,78,97,83,62,61,93,79,5,83,8,1,1,97,8,1,Product_Ready
S01970,71,74,8.01,0,88,32,58,25,38,44,22,72,47,1,66,7,0,0,74,16,0,Not_Placed
S01971,55,94,9.16,0,99,69,23,27,55,29,49,35,49,7,93,8,2,1,99,20,0,Not_Placed
S01972,58,85,7.14,0,89,31,64,27,28,20,24,90,73,7,43,9,1,4,59,13,1,Service_Ready
S01973,76,81,8.23,0,44,71,78,57,39,97,39,75,49,2,60,3,2,4,48,16,1,Product_Ready
S01974,79,67,6.99,0,76,43,38,36,88,80,23,41,93,4,25,2,1,3,78,5,1,Service_Ready
S01975,91,73,8.61,0,30,33,32,99,47,63,82,80,36,1,45,6,2,2,98,17,0,Not_Placed
S01976,75,71,8.97,0,42,88,28,37,94,67,91,85,42,4,29,5,3,2,87,22,0,Not_Placed
S01977,91,97,6.16,1,33,71,91,80,60,40,67,75,54,3,58,0,2,3,27,31,1,Product_Ready
S01978,57,84,7.66,2,61,50,93,49,62,45,31,78,88,0,30,6,0,2,96,18,1,Service_Ready
S01979,77,93,7.04,0,61,45,37,60,61,52,62,33,74,1,29,2,1,1,36,15,1,Service_Ready
S01980,80,88,9.26,0,89,39,58,64,53,41,90,52,25,7,91,6,1,5,69,16,0,Not_Placed
S01981,59,69,8.42,0,87,98,31,78,86,51,55,40,89,1,28,7,2,5,60,13,1,Service_Ready
S01982,81,64,8.98,0,35,78,20,20,50,41,95,78,47,3,95,6,0,3,21,32,0,Not_Placed
S01983,56,79,5.57,0,89,58,38,83,77,36,89,98,60,1,24,4,2,4,29,5,1,Service_Ready
S01984,66,64,9.92,0,43,88,32,28,37,54,23,60,45,4,63,9,1,1,92,2,0,Not_Placed
S01985,70,67,9.24,0,74,82,37,80,39,84,83,95,83,2,32,6,3,0,89,23,1,Service_Ready
S01986,92,90,7.81,0,98,30,46,36,52,24,81,84,90,4,86,9,3,3,33,27,1,Service_Ready
S01987,81,71,9.57,0,49,94,74,49,37,92,63,81,50,4,35,6,1,1,31,29,1,Product_Ready
S01988,86,78,8.33,0,37,22,96,32,48,85,78,67,23,2,24,6,0,4,27,26,0,Not_Placed
S01989,81,61,6.6,0,66,85,78,24,63,61,80,82,69,3,57,5,3,3,58,13,1,Product_Ready
S01990,93,63,7.06,0,41,55,93,47,75,48,24,23,70,6,79,9,2,4,48,23,0,Not_Placed
S01991,89,72,8.44,0,29,67,63,89,82,68,91,60,58,2,42,9,2,4,89,13,0,Not_Placed
S01992,57,74,7.47,0,82,27,45,57,60,21,26,44,70,1,83,4,2,1,80,5,1,Service_Ready
S01993,96,56,7.71,0,97,77,21,74,53,39,66,45,20,0,94,6,0,0,89,24,0,Not_Placed
S01994,80,57,8.81,0,25,44,36,47,51,42,35,45,52,1,67,2,2,0,81,18,0,Not_Placed
S01995,92,68,9.31,0,74,81,58,61,67,47,25,78,89,6,76,5,3,1,36,3,1,Service_Ready
S01996,75,61,7.25,0,55,76,62,63,81,80,30,96,52,5,85,7,2,1,68,21,1,Service_Ready
S01997,84,69,8.51,2,83,84,27,71,33,77,30,78,43,7,51,8,1,3,35,17,0,Not_Placed
S01998,90,66,7.38,0,66,98,41,99,22,20,72,83,63,6,57,2,0,0,40,14,1,Service_Ready
S01999,56,56,6.32,0,67,45,80,81,33,73,60,79,28,3,75,2,1,0,78,10,0,Not_Placed
S02000,67,84,5.54,0,61,45,78,88,98,22,60,20,84,2,89,1,1,0,78,33,1,Service_Ready
S02001,64,79,8.94,0,33,40,77,57,20,24,63,84,76,7,64,1,2,5,45,10,0,Not_Placed
S02002,84,62,7.74,1,59,55,40,45,94,75,76,78,26,1,32,3,2,5,53,26,0,Not_Placed
S02003,83,82,7.8,0,32,36,48,92,21,81,39,75,71,0,81,0,2,0,29,26,0,Not_Placed
S02004,82,80,7.84,0,42,97,36,98,57,49,38,51,39,5,83,3,0,2,62,27,0,Not_Placed
S02005,61,88,9.22,1,92,79,83,69,71,36,79,96,73,1,29,8,1,0,98,28,1,Service_Ready
S02006,73,69,6.02,0,99,30,24,77,58,67,99,39,38,3,45,8,2,2,40,7,0,Not_Placed
S02007,91,65,5.89,1,37,59,55,47,83,77,57,98,63,5,95,1,0,2,20,32,0,Not_Placed
S02008,82,91,7.14,0,33,25,80,40,29,51,25,21,58,0,46,7,1,5,70,31,0,Not_Placed
S02009,79,78,9.39,1,87,56,96,28,47,74,65,99,89,2,29,6,0,1,64,4,1,Service_Ready
S02010,97,89,7.33,0,23,81,27,36,24,82,28,27,26,4,74,2,3,4,24,18,0,Not_Placed
S02011,81,94,9.64,0,87,47,77,69,86,50,31,74,23,5,61,5,2,5,41,2,0,Not_Placed
S02012,97,92,9.18,0,95,36,72,41,29,43,31,23,61,5,24,9,3,2,81,17,1,Service_Ready
S02013,59,80,7.82,0,72,26,29,58,97,47,61,81,71,5,76,3,0,5,83,14,1,Service_Ready
S02014,74,73,6.51,0,80,25,98,87,25,85,55,34,95,7,60,6,1,3,30,3,1,Service_Ready
S02015,84,58,5.53,0,92,91,24,85,68,27,98,46,21,3,30,4,1,5,97,14,0,Not_Placed
S02016,75,76,8.15,0,86,62,60,32,23,42,89,53,60,1,52,8,3,0,70,4,1,Service_Ready
S02017,76,89,9.41,1,78,32,81,66,95,22,40,84,37,4,90,0,0,4,64,31,0,Not_Placed
S02018,65,68,9.78,1,25,38,31,83,74,86,28,25,20,1,74,0,2,2,49,23,0,Not_Placed
S02019,97,82,6.87,0,53,50,23,33,34,79,39,39,68,2,87,1,3,2,52,26,1,Service_Ready
S02020,59,72,6.19,0,25,94,28,71,47,38,82,26,56,0,55,0,1,3,56,18,0,Not_Placed
S02021,71,87,8.46,0,49,46,70,28,39,66,38,87,96,5,31,8,2,4,98,6,0,Not_Placed
S02022,59,79,9.43,0,65,53,60,97,87,57,65,88,46,2,97,6,1,4,37,33,0,Not_Placed
S02023,56,95,8.53,0,57,20,88,73,33,44,28,80,71,7,27,1,3,0,53,19,1,Service_Ready
S02024,69,69,8.59,0,84,90,51,51,52,62,32,28,81,0,67,2,0,1,51,10,1,Service_Ready
S02025,95,55,5.61,0,88,88,87,80,27,26,56,61,51,0,47,5,1,5,61,3,1,Service_Ready
S02026,85,55,8.11,0,48,76,52,72,29,82,92,84,21,5,21,4,1,3,56,3,0,Not_Placed
S02027,95,96,5.98,0,57,56,46,69,53,63,91,23,71,6,92,8,3,5,54,7,1,Service_Ready
S02028,77,58,6.81,0,77,67,82,28,63,65,34,72,67,7,61,0,2,3,67,15,1,Service_Ready
S02029,79,94,8.4,0,54,82,39,35,41,55,38,21,87,1,26,0,1,2,51,18,1,Service_Ready
S02030,91,68,8.6,0,71,85,23,82,52,20,83,56,97,5,89,6,3,1,87,26,1,Service_Ready
S02031,57,82,6.76,0,67,32,80,43,62,52,97,43,41,3,25,2,3,1,48,15,0,Not_Placed
S02032,71,84,5.71,1,23,65,27,37,79,64,91,50,47,7,83,4,2,4,98,5,0,Not_Placed
S02033,89,88,8.43,0,23,68,58,37,79,29,42,87,78,2,26,2,3,2,99,21,0,Not_Placed
S02034,77,77,6.29,0,57,86,91,97,91,94,61,62,52,6,56,6,1,0,83,9,1,Product_Ready
S02035,58,90,9.88,0,22,92,58,85,92,75,25,47,67,1,67,2,1,5,35,12,0,Not_Placed
S02036,97,77,8.35,1,27,70,29,47,55,79,29,33,82,4,66,4,2,5,38,15,0,Not_Placed
S02037,65,59,9.94,0,51,29,32,32,55,92,38,26,34,0,65,8,3,1,97,5,0,Not_Placed
S02038,57,57,8.41,0,47,42,49,81,70,60,83,62,95,2,77,7,1,5,68,16,0,Not_Placed
S02039,77,95,5.66,0,79,57,22,35,28,60,57,88,84,2,54,3,0,2,27,28,1,Service_Ready
S02040,63,82,8.64,0,45,34,92,92,86,35,32,43,81,0,55,4,1,3,92,23,0,Not_Placed
S02041,95,74,6.22,0,55,29,40,68,28,98,71,67,79,4,69,6,3,3,25,7,1,Service_Ready
S02042,92,56,7.56,0,81,47,99,66,28,71,34,53,39,5,79,9,2,5,86,3,0,Not_Placed
S02043,68,83,6.93,0,27,58,63,46,35,58,20,70,82,0,69,6,1,2,98,23,0,Not_Placed
S02044,73,82,5.59,0,58,68,78,39,80,28,42,26,50,3,80,7,0,3,45,19,1,Service_Ready
S02045,85,89,7.86,2,53,28,31,35,90,50,52,26,22,3,24,2,2,5,98,24,0,Not_Placed
S02046,87,56,6.07,0,81,30,23,66,39,71,35,64,27,4,81,3,0,5,55,6,0,Not_Placed
S02047,75,92,7.33,0,46,32,28,36,63,64,61,70,77,0,77,4,3,4,66,26,0,Not_Placed
S02048,59,87,6.68,1,44,69,64,49,67,70,74,74,65,6,53,9,3,0,75,18,0,Not_Placed
S02049,65,61,6.54,0,29,45,25,35,23,81,83,75,94,6,52,6,1,4,56,2,0,Not_Placed
S02050,60,58,6.0,0,43,50,47,64,23,80,58,43,90,5,72,4,0,5,21,28,0,Not_Placed
S02051,70,59,8.36,0,86,92,78,58,82,44,60,47,40,4,80,6,0,2,38,12,1,Product_Ready
S02052,79,55,8.29,0,53,36,74,38,93,61,78,92,94,5,50,1,3,1,88,31,1,Service_Ready
S02053,93,89,5.55,0,36,85,99,40,71,84,33,35,74,0,27,8,1,4,52,23,0,Not_Placed
S02054,84,61,6.51,0,90,31,78,77,56,64,99,44,46,2,61,6,1,1,79,9,0,Not_Placed
S02055,69,70,5.52,0,41,77,30,25,41,97,31,46,20,7,93,0,3,3,89,26,0,Not_Placed
S02056,74,90,9.41,1,46,71,21,40,28,67,58,61,90,5,64,1,3,4,86,19,0,Not_Placed
S02057,93,60,6.95,2,98,34,38,81,83,70,66,76,39,3,83,1,2,4,57,2,0,Not_Placed
S02058,66,59,9.03,0,39,79,59,98,25,92,55,93,84,2,68,1,3,3,41,21,0,Not_Placed
S02059,92,70,7.41,0,51,36,59,49,78,47,66,42,76,0,20,1,1,2,94,8,1,Service_Ready
S02060,80,77,9.41,0,79,73,91,40,40,77,68,55,36,1,99,4,2,0,70,2,0,Not_Placed
S02061,67,92,6.99,0,34,24,21,97,84,96,79,75,97,3,57,8,1,1,70,16,0,Not_Placed
S02062,93,60,9.43,1,20,37,46,91,95,61,25,99,43,4,90,6,3,5,77,15,0,Not_Placed
S02063,66,83,7.13,0,72,28,65,26,63,33,94,25,54,5,80,7,0,1,97,32,1,Service_Ready
S02064,84,81,9.93,0,89,62,71,33,78,39,71,94,59,3,63,5,2,0,77,9,1,Service_Ready
S02065,84,90,9.26,0,24,22,34,21,21,91,73,65,60,4,49,9,0,2,49,26,0,Not_Placed
S02066,65,89,6.66,1,96,71,45,24,33,70,34,31,65,1,83,7,2,1,48,5,1,Service_Ready
S02067,82,79,5.79,1,56,29,57,80,46,26,92,28,78,3,49,2,0,3,25,25,0,Not_Placed
S02068,76,60,8.56,0,41,35,32,56,71,43,36,35,20,4,20,3,3,5,21,16,0,Not_Placed
S02069,83,89,8.57,0,64,66,35,22,89,24,45,34,92,5,74,5,0,4,48,27,1,Service_Ready
S02070,60,65,9.94,0,89,52,49,69,53,24,99,31,95,2,71,2,0,1,83,30,1,Service_Ready
S02071,60,90,7.33,0,29,99,85,75,90,85,64,87,83,7,29,0,0,3,31,14,1,Product_Ready
S02072,94,71,9.39,2,32,53,78,68,25,31,48,96,45,3,98,4,2,1,51,7,0,Not_Placed
S02073,60,59,9.2,0,22,89,62,24,69,29,46,43,41,0,22,3,2,0,91,25,0,Not_Placed
S02074,70,81,9.3,0,70,76,70,37,96,78,47,88,47,0,32,5,0,1,28,30,0,Not_Placed
S02075,92,55,5.78,0,78,77,29,40,75,45,34,54,34,0,94,7,1,3,82,30,0,Not_Placed
S02076,75,66,6.17,0,76,29,41,63,47,69,70,20,53,2,80,6,3,3,59,32,1,Service_Ready
S02077,55,91,8.17,0,48,74,64,23,83,34,67,95,75,0,89,6,2,4,98,26,0,Not_Placed
S02078,84,97,8.42,2,58,73,42,79,99,54,73,77,81,7,67,6,2,4,32,30,1,Service_Ready
S02079,93,74,9.67,3,41,55,72,91,22,81,48,92,27,5,95,7,1,4,68,11,0,Not_Placed
S02080,67,56,9.03,3,61,77,29,82,90,80,20,45,24,2,32,1,3,2,50,6,0,Not_Placed
S02081,91,56,9.42,0,39,21,61,62,40,64,39,62,69,6,62,0,3,1,79,33,0,Not_Placed
S02082,59,56,9.17,3,58,94,30,82,87,37,47,61,79,5,41,7,1,2,90,21,1,Service_Ready
S02083,97,61,6.92,0,60,22,62,36,72,71,52,99,79,6,87,7,0,0,27,6,1,Service_Ready
S02084,87,79,7.45,2,52,60,52,48,58,76,83,85,28,4,93,4,1,3,77,23,0,Not_Placed
S02085,60,94,8.36,0,61,57,35,93,66,40,93,94,40,0,80,1,1,2,79,33,0,Not_Placed
S02086,65,80,6.22,0,79,52,61,32,33,77,59,84,24,5,64,4,3,1,58,13,0,Not_Placed
S02087,88,68,6.79,0,78,94,98,93,86,30,30,35,57,5,60,0,3,5,79,20,1,Product_Ready
S02088,88,90,8.73,0,99,91,48,25,85,82,50,44,40,7,23,7,1,4,72,28,0,Not_Placed
S02089,90,90,5.67,0,52,21,60,35,78,28,88,29,26,4,85,3,2,3,47,9,0,Not_Placed
S02090,89,56,9.72,0,92,20,46,86,58,92,59,47,43,1,70,7,0,1,71,7,0,Not_Placed
S02091,66,90,9.31,0,48,90,27,62,96,54,41,99,98,1,40,6,2,0,60,5,0,Not_Placed
S02092,88,55,5.52,0,29,92,36,86,72,54,23,87,30,3,79,6,0,5,81,33,0,Not_Placed
S02093,77,96,7.57,0,94,77,62,34,86,21,90,24,72,4,60,7,3,1,21,11,1,Service_Ready
S02094,97,97,6.98,0,42,79,25,32,40,77,47,89,27,4,77,7,1,0,96,2,0,Not_Placed
S02095,64,59,8.65,0,77,56,29,22,53,53,49,56,87,1,51,4,1,0,43,10,1,Service_Ready
S02096,95,78,5.58,0,78,54,57,51,70,47,75,27,60,5,42,5,3,5,42,33,1,Service_Ready
S02097,64,71,6.79,0,55,68,65,46,50,53,95,78,73,0,85,8,2,0,74,2,1,Service_Ready
S02098,93,77,6.45,0,92,94,84,94,52,49,24,69,84,1,79,7,3,4,71,3,1,Service_Ready
S02099,66,81,9.69,0,59,34,26,58,70,26,31,33,53,1,58,8,3,0,31,28,1,Service_Ready
S02100,76,72,8.27,0,26,87,99,79,67,70,71,96,71,3,73,8,1,5,41,24,1,Product_Ready
S02101,87,95,7.77,1,76,91,76,81,76,87,91,44,59,7,36,6,1,0,54,34,1,Product_Ready
S02102,94,93,6.92,0,26,93,99,47,37,66,42,39,50,5,42,1,0,1,92,34,1,Product_Ready
S02103,66,73,8.25,0,54,60,74,32,58,85,54,91,52,0,55,7,1,0,65,11,1,Service_Ready
S02104,59,85,8.3,0,86,35,76,43,53,71,67,72,74,5,21,8,0,1,72,30,1,Service_Ready
S02105,64,96,9.87,0,35,89,63,35,47,76,45,30,20,4,62,8,1,3,85,7,0,Not_Placed
S02106,81,80,9.69,0,57,25,47,24,78,98,92,64,72,1,68,8,1,2,82,29,1,Service_Ready
S02107,60,58,5.99,0,63,71,68,49,71,56,82,31,36,1,47,3,1,5,33,14,0,Not_Placed
S02108,57,75,7.99,2,45,25,37,25,60,76,69,44,67,7,49,6,0,2,91,10,0,Not_Placed
S02109,60,87,6.29,0,37,89,64,56,40,98,63,49,30,7,27,4,3,4,29,16,0,Not_Placed
S02110,92,57,6.56,0,82,45,53,91,58,79,88,45,81,1,73,5,1,0,96,2,1,Service_Ready
S02111,90,90,5.51,0,69,69,34,36,48,24,30,99,71,1,52,1,0,0,50,19,1,Service_Ready
S02112,79,59,7.03,0,57,48,55,28,42,22,75,59,75,1,50,5,2,1,22,15,1,Service_Ready
S02113,73,85,6.27,0,84,21,89,64,97,44,59,37,31,2,43,0,1,4,98,33,0,Not_Placed
S02114,71,89,7.17,0,28,29,84,78,76,29,38,69,87,7,24,5,3,4,79,2,0,Not_Placed
S02115,82,73,9.63,1,70,55,51,83,33,51,28,30,67,2,23,8,0,0,66,9,1,Service_Ready
S02116,55,56,6.31,0,32,82,30,33,99,45,88,58,47,0,56,2,2,1,95,4,0,Not_Placed
S02117,58,65,6.14,0,89,53,52,91,62,46,67,88,90,5,53,3,3,3,35,15,1,Service_Ready
S02118,93,61,9.25,0,74,25,59,32,88,43,93,78,65,7,92,0,2,3,95,12,1,Service_Ready
S02119,90,62,6.44,0,82,31,24,97,55,36,77,41,50,1,32,2,2,2,88,5,1,Service_Ready
S02120,86,64,7.64,2,81,74,54,86,84,36,61,78,89,0,30,0,3,5,30,5,1,Service_Ready
S02121,60,92,9.38,0,60,79,94,65,59,78,64,61,40,4,22,1,2,1,40,26,1,Product_Ready
S02122,58,94,7.9,0,79,40,85,70,34,77,45,78,64,1,54,3,1,4,46,24,1,Service_Ready
S02123,70,85,9.11,0,51,73,85,51,34,74,60,59,91,2,68,5,2,5,75,2,1,Product_Ready
S02124,64,94,8.03,0,33,58,37,60,75,55,43,48,41,2,60,0,1,2,71,4,0,Not_Placed
S02125,75,65,7.95,0,25,90,32,25,86,46,64,45,23,4,40,2,3,1,51,34,0,Not_Placed
S02126,80,71,8.05,0,49,24,25,81,29,89,29,63,75,3,32,9,1,2,89,27,0,Not_Placed
S02127,63,64,9.48,1,81,65,25,48,38,34,76,57,40,3,70,6,2,3,21,33,0,Not_Placed
S02128,82,58,9.99,0,28,45,83,37,21,20,67,99,82,2,55,9,2,5,45,30,0,Not_Placed
S02129,97,55,9.37,0,22,80,92,21,93,50,84,37,25,5,61,3,3,3,23,2,1,Product_Ready
S02130,95,97,7.87,0,40,77,49,26,88,83,21,86,98,6,93,8,2,5,73,34,0,Not_Placed
S02131,70,74,8.24,0,76,27,44,60,81,96,37,69,60,1,31,9,2,3,78,25,1,Service_Ready
S02132,71,63,9.96,0,27,78,49,86,74,53,62,47,56,0,49,6,1,5,48,3,0,Not_Placed
S02133,80,95,7.16,0,68,76,90,37,89,46,73,43,53,5,82,3,3,3,80,19,1,Product_Ready
S02134,96,86,7.11,0,44,32,66,64,24,50,50,90,60,2,65,0,3,3,24,13,0,Not_Placed
S02135,75,63,9.42,0,43,46,27,63,81,48,93,43,53,7,79,7,2,5,23,32,0,Not_Placed
S02136,63,80,9.79,0,73,20,80,92,50,64,79,92,61,4,46,9,0,0,92,11,1,Service_Ready
S02137,56,79,6.66,1,28,30,99,58,32,30,54,27,26,4,89,8,2,3,54,31,0,Not_Placed
S02138,65,92,8.17,2,68,54,48,60,25,29,42,65,31,6,32,9,2,4,31,26,0,Not_Placed
S02139,56,94,9.77,0,81,91,92,58,30,83,99,61,29,0,38,3,2,2,33,11,0,Not_Placed
S02140,60,85,7.43,0,95,45,21,23,25,49,74,47,80,4,74,3,1,1,24,30,1,Service_Ready
S02141,90,66,8.5,1,58,21,33,29,67,83,22,91,79,0,87,4,1,2,98,21,1,Service_Ready
S02142,96,84,7.82,0,28,98,48,39,84,22,27,58,83,6,91,5,3,4,77,10,0,Not_Placed
S02143,95,69,6.9,0,52,41,70,30,77,69,89,36,65,3,76,4,2,2,77,10,1,Service_Ready
S02144,83,77,9.78,0,42,75,90,65,77,55,87,79,33,0,90,2,3,1,67,34,0,Not_Placed
S02145,69,91,8.83,0,62,69,65,92,47,86,30,39,49,4,55,7,3,3,87,25,0,Not_Placed
S02146,90,82,10.0,0,32,28,76,46,80,96,69,53,84,4,53,3,0,1,67,19,0,Not_Placed
S02147,56,65,6.9,0,50,43,40,49,91,83,58,20,61,4,24,2,0,2,55,12,1,Service_Ready
S02148,80,56,5.83,0,83,77,29,30,26,96,80,85,72,0,46,6,0,1,44,5,1,Service_Ready
S02149,84,62,6.83,0,79,23,27,35,38,20,53,64,82,5,25,3,0,1,97,9,1,Service_Ready
S02150,57,89,7.37,0,36,74,94,28,76,64,25,33,50,5,30,4,2,1,36,4,1,Product_Ready
S02151,97,83,8.42,0,42,78,68,74,94,47,90,91,44,6,92,1,2,1,41,4,0,Not_Placed
S02152,94,62,6.21,0,35,77,60,70,40,98,75,66,62,3,50,5,2,5,77,4,0,Not_Placed
S02153,62,56,9.07,0,55,87,99,40,65,65,35,41,25,5,75,9,3,0,55,13,1,Product_Ready
S02154,94,66,8.37,1,21,44,93,50,66,79,92,60,69,6,31,6,3,2,41,17,0,Not_Placed
S02155,62,84,8.15,0,61,62,71,77,39,75,86,78,67,2,27,2,3,1,51,30,1,Service_Ready
S02156,75,57,8.64,1,76,84,39,90,60,20,93,95,23,6,29,5,2,0,48,16,0,Not_Placed
S02157,73,93,7.52,0,37,22,89,41,74,83,60,27,84,2,48,5,1,0,37,2,0,Not_Placed
S02158,76,85,9.5,0,81,38,78,99,38,41,87,24,24,0,43,0,1,3,66,22,0,Not_Placed
S02159,73,77,7.19,1,27,56,91,29,86,32,58,83,49,3,64,5,3,5,40,30,0,Not_Placed
S02160,55,84,9.76,0,45,39,80,25,62,68,28,56,35,3,51,3,0,4,36,26,0,Not_Placed
S02161,70,74,7.77,2,67,42,52,96,44,69,89,98,74,1,87,3,3,4,67,33,1,Service_Ready
S02162,62,97,6.55,0,62,28,59,65,77,75,31,44,35,2,99,6,2,4,72,4,0,Not_Placed
S02163,78,97,6.19,0,50,77,88,38,72,21,72,86,66,2,72,8,1,1,44,30,1,Product_Ready
S02164,66,77,8.87,1,68,75,92,22,41,33,22,57,40,2,43,4,0,3,66,20,1,Product_Ready
S02165,88,57,9.97,1,29,59,21,64,46,72,28,20,52,5,76,0,3,2,51,14,0,Not_Placed
S02166,75,58,9.67,0,31,64,55,99,70,26,52,67,85,0,97,3,0,2,66,22,0,Not_Placed
S02167,56,97,7.73,0,41,95,85,21,37,99,38,49,25,2,34,5,3,1,40,32,1,Product_Ready
S02168,90,64,9.73,1,29,68,73,80,78,21,94,27,38,0,99,3,1,5,36,27,0,Not_Placed
S02169,89,90,9.18,1,40,39,61,75,31,27,82,75,26,5,80,9,2,1,39,29,0,Not_Placed
S02170,68,66,9.89,0,20,92,29,77,84,79,39,77,62,4,21,9,2,0,78,2,0,Not_Placed
S02171,85,92,7.91,0,69,55,64,55,53,28,95,23,98,6,23,4,1,3,63,2,1,Service_Ready
S02172,72,85,8.16,1,38,61,49,45,22,52,69,50,87,7,29,5,2,5,70,18,0,Not_Placed
S02173,96,58,7.67,0,82,70,27,20,27,74,28,70,35,4,78,2,0,2,85,13,0,Not_Placed
S02174,89,85,6.38,1,87,62,77,96,78,65,87,59,32,0,28,1,2,4,95,18,0,Not_Placed
S02175,58,68,7.14,0,81,64,86,81,97,89,55,20,79,1,32,3,0,4,86,30,1,Service_Ready
S02176,64,73,9.22,0,57,31,50,21,20,44,24,67,33,3,93,4,0,2,86,19,0,Not_Placed
S02177,90,93,7.27,0,89,53,45,61,50,70,55,32,99,6,32,4,3,2,60,5,1,Service_Ready
S02178,96,97,7.35,0,30,28,47,41,94,25,45,35,33,2,61,4,2,3,41,3,0,Not_Placed
S02179,67,65,9.94,0,28,90,36,80,29,57,58,49,53,0,51,9,1,3,84,21,0,Not_Placed
S02180,64,73,9.22,0,76,78,73,93,21,67,25,62,36,6,98,5,3,0,80,30,1,Product_Ready
S02181,68,56,7.71,1,89,28,95,61,58,88,59,78,63,0,93,6,3,4,96,11,1,Service_Ready
S02182,90,95,8.7,0,63,45,55,72,63,31,87,42,49,6,22,1,1,3,68,8,0,Not_Placed
S02183,62,61,9.57,0,69,40,53,68,46,27,53,37,70,3,31,5,2,5,82,23,1,Service_Ready
S02184,62,96,6.77,1,51,30,40,45,33,98,33,95,22,3,76,9,2,5,76,2,0,Not_Placed
S02185,93,79,7.78,0,96,91,28,98,27,38,49,28,66,7,65,9,0,2,53,26,1,Service_Ready
S02186,84,55,8.51,0,26,49,96,32,32,61,93,97,82,2,88,3,2,5,64,24,0,Not_Placed
S02187,59,82,6.33,2,26,26,23,51,47,75,23,27,33,5,22,1,1,5,90,17,0,Not_Placed
S02188,60,70,5.88,0,98,41,54,98,68,21,85,38,88,3,60,7,2,1,50,23,1,Service_Ready
S02189,65,70,6.56,1,64,27,28,37,50,54,49,37,60,7,67,2,3,4,41,31,0,Not_Placed
S02190,69,75,8.01,1,94,54,87,21,39,66,31,72,36,1,43,7,0,0,49,21,0,Not_Placed
S02191,77,91,8.84,0,99,69,95,39,66,37,45,90,62,6,62,6,0,3,51,27,1,Service_Ready
S02192,90,78,6.43,0,53,88,75,85,51,69,43,65,22,4,29,5,1,3,69,14,1,Product_Ready
S02193,93,74,9.84,3,38,80,96,53,63,37,91,35,96,1,84,1,2,4,46,5,0,Not_Placed
S02194,95,74,8.6,0,93,47,63,37,21,97,63,39,75,7,42,5,3,4,66,15,1,Service_Ready
S02195,91,62,9.43,1,29,46,20,90,27,30,47,53,62,3,47,0,0,1,56,4,0,Not_Placed
S02196,63,76,8.15,0,36,44,95,46,39,92,55,47,48,4,61,9,1,3,49,12,0,Not_Placed
S02197,91,74,6.71,0,99,69,20,46,51,25,60,55,58,6,49,5,0,2,22,7,1,Service_Ready
S02198,61,93,5.56,1,67,80,59,22,49,43,86,21,63,7,38,7,1,3,76,32,1,Service_Ready
S02199,95,85,9.35,1,77,29,82,55,74,76,62,84,31,5,43,1,2,5,75,21,0,Not_Placed
S02200,70,88,7.03,0,70,33,77,54,28,56,31,30,46,7,62,1,1,3,32,9,0,Not_Placed
S02201,91,59,9.25,1,31,23,59,38,73,20,32,69,72,3,61,8,3,4,80,18,0,Not_Placed
S02202,80,75,8.59,3,82,73,29,78,27,70,24,95,61,5,97,5,3,4,72,18,1,Service_Ready
S02203,55,96,6.71,1,89,98,59,42,42,68,95,26,56,7,57,7,2,4,36,27,1,Service_Ready
S02204,74,79,7.77,0,83,40,51,47,31,98,99,42,34,4,31,3,2,4,46,33,0,Not_Placed
S02205,87,67,9.3,0,56,78,88,37,67,85,68,77,54,5,95,9,0,1,28,6,1,Product_Ready
S02206,58,86,9.68,0,63,91,32,23,71,94,34,20,84,2,80,7,3,5,82,6,1,Service_Ready
S02207,64,60,8.84,1,28,66,79,71,52,77,67,24,46,0,20,2,3,2,51,30,0,Not_Placed
S02208,93,77,8.78,0,74,21,95,38,51,88,74,75,48,5,55,3,2,5,72,22,0,Not_Placed
S02209,76,93,8.69,2,49,98,91,72,93,27,39,31,86,3,69,5,3,3,73,11,1,Product_Ready
S02210,73,95,6.66,0,23,78,53,83,37,50,61,93,22,4,74,9,2,5,42,13,0,Not_Placed
S02211,93,67,6.48,0,70,83,32,48,90,66,45,89,42,3,94,7,0,2,69,32,0,Not_Placed
S02212,83,60,8.55,0,41,86,27,38,50,51,98,74,50,2,70,9,3,1,46,32,0,Not_Placed
S02213,88,59,7.25,1,69,80,60,70,97,43,49,71,69,0,81,4,0,3,96,6,1,Service_Ready
S02214,85,66,9.79,0,63,25,46,39,39,31,68,71,29,2,24,9,0,5,36,4,0,Not_Placed
S02215,75,70,6.38,0,61,35,64,22,59,39,26,78,30,4,71,2,0,4,49,12,0,Not_Placed
S02216,71,79,9.88,0,48,81,34,38,34,58,54,32,35,2,74,0,2,0,69,15,0,Not_Placed
S02217,61,77,8.34,0,99,25,48,21,83,55,39,74,56,1,71,4,1,5,34,8,1,Service_Ready
S02218,71,59,9.55,1,64,43,80,84,72,40,86,20,78,2,66,1,0,0,34,25,1,Service_Ready
S02219,90,88,9.4,0,35,61,35,24,25,61,49,51,72,2,70,7,3,2,20,5,0,Not_Placed
S02220,76,76,7.09,1,32,58,46,58,91,31,43,37,34,3,35,0,1,4,38,28,0,Not_Placed
S02221,95,85,9.88,0,42,60,37,55,31,94,88,70,51,4,90,3,3,5,89,5,0,Not_Placed
S02222,89,64,6.11,0,92,35,71,23,45,48,30,43,70,1,58,6,1,2,82,21,1,Service_Ready
S02223,88,84,7.19,0,36,98,78,73,32,61,63,99,86,7,39,7,2,1,42,2,1,Product_Ready
S02224,56,59,7.3,0,54,44,43,32,40,58,53,38,47,7,30,0,2,3,95,29,0,Not_Placed
S02225,56,55,8.24,0,28,90,55,73,57,85,62,24,56,1,82,2,2,2,86,4,0,Not_Placed
S02226,55,78,7.62,1,57,70,57,86,96,67,31,39,91,4,21,7,0,4,74,7,1,Service_Ready
S02227,73,84,9.99,0,81,68,73,29,43,48,25,77,97,0,22,7,2,5,28,31,1,Service_Ready
S02228,86,67,9.75,2,87,79,42,80,26,63,74,94,58,4,78,9,0,1,24,26,1,Service_Ready
S02229,82,68,8.88,1,38,42,60,33,66,82,27,46,59,3,87,5,2,3,43,29,0,Not_Placed
S02230,95,72,5.93,1,96,57,33,20,30,59,23,53,84,7,29,0,2,4,41,2,1,Service_Ready
S02231,82,87,8.75,1,77,44,61,52,76,56,76,81,22,5,86,1,2,0,85,3,0,Not_Placed
S02232,81,93,7.13,0,20,41,93,43,78,98,69,42,97,1,41,4,2,1,43,14,0,Not_Placed
S02233,95,60,8.24,0,91,79,71,99,68,86,64,28,45,1,49,2,3,2,89,16,0,Not_Placed
S02234,64,96,8.81,0,89,98,97,22,69,61,97,73,58,4,74,1,1,5,75,30,1,Product_Ready
S02235,71,87,7.83,0,97,29,58,97,66,71,60,66,92,6,90,7,2,4,92,8,1,Service_Ready
S02236,77,79,6.97,0,62,90,89,55,65,41,54,66,52,4,94,7,2,4,69,29,1,Product_Ready
S02237,94,88,7.51,0,43,86,26,93,43,28,34,75,36,2,28,8,1,2,27,7,0,Not_Placed
S02238,92,75,8.44,0,58,25,51,79,27,57,38,74,28,3,47,1,2,4,82,20,0,Not_Placed
S02239,87,80,7.42,1,54,96,64,95,52,88,50,83,34,5,67,3,2,4,59,2,0,Not_Placed
S02240,74,76,7.75,0,34,80,98,33,88,68,25,60,50,3,83,8,2,2,74,16,1,Product_Ready
S02241,60,55,5.71,0,71,70,23,20,85,54,96,29,86,3,84,2,1,1,63,33,1,Service_Ready
S02242,55,95,7.42,0,21,92,95,79,44,80,41,75,40,6,59,2,1,3,23,27,1,Product_Ready
S02243,77,77,5.62,3,70,80,20,49,36,42,43,88,71,6,77,5,2,3,56,21,0,Not_Placed
S02244,91,71,6.7,1,69,69,35,91,80,63,37,69,99,5,68,1,1,4,41,26,1,Service_Ready
S02245,76,82,9.06,0,99,31,36,55,35,42,91,28,97,6,92,4,1,3,86,11,1,Service_Ready
S02246,79,58,9.73,0,38,32,76,22,97,93,57,46,99,1,72,6,2,3,32,9,0,Not_Placed
S02247,81,68,8.73,0,47,42,31,43,70,41,81,45,77,6,34,3,1,1,50,25,0,Not_Placed
S02248,89,85,7.91,0,21,98,78,82,94,36,73,40,41,4,74,4,1,1,61,4,1,Product_Ready
S02249,79,67,7.97,1,89,29,92,88,63,60,39,56,58,4,89,7,3,2,29,5,1,Service_Ready
S02250,68,58,7.39,0,65,89,99,63,52,55,44,32,58,6,57,1,3,0,80,4,1,Product_Ready
S02251,90,58,6.16,0,86,26,27,63,83,26,67,81,44,0,87,0,1,1,23,18,0,Not_Placed
S02252,71,79,7.04,1,36,41,58,58,35,70,48,97,90,0,76,4,3,5,34,27,0,Not_Placed
S02253,61,72,9.89,1,27,78,39,86,74,81,37,98,75,4,41,7,2,2,31,28,0,Not_Placed
S02254,89,56,8.46,0,27,82,87,50,51,32,45,48,37,4,31,1,1,2,73,16,1,Product_Ready
S02255,87,57,7.39,0,84,55,36,21,52,25,62,30,24,5,29,4,2,2,43,4,0,Not_Placed
S02256,92,80,8.48,0,22,57,61,67,32,75,78,82,99,2,94,8,0,5,98,2,0,Not_Placed
S02257,82,87,9.1,0,51,77,45,80,36,92,88,48,82,5,78,2,2,4,64,24,1,Service_Ready
S02258,89,56,9.59,0,35,24,20,41,67,45,53,77,26,0,76,5,1,5,94,30,0,Not_Placed
S02259,88,91,9.74,0,45,64,64,51,88,90,42,84,58,2,64,2,2,5,73,28,0,Not_Placed
S02260,83,69,6.29,2,51,40,36,92,45,41,60,78,94,1,29,6,0,1,23,28,0,Not_Placed
S02261,92,88,7.48,0,45,37,26,64,32,25,54,72,87,1,23,7,1,2,85,19,0,Not_Placed
S02262,72,76,6.21,0,55,68,35,94,63,41,27,37,99,6,91,5,0,4,92,3,1,Service_Ready
S02263,96,78,6.55,0,36,43,27,49,69,41,78,43,45,4,27,6,2,4,81,32,0,Not_Placed
S02264,82,81,9.68,0,93,69,61,90,59,33,30,82,68,4,29,5,2,0,31,8,1,Service_Ready
S02265,78,88,9.09,0,93,84,64,36,55,92,82,42,85,1,61,0,2,2,90,25,1,Service_Ready
S02266,69,85,5.81,0,93,67,71,91,20,21,61,93,28,1,50,1,3,4,62,7,0,Not_Placed
S02267,62,94,7.4,0,65,94,20,86,20,82,95,81,80,7,48,2,3,4,30,27,1,Service_Ready
S02268,65,59,9.79,0,58,61,91,72,40,49,97,20,43,4,25,5,2,4,88,16,0,Not_Placed
S02269,89,95,6.97,1,50,50,27,25,72,99,63,68,27,7,23,4,0,2,82,17,0,Not_Placed
S02270,88,67,5.96,1,43,22,52,45,70,49,54,44,47,0,45,7,0,4,34,9,0,Not_Placed
S02271,75,57,8.06,1,39,23,43,95,47,50,86,83,36,5,79,2,2,0,30,33,0,Not_Placed
S02272,97,89,5.77,1,95,24,45,96,43,86,51,42,68,3,81,5,0,5,96,16,1,Service_Ready
S02273,56,65,6.92,1,96,79,27,90,67,60,27,56,56,7,78,8,2,4,35,27,1,Service_Ready
S02274,85,81,8.25,0,77,68,98,44,87,55,99,66,78,4,71,7,2,4,75,18,1,Service_Ready
S02275,57,61,6.67,0,89,65,79,80,68,44,22,87,82,5,23,4,2,4,90,2,1,Service_Ready
S02276,88,77,7.53,0,97,60,43,43,22,78,77,92,43,3,85,6,3,3,90,10,0,Not_Placed
S02277,93,93,7.04,0,80,46,36,79,61,66,72,40,27,0,77,3,2,2,49,26,0,Not_Placed
S02278,87,89,8.84,0,21,96,72,60,42,80,50,85,21,4,79,6,2,0,54,2,1,Product_Ready
S02279,95,94,6.65,0,27,26,53,83,61,72,89,29,77,2,23,8,0,3,44,34,0,Not_Placed
S02280,81,56,6.67,0,68,24,66,43,63,87,33,55,70,5,36,1,3,2,71,13,1,Service_Ready
S02281,71,85,9.14,0,35,28,27,44,93,59,86,42,81,6,63,7,3,2,42,10,0,Not_Placed
S02282,58,88,5.7,0,61,22,53,62,86,56,31,35,81,0,34,9,0,1,36,2,1,Service_Ready
S02283,84,86,6.2,0,63,79,20,38,52,55,96,97,43,2,44,8,1,1,48,10,0,Not_Placed
S02284,87,77,9.6,2,20,66,60,42,24,69,28,23,90,0,99,8,3,0,77,7,0,Not_Placed
S02285,92,68,9.15,0,84,71,84,27,27,33,43,83,44,5,20,6,2,0,52,15,1,Product_Ready
S02286,82,83,5.65,0,57,68,62,29,46,27,87,49,32,1,22,3,3,4,41,3,0,Not_Placed
S02287,79,94,7.55,0,34,96,94,99,37,66,23,72,77,7,94,9,3,2,53,31,1,Product_Ready
S02288,58,68,8.31,0,76,56,57,60,23,45,58,61,30,2,73,5,1,5,39,27,0,Not_Placed
S02289,92,66,8.7,0,44,74,70,29,33,24,76,41,94,4,26,3,3,1,50,21,1,Product_Ready
S02290,89,61,7.14,0,49,72,93,33,55,31,95,53,45,5,72,9,2,2,66,24,1,Product_Ready
S02291,90,67,6.5,0,71,37,79,66,76,52,51,23,60,2,26,2,2,1,70,8,1,Service_Ready
S02292,65,62,7.41,0,37,98,74,62,43,40,37,33,72,2,96,8,3,1,76,27,1,Product_Ready
S02293,76,74,8.79,0,63,54,48,25,56,77,83,50,69,7,79,5,2,2,88,16,1,Service_Ready
S02294,92,70,7.35,0,71,43,26,33,69,43,98,32,38,4,41,1,2,4,55,19,0,Not_Placed
S02295,69,89,9.63,1,41,73,71,65,23,26,29,34,45,7,59,1,0,0,35,30,1,Product_Ready
S02296,72,65,7.5,0,37,73,57,92,34,83,27,65,58,3,27,9,1,1,87,28,0,Not_Placed
S02297,67,92,9.75,0,77,42,73,49,35,71,60,90,43,3,46,1,3,3,70,2,0,Not_Placed
S02298,88,81,6.99,0,57,73,79,46,99,81,82,54,77,6,80,3,1,3,75,4,1,Product_Ready
S02299,95,85,9.0,1,43,45,92,56,67,86,60,68,47,7,90,6,0,5,39,9,0,Not_Placed
S02300,58,80,6.89,0,88,65,77,89,86,48,29,90,84,0,36,5,3,5,25,31,1,Service_Ready
S02301,87,74,9.55,0,96,67,27,41,87,53,79,64,56,0,42,3,2,4,43,28,1,Service_Ready
S02302,67,59,9.42,0,45,96,20,23,86,99,32,58,50,7,98,4,2,0,30,25,0,Not_Placed
S02303,64,88,9.11,1,41,52,91,68,42,88,48,25,71,0,33,0,3,3,28,3,0,Not_Placed
S02304,58,74,6.34,1,84,69,83,22,56,22,52,78,34,7,75,3,2,3,81,4,0,Not_Placed
S02305,77,68,9.75,0,70,22,75,65,55,32,32,77,53,1,62,7,2,2,97,19,1,Service_Ready
S02306,73,73,7.02,0,48,91,84,57,68,47,52,32,63,4,71,7,3,0,60,8,1,Product_Ready
S02307,90,83,6.43,2,90,52,37,24,20,90,22,55,54,2,31,3,3,0,35,30,0,Not_Placed
S02308,60,91,5.73,0,76,95,46,44,81,37,99,49,49,3,66,5,0,1,53,5,0,Not_Placed
S02309,85,68,6.05,0,30,48,74,58,32,83,68,38,86,1,71,4,1,3,73,32,0,Not_Placed
S02310,76,59,6.68,3,36,72,56,38,29,63,68,56,77,3,34,3,2,4,39,32,0,Not_Placed
S02311,72,95,5.76,0,87,63,92,66,69,51,73,58,77,3,80,6,1,2,91,20,1,Service_Ready
S02312,83,73,9.91,0,34,21,41,31,81,64,77,39,70,6,43,2,1,0,72,34,0,Not_Placed
S02313,83,77,8.7,1,99,59,66,62,80,61,81,86,74,2,68,9,0,5,52,29,1,Service_Ready
S02314,95,69,8.47,0,54,72,58,72,29,99,84,20,72,5,45,1,1,3,46,29,1,Service_Ready
S02315,85,61,5.57,0,45,74,26,76,77,20,91,48,41,7,59,7,1,2,90,4,0,Not_Placed
S02316,69,97,7.76,0,82,55,65,56,37,62,48,95,37,6,34,7,1,5,47,16,0,Not_Placed
S02317,97,87,8.71,0,52,54,37,40,83,47,64,39,23,3,96,3,1,0,31,31,0,Not_Placed
S02318,88,76,5.91,0,99,88,76,47,36,41,54,78,98,2,69,9,3,3,63,24,1,Product_Ready
S02319,64,76,7.19,0,45,20,81,40,27,39,64,98,84,3,86,7,3,1,50,22,0,Not_Placed
S02320,77,71,6.92,0,91,27,81,97,43,41,34,47,41,6,92,7,2,5,88,18,0,Not_Placed
S02321,94,59,6.21,1,90,63,57,40,23,51,74,79,78,5,86,4,2,2,91,32,1,Service_Ready
S02322,81,67,9.85,0,94,71,60,99,34,24,34,20,34,3,79,5,2,4,46,31,0,Not_Placed
S02323,66,56,8.8,0,54,61,75,64,71,42,48,48,76,1,38,0,3,1,26,12,1,Service_Ready
S02324,57,56,7.64,1,94,59,21,95,80,95,44,73,36,7,31,1,3,0,71,2,0,Not_Placed
S02325,90,57,7.41,0,69,44,31,92,84,75,69,47,22,5,83,5,3,3,63,6,0,Not_Placed
S02326,83,67,7.06,0,89,30,73,81,78,80,59,23,46,7,26,7,2,3,25,6,0,Not_Placed
S02327,60,92,8.72,0,92,98,72,47,24,77,43,50,60,0,87,3,2,0,65,11,1,Service_Ready
S02328,91,75,9.54,0,29,43,31,39,89,27,97,24,73,3,57,2,3,5,27,15,0,Not_Placed
S02329,61,58,7.94,0,43,99,25,27,44,93,60,77,79,5,22,8,3,1,79,19,0,Not_Placed
S02330,84,59,6.68,0,46,43,57,86,35,34,44,91,23,7,64,7,2,2,72,31,0,Not_Placed
S02331,93,84,8.08,0,21,78,56,48,49,41,94,38,86,7,37,0,3,0,24,13,0,Not_Placed
S02332,65,78,7.02,0,75,41,75,85,42,35,63,91,87,5,28,5,3,2,35,14,1,Service_Ready
S02333,90,90,7.37,1,36,84,73,21,36,42,20,31,32,5,93,8,1,1,34,15,1,Product_Ready
S02334,63,59,7.28,1,27,38,71,31,91,27,74,53,84,2,66,2,2,3,51,17,0,Not_Placed
S02335,60,63,5.7,0,45,56,71,31,57,87,35,80,43,5,36,2,2,3,69,4,0,Not_Placed
S02336,62,66,9.51,0,52,37,77,97,64,34,34,64,87,3,88,2,3,5,63,21,1,Service_Ready
S02337,93,93,6.38,0,92,73,39,28,47,83,54,59,21,2,33,0,2,3,66,31,0,Not_Placed
S02338,93,68,5.67,1,68,43,29,26,36,41,78,63,30,1,42,5,3,5,81,19,0,Not_Placed
S02339,80,84,6.42,0,59,93,94,29,34,64,72,26,49,5,49,5,2,0,76,18,1,Product_Ready
S02340,84,72,6.63,0,73,26,27,82,82,83,49,29,88,0,58,1,1,1,28,33,1,Service_Ready
S02341,59,89,8.18,0,39,70,20,30,80,98,58,67,47,0,94,0,3,3,89,25,0,Not_Placed
S02342,92,96,8.01,0,24,47,78,28,58,81,57,43,83,0,62,1,1,4,65,22,0,Not_Placed
S02343,64,96,5.53,0,55,85,65,42,58,23,60,22,72,7,93,9,3,3,68,28,1,Service_Ready
S02344,73,92,6.77,0,96,85,41,58,63,21,94,78,47,1,86,0,3,2,47,29,0,Not_Placed
S02345,79,63,8.05,0,21,73,53,61,96,88,30,48,24,3,58,9,3,4,85,2,0,Not_Placed
S02346,74,55,9.99,0,25,20,90,81,83,24,73,68,26,3,22,3,0,4,51,13,0,Not_Placed
S02347,91,94,8.29,0,84,79,94,64,53,30,52,27,64,7,97,1,0,2,84,10,1,Product_Ready
S02348,64,84,7.09,0,30,55,37,82,24,50,35,85,28,1,56,3,2,0,77,26,0,Not_Placed
S02349,73,96,10.0,0,96,92,88,71,97,53,67,43,32,0,69,0,2,3,83,11,0,Not_Placed
S02350,94,89,5.7,1,77,35,81,29,81,52,90,61,63,5,92,9,3,1,50,6,1,Service_Ready
S02351,72,60,8.08,1,43,88,47,77,86,37,23,68,51,7,85,9,2,0,84,18,0,Not_Placed
S02352,70,56,5.98,0,90,48,80,79,92,77,72,24,80,4,77,0,2,5,98,22,1,Service_Ready
S02353,68,95,6.94,0,37,53,80,40,20,46,70,30,33,3,74,5,0,2,43,27,0,Not_Placed
S02354,79,83,8.39,0,43,31,26,59,89,95,98,42,90,2,57,3,0,0,68,22,0,Not_Placed
S02355,77,78,8.91,0,48,78,59,40,82,65,24,34,99,7,23,4,3,1,45,3,0,Not_Placed
S02356,94,62,8.47,0,85,87,74,97,98,58,69,39,89,3,62,1,3,1,97,10,1,Product_Ready
S02357,77,89,9.83,0,48,54,87,64,28,70,33,88,75,6,30,2,0,1,43,17,0,Not_Placed
S02358,84,78,6.59,0,81,46,48,85,76,80,48,76,92,6,63,4,2,4,88,33,1,Service_Ready
S02359,82,69,7.89,0,55,51,78,79,99,93,46,43,86,3,33,3,3,1,51,21,1,Service_Ready
S02360,71,83,5.93,0,21,97,61,57,74,74,53,65,62,1,55,5,3,5,88,23,0,Not_Placed
S02361,65,97,9.39,0,78,68,46,91,76,25,65,44,28,7,50,2,0,0,36,14,0,Not_Placed
S02362,79,66,6.61,0,84,25,30,99,41,30,56,45,76,1,40,8,1,2,30,10,1,Service_Ready
S02363,96,77,9.28,0,69,48,83,60,45,47,67,85,42,6,88,4,3,5,68,12,0,Not_Placed
S02364,84,82,9.45,0,61,81,25,27,88,59,29,50,49,2,55,5,2,3,51,27,0,Not_Placed
S02365,58,81,6.06,2,25,45,43,90,63,33,32,45,62,2,85,6,3,0,31,27,0,Not_Placed
S02366,85,66,6.85,0,35,71,40,46,98,42,91,44,30,6,76,4,1,1,69,10,0,Not_Placed
S02367,55,76,5.62,0,96,25,43,24,26,22,32,73,82,3,25,1,2,1,74,4,1,Service_Ready
S02368,76,89,8.34,1,20,42,47,88,55,73,66,75,29,4,33,7,2,3,40,13,0,Not_Placed
S02369,74,86,8.34,0,84,47,73,21,33,33,63,59,53,2,84,9,1,1,68,17,1,Service_Ready
S02370,73,91,9.32,0,89,43,67,99,58,67,89,99,28,4,87,9,1,5,81,27,0,Not_Placed
S02371,68,89,9.25,0,27,59,44,82,23,34,35,73,30,3,26,1,3,5,43,32,0,Not_Placed
S02372,58,91,9.29,1,52,73,33,38,30,90,64,79,77,7,97,7,2,3,98,3,1,Service_Ready
S02373,78,64,6.29,0,73,29,25,39,20,83,20,80,98,6,20,0,1,4,79,3,1,Service_Ready
S02374,72,66,9.76,0,27,69,99,81,42,78,29,31,81,4,95,9,1,3,66,21,0,Not_Placed
S02375,95,93,7.04,0,93,71,64,57,55,77,65,86,84,1,21,7,3,3,61,8,1,Service_Ready
S02376,63,61,9.6,1,95,55,86,62,27,97,55,67,65,7,26,9,3,3,42,12,1,Service_Ready
S02377,67,66,6.77,0,93,90,70,77,46,26,69,43,44,3,55,8,0,4,71,8,1,Product_Ready
S02378,84,85,6.04,0,40,65,40,91,71,48,88,95,58,2,96,9,3,4,55,27,0,Not_Placed
S02379,74,88,8.38,0,48,50,85,22,88,41,99,92,72,7,92,0,3,1,23,19,0,Not_Placed
S02380,72,96,8.46,1,22,78,95,30,54,69,82,89,25,7,30,6,0,4,58,4,1,Product_Ready
S02381,86,58,6.75,0,26,22,99,91,88,68,77,47,46,1,41,4,2,1,32,23,0,Not_Placed
S02382,65,59,9.16,2,58,56,50,81,25,53,71,49,32,1,72,3,1,4,74,32,0,Not_Placed
S02383,73,60,8.7,0,71,93,80,60,64,26,33,55,27,3,59,0,3,1,81,15,1,Product_Ready
S02384,59,73,9.06,1,68,36,92,54,86,32,56,57,97,5,82,8,0,0,55,24,1,Service_Ready
S02385,69,61,7.95,0,94,75,27,55,61,58,84,63,96,7,65,4,1,1,32,13,1,Service_Ready
S02386,82,76,9.53,0,49,73,34,49,48,51,49,35,55,7,67,6,3,5,75,12,0,Not_Placed
S02387,71,75,6.98,3,48,87,79,30,79,99,93,53,52,1,79,9,1,0,21,27,0,Not_Placed
S02388,74,57,7.01,1,62,63,52,57,71,54,36,77,67,2,67,0,2,5,95,29,1,Service_Ready
S02389,56,64,6.65,1,42,67,82,96,56,31,93,84,34,7,29,9,1,0,42,18,0,Not_Placed
S02390,88,95,6.74,0,90,88,87,69,86,87,78,97,82,2,45,0,1,2,87,15,1,Product_Ready
S02391,72,66,7.66,0,84,86,58,78,98,57,35,93,30,3,96,1,3,3,91,21,0,Not_Placed
S02392,89,93,5.79,1,36,43,54,42,27,73,40,38,50,1,90,7,1,4,22,14,0,Not_Placed
S02393,86,89,6.5,1,61,62,45,86,45,27,66,56,91,1,37,3,3,1,22,7,1,Service_Ready
S02394,94,64,7.66,1,26,64,48,57,58,44,36,80,70,4,86,7,1,5,68,27,0,Not_Placed
S02395,75,65,8.82,0,40,87,83,63,47,55,56,63,69,1,74,6,3,1,57,9,0,Not_Placed
S02396,56,89,5.98,0,42,51,90,52,36,91,61,36,67,1,67,1,3,0,80,24,0,Not_Placed
S02397,66,77,7.48,0,47,42,82,26,21,84,23,27,68,4,74,4,2,5,43,16,0,Not_Placed
S02398,94,66,6.91,0,46,56,96,81,86,99,95,33,58,4,95,9,0,3,72,12,0,Not_Placed
S02399,87,95,9.36,1,30,46,27,40,24,81,51,77,91,2,45,7,0,0,26,22,0,Not_Placed
S02400,70,57,7.63,0,27,23,48,31,70,38,50,45,25,4,36,3,1,5,66,11,0,Not_Placed
S02401,60,86,7.85,0,38,60,35,79,76,83,24,37,91,4,93,3,2,3,42,33,0,Not_Placed
S02402,65,56,6.64,2,32,83,54,48,42,99,35,45,22,1,42,8,0,2,52,15,0,Not_Placed
S02403,82,78,7.71,1,57,63,75,85,64,71,20,83,27,1,62,7,0,4,20,30,0,Not_Placed
S02404,91,55,5.6,0,74,85,82,41,30,48,22,64,96,7,22,9,3,5,84,16,1,Product_Ready
S02405,56,72,7.7,2,96,86,22,72,45,23,35,91,73,7,35,6,1,0,64,23,1,Service_Ready
S02406,88,63,7.84,0,75,53,45,90,64,95,40,62,58,4,61,6,2,5,36,28,1,Service_Ready
S02407,74,61,6.01,0,75,23,59,66,69,42,70,57,28,4,99,4,0,3,44,15,0,Not_Placed
S02408,71,82,6.84,0,67,27,33,34,58,44,82,78,94,4,22,6,1,4,60,21,1,Service_Ready
S02409,73,67,6.25,0,84,22,43,57,21,75,99,56,23,5,63,0,3,3,66,30,0,Not_Placed
S02410,95,80,9.49,2,28,99,67,50,74,20,78,30,21,5,20,5,2,1,21,6,0,Not_Placed
S02411,67,73,8.29,0,37,51,91,30,39,27,57,25,21,1,92,6,2,1,91,10,0,Not_Placed
S02412,80,88,8.24,0,86,94,88,95,49,46,62,24,39,3,40,2,0,3,83,5,1,Product_Ready
S02413,78,61,8.26,0,63,60,89,26,57,64,28,72,47,6,38,3,3,4,30,3,0,Not_Placed
S02414,60,66,8.31,0,75,71,92,23,23,68,71,53,41,4,82,7,1,0,74,3,1,Product_Ready
S02415,56,97,6.55,0,48,94,75,25,28,41,65,50,40,5,71,2,1,5,95,20,1,Product_Ready
S02416,56,69,5.68,0,54,62,49,92,82,49,48,85,91,0,93,5,2,1,43,27,1,Service_Ready
S02417,85,77,6.5,0,31,92,63,62,86,57,85,59,41,2,82,2,3,0,62,19,0,Not_Placed
S02418,95,72,6.64,0,66,91,42,78,96,26,69,85,22,1,58,6,3,3,74,9,0,Not_Placed
S02419,86,73,8.53,1,97,40,39,23,38,48,90,83,91,2,52,8,0,3,45,12,1,Service_Ready
S02420,84,87,8.0,0,87,76,53,96,73,70,25,78,73,0,45,7,0,1,39,28,1,Service_Ready
S02421,60,81,7.65,0,74,67,77,61,93,40,25,49,42,3,22,9,1,5,61,22,0,Not_Placed
S02422,78,58,8.54,0,70,43,65,46,70,39,99,90,37,7,46,1,0,3,89,2,0,Not_Placed
S02423,73,93,6.5,0,97,26,39,50,98,44,20,36,99,4,46,7,2,2,43,3,1,Service_Ready
S02424,79,73,8.25,0,25,92,20,43,93,25,67,39,95,2,74,1,0,2,83,20,0,Not_Placed
S02425,79,72,8.44,0,61,72,93,69,23,82,86,75,68,3,41,0,0,0,52,20,1,Product_Ready
S02426,95,71,7.14,0,91,20,24,59,82,20,54,36,79,0,23,8,0,4,33,27,1,Service_Ready
S02427,77,76,7.12,0,51,92,85,61,69,76,83,65,93,4,73,4,0,4,88,15,1,Product_Ready
S02428,87,81,8.78,0,63,34,86,20,43,95,81,97,76,1,39,9,1,5,72,20,1,Service_Ready
S02429,74,96,9.7,0,87,97,65,70,51,99,38,58,33,4,61,3,2,2,66,25,0,Not_Placed
S02430,76,75,6.15,0,63,55,34,64,81,69,97,32,50,4,27,8,0,4,28,2,1,Service_Ready
S02431,94,69,9.25,0,69,78,81,30,42,45,82,65,88,1,25,2,2,1,61,14,1,Service_Ready
S02432,79,56,7.81,0,59,58,44,67,68,52,46,64,50,6,57,7,3,1,84,12,1,Service_Ready
S02433,69,87,8.58,0,58,52,48,77,91,30,32,88,40,2,45,0,1,5,81,6,0,Not_Placed
S02434,73,63,9.79,1,80,67,69,81,72,40,57,78,62,0,88,3,2,3,45,31,1,Service_Ready
S02435,83,88,5.83,2,32,29,64,97,27,24,39,63,99,1,39,2,0,0,93,17,0,Not_Placed
S02436,58,64,7.23,0,39,51,85,79,30,39,42,96,54,0,29,7,1,5,51,34,0,Not_Placed
S02437,97,79,9.84,0,57,55,58,58,32,85,53,34,77,7,78,1,3,0,88,6,1,Service_Ready
S02438,97,62,6.8,0,82,87,54,90,51,43,69,78,84,4,57,5,0,5,88,31,1,Service_Ready
S02439,94,72,9.84,1,78,32,40,87,96,96,96,80,57,7,46,9,1,3,85,21,1,Service_Ready
S02440,89,64,6.54,0,98,61,37,34,85,32,76,28,85,5,35,3,1,1,20,19,1,Service_Ready
S02441,95,80,6.94,0,73,69,63,23,61,60,55,43,24,0,86,5,2,1,57,23,0,Not_Placed
S02442,58,93,9.57,0,38,47,36,43,20,24,51,72,76,4,62,5,2,1,97,17,0,Not_Placed
S02443,59,72,9.28,2,89,30,66,50,32,42,84,87,49,6,66,2,3,3,30,17,0,Not_Placed
S02444,83,75,7.64,0,62,24,71,32,31,20,27,35,34,2,44,9,1,0,78,26,0,Not_Placed
S02445,85,58,7.31,0,48,55,99,82,34,49,70,30,76,4,74,8,1,3,21,9,0,Not_Placed
S02446,72,61,8.56,0,81,47,44,84,51,67,99,43,61,5,97,9,3,3,55,32,1,Service_Ready
S02447,81,56,5.99,1,76,40,74,34,53,22,20,43,62,2,28,7,0,3,58,5,1,Service_Ready
S02448,83,82,6.14,1,48,88,30,21,87,29,91,46,54,0,69,9,1,1,36,32,0,Not_Placed
S02449,70,78,6.41,0,55,64,29,82,62,70,98,22,85,2,54,4,2,3,68,34,1,Service_Ready
S02450,55,66,6.36,0,39,33,71,73,68,49,22,31,50,4,46,3,3,0,83,12,0,Not_Placed
S02451,81,63,6.87,0,43,32,28,68,45,68,61,64,96,4,48,7,0,1,90,16,0,Not_Placed
S02452,79,89,5.64,1,82,82,25,93,71,40,33,77,44,7,28,0,2,3,55,16,0,Not_Placed
S02453,59,71,7.78,0,71,93,89,74,96,33,20,92,56,0,31,4,1,3,30,11,1,Service_Ready
S02454,69,93,9.24,1,35,64,55,38,23,78,31,82,75,2,87,7,0,3,45,19,0,Not_Placed
S02455,76,60,6.56,1,30,64,56,42,59,62,23,34,42,6,31,3,3,3,60,15,0,Not_Placed
S02456,62,77,8.0,2,23,48,36,68,70,68,43,63,60,0,75,0,3,3,61,17,0,Not_Placed
S02457,75,67,6.86,0,52,54,56,95,59,27,73,26,21,0,75,0,3,3,76,24,0,Not_Placed
S02458,59,68,9.46,0,90,65,97,86,65,97,86,61,83,7,92,4,2,1,26,8,1,Service_Ready
S02459,90,67,7.16,0,71,80,80,75,59,82,76,23,45,6,81,5,3,5,37,11,1,Product_Ready
S02460,90,56,9.96,0,51,88,70,86,96,86,87,75,33,7,95,1,0,4,49,27,1,Product_Ready
S02461,72,67,7.92,1,36,25,24,52,73,35,65,43,24,2,95,1,0,0,74,18,0,Not_Placed
S02462,74,82,6.19,0,98,52,86,90,29,60,59,25,52,7,43,7,1,3,93,12,1,Service_Ready
S02463,76,57,8.18,2,38,59,72,96,55,86,39,47,76,2,56,8,1,1,65,6,0,Not_Placed
S02464,97,63,7.99,0,45,52,55,41,36,63,71,41,88,0,49,6,2,5,54,6,0,Not_Placed
S02465,60,79,7.63,0,53,74,97,92,39,99,77,36,53,1,94,2,1,1,91,20,1,Service_Ready
S02466,87,77,7.2,0,61,70,90,68,48,49,44,87,81,5,36,9,0,1,82,20,1,Product_Ready
S02467,86,85,5.69,1,65,54,68,53,48,25,20,74,46,3,23,6,3,3,30,21,0,Not_Placed
S02468,80,82,7.02,0,46,74,90,73,65,55,40,68,53,1,53,7,2,1,71,18,0,Not_Placed
S02469,85,93,8.51,1,21,30,36,64,87,80,65,51,38,2,23,8,0,4,33,23,0,Not_Placed
S02470,70,65,5.53,0,88,77,59,44,97,61,63,24,47,3,79,8,0,0,75,22,0,Not_Placed
S02471,91,92,6.7,0,62,93,54,92,59,77,53,44,75,7,41,8,0,4,40,17,1,Service_Ready
S02472,86,75,8.11,0,33,43,39,51,93,71,84,71,77,6,29,5,2,2,29,22,0,Not_Placed
S02473,73,58,8.05,2,89,94,63,49,43,65,23,25,57,1,38,1,3,4,66,30,1,Service_Ready
S02474,70,66,7.8,1,79,45,51,58,23,63,54,70,70,6,48,4,3,5,97,16,1,Service_Ready
S02475,84,66,6.1,0,98,28,54,32,63,65,87,96,93,4,20,1,0,5,32,6,1,Service_Ready
S02476,79,64,9.69,0,39,47,40,30,88,56,68,88,52,4,27,3,2,5,34,16,0,Not_Placed
S02477,63,59,6.95,2,76,54,29,99,40,31,28,35,92,7,73,6,2,2,41,32,1,Service_Ready
S02478,64,96,7.52,2,58,40,34,64,38,72,74,68,97,5,80,3,3,5,58,24,1,Service_Ready
S02479,62,82,7.49,0,91,30,61,44,53,41,21,70,35,2,97,5,0,3,81,20,0,Not_Placed
S02480,83,96,5.67,1,74,37,46,20,33,78,97,52,55,6,58,7,3,4,44,16,1,Service_Ready
S02481,74,88,9.68,0,49,32,97,86,64,59,99,57,94,4,66,2,1,4,53,12,0,Not_Placed
S02482,74,74,7.22,0,44,52,50,93,98,20,73,35,78,1,22,7,1,2,79,25,0,Not_Placed
S02483,62,61,7.16,0,44,61,66,51,93,92,44,35,68,7,57,4,2,4,27,34,0,Not_Placed
S02484,64,74,5.65,0,39,74,82,97,98,25,71,21,58,7,51,3,2,4,51,30,1,Product_Ready
S02485,94,57,8.18,0,40,80,33,90,41,51,60,51,61,3,73,5,1,4,62,4,0,Not_Placed
S02486,92,71,9.58,0,64,65,32,71,28,76,88,62,26,5,63,5,2,3,96,16,0,Not_Placed
S02487,94,67,7.82,0,38,68,84,96,44,60,42,77,62,0,59,1,1,1,79,2,0,Not_Placed
S02488,66,83,5.78,0,77,57,25,81,93,29,45,77,36,4,97,4,2,2,39,16,0,Not_Placed
S02489,57,57,8.75,0,68,63,32,27,82,41,57,46,45,6,84,9,2,4,65,5,0,Not_Placed
S02490,85,58,5.85,0,22,78,98,72,30,25,66,26,87,4,20,7,2,4,62,29,1,Product_Ready
S02491,83,72,8.71,0,81,25,35,20,41,65,81,42,40,2,57,6,1,1,79,14,0,Not_Placed
S02492,86,61,5.83,0,96,51,26,95,59,34,78,31,96,7,61,6,2,1,48,30,1,Service_Ready
S02493,90,92,9.8,0,75,55,61,23,24,65,94,21,73,3,78,0,2,5,66,7,1,Service_Ready
S02494,78,83,9.4,0,70,60,86,98,21,97,62,51,31,6,35,1,2,4,77,32,0,Not_Placed
S02495,77,79,7.33,0,88,51,72,88,44,96,21,80,28,2,21,7,3,0,94,33,0,Not_Placed
S02496,62,86,6.63,1,84,40,26,28,21,38,79,89,78,4,64,9,2,0,45,27,1,Service_Ready
S02497,72,75,7.17,0,51,58,74,74,29,54,99,25,87,5,28,6,3,5,63,4,1,Service_Ready
S02498,68,68,5.9,0,76,34,83,26,39,83,38,25,70,6,84,6,2,0,42,26,1,Service_Ready
S02499,92,65,7.31,0,65,31,28,32,83,39,78,41,84,7,79,8,0,4,23,7,1,Service_Ready
S02500,73,84,8.01,0,27,98,44,52,85,35,74,55,91,7,26,4,2,2,54,16,0,Not_Placed
S02501,84,69,8.96,0,77,47,61,37,24,28,28,37,75,6,98,2,3,2,79,21,1,Service_Ready
S02502,65,95,6.08,0,28,75,42,21,64,84,57,25,67,3,98,6,1,5,49,30,0,Not_Placed
S02503,66,88,8.57,1,69,22,95,23,74,71,78,90,39,2,27,2,2,1,48,4,0,Not_Placed
S02504,63,64,7.72,1,20,23,67,37,97,64,34,70,80,3,38,7,1,4,30,29,0,Not_Placed
S02505,65,55,6.13,0,23,53,95,73,80,39,22,59,88,6,88,7,0,2,77,33,0,Not_Placed
S02506,76,75,6.44,1,30,38,48,73,72,86,95,51,75,6,23,7,2,2,46,17,0,Not_Placed
S02507,72,84,8.67,0,95,61,42,59,34,99,76,33,98,3,54,8,1,1,37,10,1,Service_Ready
S02508,65,80,7.06,3,93,57,89,94,78,85,60,43,69,4,40,5,3,0,88,5,0,Not_Placed
S02509,63,72,5.9,0,48,67,70,61,55,95,64,54,25,4,56,3,3,3,41,6,0,Not_Placed
S02510,59,65,9.22,0,37,92,36,60,52,74,43,96,59,3,86,3,2,4,56,3,0,Not_Placed
S02511,60,59,6.92,0,59,30,33,21,58,82,82,37,98,4,20,0,1,1,58,3,1,Service_Ready
S02512,69,76,8.67,0,75,43,62,40,67,85,35,59,40,3,27,9,1,5,74,23,0,Not_Placed
S02513,72,59,6.88,0,28,60,70,76,92,80,25,45,93,5,72,0,3,4,59,25,0,Not_Placed
S02514,82,92,8.43,0,27,83,92,70,94,25,66,68,95,7,51,5,3,0,38,18,1,Product_Ready
S02515,70,70,6.68,0,70,24,77,65,74,92,36,31,43,7,74,9,3,5,95,16,0,Not_Placed
S02516,70,77,6.83,1,62,98,40,27,68,25,66,55,42,6,94,3,3,0,76,7,0,Not_Placed
S02517,55,91,7.93,0,26,71,54,21,59,56,76,29,95,0,65,9,0,4,46,6,0,Not_Placed
S02518,62,85,8.44,0,70,98,78,21,49,77,39,59,48,4,29,2,0,0,20,15,1,Product_Ready
S02519,79,80,9.05,0,64,83,92,79,38,66,83,49,66,7,52,1,0,1,80,5,1,Product_Ready
S02520,80,87,6.34,0,60,91,55,91,41,66,39,43,62,7,92,7,3,2,64,14,1,Service_Ready
S02521,56,66,7.55,0,33,68,49,28,98,43,60,79,51,6,40,9,2,5,21,32,0,Not_Placed
S02522,84,69,7.89,0,71,41,33,97,53,99,75,72,68,6,35,7,1,1,42,19,1,Service_Ready
S02523,76,94,8.4,0,75,61,61,81,72,72,83,20,98,4,46,0,2,0,77,33,1,Service_Ready
S02524,92,80,8.84,2,42,39,55,61,41,79,30,47,64,3,41,0,2,2,55,15,0,Not_Placed
S02525,89,77,6.62,1,35,38,82,69,92,62,38,37,25,2,33,8,2,1,25,26,0,Not_Placed
S02526,63,85,7.24,1,84,78,43,81,90,57,81,84,70,5,71,9,1,2,67,28,1,Service_Ready
S02527,64,92,6.74,1,87,88,25,51,57,76,83,73,33,7,69,5,2,2,58,2,0,Not_Placed
S02528,89,73,6.59,0,51,55,43,62,90,90,65,66,88,5,64,3,1,5,69,2,1,Service_Ready
S02529,67,77,9.12,0,78,92,93,73,90,45,63,95,32,5,59,3,0,3,20,7,1,Product_Ready
S02530,56,81,5.79,1,52,22,39,23,27,47,85,92,45,1,90,0,0,0,92,28,0,Not_Placed
S02531,55,87,5.59,0,38,69,41,86,28,54,90,98,23,4,47,8,2,2,44,10,0,Not_Placed
S02532,87,71,6.01,0,82,66,38,85,64,90,92,52,99,2,91,9,0,2,72,11,1,Service_Ready
S02533,95,71,9.7,0,82,86,65,39,32,36,51,35,42,2,33,2,2,4,94,34,0,Not_Placed
S02534,73,95,8.86,0,42,48,25,58,24,59,97,40,78,0,39,7,2,5,91,30,0,Not_Placed
S02535,61,60,6.57,1,66,38,32,64,51,49,61,91,61,6,22,4,2,1,61,10,1,Service_Ready
S02536,78,61,5.57,1,77,75,77,37,58,69,52,47,75,0,33,6,3,3,26,5,1,Service_Ready
S02537,85,84,8.52,0,84,71,22,96,26,89,89,53,35,5,27,4,0,2,69,24,0,Not_Placed
S02538,60,69,9.7,0,57,23,97,64,29,73,48,31,75,7,56,1,3,3,57,31,1,Service_Ready
S02539,72,64,6.06,0,70,31,29,56,85,86,33,66,39,4,71,3,2,1,66,16,0,Not_Placed
S02540,63,57,7.55,0,49,56,22,28,27,28,36,43,91,4,33,5,3,1,58,28,0,Not_Placed
S02541,82,61,5.76,0,38,25,49,31,34,58,83,83,34,1,86,0,2,0,20,6,0,Not_Placed
S02542,90,64,7.0,0,75,38,57,66,95,94,71,68,90,6,69,0,3,0,21,6,1,Service_Ready
S02543,75,67,6.16,0,46,54,37,87,80,60,62,68,30,2,70,3,2,4,62,15,0,Not_Placed
S02544,60,83,6.76,0,69,55,38,86,31,95,43,84,99,4,45,5,2,3,99,30,1,Service_Ready
S02545,83,63,7.11,0,94,21,37,88,76,90,42,38,38,1,68,7,3,2,69,12,0,Not_Placed
S02546,63,68,9.65,1,67,77,88,28,86,97,37,31,97,3,35,4,3,3,34,26,1,Product_Ready
S02547,71,66,5.72,1,75,72,90,91,66,44,69,52,93,5,48,2,2,3,56,32,1,Product_Ready
S02548,60,82,5.61,0,85,22,84,83,54,43,66,71,53,3,99,6,0,4,48,29,1,Service_Ready
S02549,95,77,6.83,0,37,60,80,43,66,47,55,40,75,4,45,1,1,3,52,27,0,Not_Placed
S02550,76,74,7.35,2,37,24,65,94,40,41,22,28,21,5,47,1,0,2,29,20,0,Not_Placed
S02551,83,56,6.3,1,90,55,27,29,52,38,37,70,42,0,78,3,2,2,29,8,0,Not_Placed
S02552,80,70,5.71,2,63,27,27,64,30,44,36,74,98,4,75,4,0,2,58,3,0,Not_Placed
S02553,88,79,8.84,0,98,97,60,98,90,26,91,37,36,1,96,2,2,2,78,6,0,Not_Placed
S02554,62,64,8.67,2,35,93,75,70,87,65,80,97,52,6,37,9,0,0,97,10,0,Not_Placed
S02555,80,69,8.76,1,60,24,63,35,54,24,81,45,80,2,88,7,1,4,55,25,1,Service_Ready
S02556,69,84,9.29,1,52,88,69,42,29,55,36,72,27,7,63,9,1,5,90,27,0,Not_Placed
S02557,71,91,8.17,0,76,70,77,38,46,44,40,44,70,6,54,5,3,1,34,25,1,Product_Ready
S02558,58,61,6.9,1,57,64,28,74,71,96,68,74,89,3,98,2,3,4,57,7,1,Service_Ready
S02559,82,62,5.91,0,64,48,98,68,43,40,42,47,51,5,81,2,1,0,25,2,1,Service_Ready
S02560,76,58,6.97,0,74,61,71,80,38,20,60,82,67,0,51,1,1,0,49,29,1,Service_Ready
S02561,78,68,6.8,0,84,52,77,37,31,93,85,21,89,3,47,7,2,1,22,26,1,Service_Ready
S02562,77,67,5.82,1,82,57,78,47,45,84,93,93,80,0,20,2,3,2,46,14,1,Service_Ready
S02563,71,82,6.73,0,66,85,51,51,89,74,92,99,59,3,50,6,2,1,23,16,1,Service_Ready
S02564,91,92,8.62,0,79,62,45,86,87,74,66,78,94,2,35,9,2,0,20,27,1,Service_Ready
S02565,84,60,6.72,0,62,38,58,51,84,66,32,93,55,5,89,7,3,3,28,20,1,Service_Ready
S02566,55,65,8.52,0,63,70,36,85,42,60,78,93,44,0,38,1,1,5,54,11,0,Not_Placed
S02567,77,76,8.74,0,78,61,81,38,54,95,27,62,64,5,32,5,1,4,26,20,1,Service_Ready
S02568,97,60,7.43,0,69,91,69,57,85,76,41,75,55,2,87,0,3,0,43,6,1,Service_Ready
S02569,89,96,9.88,0,62,60,45,78,68,83,24,63,37,2,76,8,3,0,59,22,0,Not_Placed
S02570,78,82,6.95,2,52,86,54,58,66,90,24,56,20,5,75,6,0,3,83,29,0,Not_Placed
S02571,80,88,8.9,2,39,33,42,86,38,97,58,56,20,2,38,8,0,4,71,23,0,Not_Placed
S02572,74,95,7.31,0,98,85,31,76,79,74,90,85,91,0,46,4,2,2,70,14,1,Service_Ready
S02573,60,84,6.22,0,44,45,32,38,29,64,90,34,50,5,27,1,0,0,35,12,0,Not_Placed
S02574,81,76,9.74,2,76,67,59,58,22,74,20,42,86,5,53,0,3,2,72,24,1,Service_Ready
S02575,92,65,8.89,0,26,66,27,24,85,82,40,90,31,7,30,5,0,1,35,16,0,Not_Placed
S02576,69,74,9.91,2,54,33,50,93,89,30,55,93,99,7,59,8,3,0,61,24,1,Service_Ready
S02577,75,86,7.93,0,74,23,81,44,89,33,60,76,57,5,60,2,0,2,98,27,1,Service_Ready
S02578,84,94,6.97,1,32,53,42,39,73,92,77,78,39,6,58,8,1,0,51,6,0,Not_Placed
S02579,58,77,5.58,0,35,51,45,22,26,35,72,23,64,7,97,5,1,4,41,32,0,Not_Placed
S02580,84,77,7.96,0,64,91,43,22,97,70,94,74,57,3,39,0,1,4,45,3,1,Service_Ready
S02581,57,74,9.08,0,28,21,47,22,35,23,42,96,25,1,74,0,3,0,83,4,0,Not_Placed
S02582,95,94,6.83,2,72,59,71,56,86,38,53,97,85,1,71,9,3,0,21,28,1,Service_Ready
S02583,55,90,8.91,0,55,22,63,35,30,29,70,61,44,2,25,7,1,0,20,4,0,Not_Placed
S02584,92,81,5.52,0,38,89,66,97,24,83,64,83,64,3,28,6,3,4,64,29,0,Not_Placed
S02585,94,65,8.76,0,92,76,85,23,48,23,20,37,32,7,89,0,2,2,66,23,1,Product_Ready
S02586,84,81,6.63,0,21,39,94,97,43,96,91,63,40,5,92,9,1,1,30,17,0,Not_Placed
S02587,63,57,9.32,1,32,20,63,94,43,24,85,39,83,6,87,5,2,0,61,5,0,Not_Placed
S02588,92,56,9.1,1,80,30,88,48,44,97,73,67,65,0,60,4,2,3,51,7,1,Service_Ready
S02589,60,76,7.18,2,60,26,76,35,78,57,28,96,53,5,56,5,3,5,80,5,0,Not_Placed
S02590,59,60,6.8,1,96,75,78,26,87,50,67,61,49,4,70,2,1,2,69,31,1,Product_Ready
S02591,73,86,7.15,0,23,31,34,34,29,80,38,72,91,2,76,8,0,0,36,16,0,Not_Placed
S02592,70,61,9.75,0,95,66,29,43,69,87,62,56,64,1,73,6,2,3,56,26,1,Service_Ready
S02593,95,84,6.43,1,56,56,26,59,70,83,41,62,81,5,46,4,2,4,28,28,1,Service_Ready
S02594,93,76,6.25,0,99,22,35,27,61,92,54,90,91,2,67,5,0,5,55,7,1,Service_Ready
S02595,61,66,9.0,0,62,62,68,95,74,69,40,32,61,2,34,1,0,2,53,32,1,Service_Ready
S02596,86,90,9.86,2,77,43,46,40,37,74,87,66,73,1,92,3,0,0,54,31,1,Service_Ready
S02597,93,60,7.91,2,97,39,69,28,95,33,42,67,99,1,75,8,0,0,88,11,1,Service_Ready
S02598,76,97,6.77,2,89,22,23,46,46,66,79,55,65,4,61,6,1,1,66,30,0,Not_Placed
S02599,94,95,6.44,0,90,51,98,96,93,59,76,30,59,7,66,1,2,3,91,17,1,Service_Ready
S02600,78,77,9.46,0,47,85,64,52,79,69,65,54,60,1,96,6,0,4,41,2,0,Not_Placed
S02601,71,63,7.64,0,48,72,44,47,42,22,52,90,88,1,36,0,2,2,86,9,0,Not_Placed
S02602,60,91,8.39,0,69,90,65,71,93,85,40,43,67,0,32,4,1,3,94,33,1,Service_Ready
S02603,82,76,8.6,0,94,61,52,35,32,40,78,66,58,5,62,4,1,2,95,8,1,Service_Ready
S02604,74,69,6.47,3,98,68,93,56,25,25,47,97,32,4,29,6,2,4,27,27,0,Not_Placed
S02605,76,59,9.87,1,38,62,62,54,74,80,66,96,75,1,37,0,3,4,30,2,0,Not_Placed
S02606,73,86,6.01,2,85,31,93,81,77,40,56,24,89,7,86,9,0,3,81,32,1,Service_Ready
S02607,71,78,8.01,0,26,97,60,21,49,39,75,93,43,3,31,8,1,4,90,29,0,Not_Placed
S02608,90,57,8.8,0,28,31,93,63,85,38,32,74,84,3,89,3,2,4,44,17,0,Not_Placed
S02609,97,58,9.78,0,63,57,42,25,62,63,99,99,42,7,95,4,0,1,28,22,0,Not_Placed
S02610,55,77,7.37,0,74,59,33,32,72,99,58,84,75,7,65,6,0,5,26,21,1,Service_Ready
S02611,91,90,7.28,0,86,22,77,86,73,28,73,99,70,7,31,5,3,4,50,31,1,Service_Ready
S02612,75,57,5.95,1,90,88,92,66,39,57,56,77,36,1,51,7,2,4,52,4,0,Not_Placed
S02613,60,82,7.54,1,45,81,24,30,93,98,68,97,81,3,96,3,1,0,78,13,0,Not_Placed
S02614,79,58,9.47,0,57,62,89,72,40,39,38,52,82,3,79,2,3,3,47,23,1,Service_Ready
S02615,78,84,7.64,0,92,44,35,34,78,67,37,42,74,1,22,6,2,3,30,25,1,Service_Ready
S02616,89,79,6.77,0,60,56,74,28,55,76,82,39,66,3,25,8,2,4,48,14,1,Service_Ready
S02617,90,81,8.37,0,25,58,51,68,62,47,64,84,69,5,70,5,1,4,61,24,0,Not_Placed
S02618,76,56,8.56,0,25,97,43,33,31,74,87,63,70,7,57,8,1,2,63,12,0,Not_Placed
S02619,86,82,7.32,0,57,24,28,96,58,46,51,83,52,1,37,2,0,5,78,13,1,Service_Ready
S02620,58,70,9.69,1,67,85,96,27,63,40,45,54,34,7,49,1,3,4,20,29,1,Product_Ready
S02621,55,94,7.42,0,85,23,32,55,80,77,34,31,95,4,80,9,1,1,27,28,1,Service_Ready
S02622,91,62,9.76,0,77,82,66,98,93,57,88,88,59,0,21,0,0,1,26,30,1,Service_Ready
S02623,63,90,8.47,0,93,58,77,59,33,20,36,68,35,6,34,2,0,1,78,26,0,Not_Placed
S02624,63,74,7.6,2,87,49,53,97,84,79,27,94,84,4,76,0,1,5,58,14,0,Not_Placed
S02625,75,90,7.16,0,47,72,28,94,90,80,46,41,49,3,34,4,3,0,42,7,0,Not_Placed
S02626,70,81,9.39,0,64,58,69,68,67,68,59,58,76,1,82,3,3,5,21,27,1,Service_Ready
S02627,86,77,7.29,0,87,79,21,68,57,50,59,99,72,7,52,9,1,2,80,19,1,Service_Ready
S02628,64,56,9.11,0,62,83,78,81,29,83,79,39,68,7,93,2,0,1,98,4,1,Product_Ready
S02629,83,58,6.87,0,61,40,21,97,88,26,94,54,49,3,65,6,0,0,73,17,0,Not_Placed
S02630,55,76,6.47,0,28,88,78,42,30,43,91,73,50,5,33,4,2,0,90,27,1,Product_Ready
S02631,79,72,6.63,0,68,84,23,28,55,70,51,37,34,3,77,7,1,0,32,28,0,Not_Placed
S02632,67,82,8.67,0,63,42,86,97,85,69,32,21,95,2,53,7,0,4,80,26,1,Service_Ready
S02633,65,67,7.72,1,75,45,46,45,34,69,25,87,23,5,96,8,1,5,59,4,0,Not_Placed
S02634,95,83,7.82,0,83,81,98,26,95,69,58,90,66,0,89,9,2,1,92,25,1,Service_Ready
S02635,84,70,6.16,0,64,41,61,52,29,66,98,58,65,7,70,8,1,1,78,27,1,Service_Ready
S02636,95,75,8.86,0,33,23,43,85,82,84,85,32,46,3,36,4,3,0,76,9,0,Not_Placed
S02637,63,72,6.18,0,59,58,75,73,63,65,51,67,80,1,57,3,0,4,77,27,1,Service_Ready
S02638,97,63,9.42,0,45,82,89,46,73,50,51,21,37,3,90,7,2,4,44,5,1,Product_Ready
S02639,73,58,9.56,0,90,44,42,49,80,26,73,36,79,1,57,3,3,5,28,18,1,Service_Ready
S02640,72,94,7.29,0,73,47,91,69,37,32,52,34,57,5,25,1,2,2,97,20,1,Service_Ready
S02641,94,69,7.36,1,21,95,29,95,58,21,84,85,71,7,63,1,0,0,64,33,0,Not_Placed
S02642,59,68,7.44,1,82,88,73,57,28,80,40,55,20,5,34,0,1,2,80,24,1,Product_Ready
S02643,74,82,6.69,0,68,43,99,32,26,34,42,88,79,1,70,9,0,5,92,30,1,Service_Ready
S02644,81,92,8.0,0,80,98,39,72,34,48,89,99,84,5,89,5,0,3,29,9,1,Service_Ready
S02645,75,80,7.81,0,42,28,57,64,64,37,65,21,67,7,36,5,3,5,64,25,0,Not_Placed
S02646,85,55,9.14,0,23,20,52,93,81,22,64,40,83,0,76,7,1,2,65,9,0,Not_Placed
S02647,78,78,6.11,0,76,63,92,94,67,96,46,49,65,6,31,7,3,2,87,24,1,Service_Ready
S02648,80,61,5.92,1,27,41,45,96,82,65,63,81,55,0,98,1,2,5,60,6,0,Not_Placed
S02649,66,83,7.41,0,53,94,43,82,82,29,24,72,47,0,64,1,3,0,59,3,0,Not_Placed
S02650,81,62,6.47,0,63,50,24,79,38,61,42,96,36,1,77,6,2,0,22,14,0,Not_Placed
S02651,86,89,9.7,0,48,93,39,53,98,59,84,82,75,7,85,8,0,3,70,13,0,Not_Placed
S02652,64,73,5.85,0,28,48,48,80,83,22,23,74,33,5,96,6,3,3,39,29,0,Not_Placed
S02653,86,68,9.07,0,58,77,34,92,22,24,61,34,22,4,54,6,1,4,50,15,0,Not_Placed
S02654,70,58,6.05,0,87,79,30,98,55,91,21,69,22,2,81,7,1,1,42,14,0,Not_Placed
S02655,70,71,8.44,0,75,64,59,50,51,20,54,55,85,4,62,2,0,3,50,20,1,Service_Ready
S02656,86,83,9.65,0,79,70,69,40,28,53,53,66,43,7,47,2,2,2,25,12,0,Not_Placed
S02657,58,68,5.73,0,30,42,26,88,51,63,22,63,88,2,80,2,0,3,49,23,0,Not_Placed
S02658,76,92,5.87,0,30,29,54,45,63,23,93,76,58,7,60,2,1,0,55,5,0,Not_Placed
S02659,96,64,7.79,0,78,56,34,49,93,31,49,20,55,7,40,9,3,1,82,19,1,Service_Ready
S02660,67,91,6.83,0,65,66,45,24,24,50,47,96,94,6,84,7,0,1,37,25,1,Service_Ready
S02661,83,82,7.77,0,30,70,78,32,66,62,43,67,82,0,88,5,1,5,34,10,0,Not_Placed
S02662,68,64,6.7,1,84,33,63,58,54,84,46,64,76,5,53,8,1,5,77,33,1,Service_Ready
S02663,92,74,9.19,0,22,30,43,48,88,27,38,87,88,3,67,7,1,2,35,9,0,Not_Placed
S02664,59,92,8.13,0,44,72,68,91,40,70,65,28,83,7,96,6,3,2,27,29,0,Not_Placed
S02665,69,83,7.5,0,43,40,21,26,75,94,95,87,54,6,45,1,3,1,75,17,0,Not_Placed
S02666,66,95,7.62,0,38,34,71,96,45,64,40,72,48,7,38,5,1,0,21,33,0,Not_Placed
S02667,92,87,6.78,0,87,41,48,22,41,72,76,29,59,1,39,5,2,2,27,30,1,Service_Ready
S02668,90,79,5.76,0,81,40,38,44,24,31,44,24,95,2,23,3,2,4,66,25,1,Service_Ready
S02669,96,82,8.8,0,31,99,94,62,47,38,94,87,93,2,74,2,3,5,58,23,1,Product_Ready
S02670,56,87,9.97,1,65,23,81,44,82,89,32,23,21,2,49,3,3,2,64,34,0,Not_Placed
S02671,67,93,8.12,0,46,49,25,28,25,48,89,85,72,5,24,3,3,5,27,34,0,Not_Placed
S02672,93,94,9.48,0,91,49,48,89,75,85,82,49,72,5,65,6,0,3,68,16,1,Service_Ready
S02673,69,75,9.03,0,94,32,49,62,70,27,56,83,58,7,81,1,2,5,71,19,1,Service_Ready
S02674,75,77,8.79,0,38,84,21,68,88,53,23,58,68,2,45,8,0,1,35,20,0,Not_Placed
S02675,70,87,6.0,0,83,89,54,58,22,32,33,60,27,6,38,1,2,4,55,4,0,Not_Placed
S02676,79,67,5.88,1,93,91,26,41,28,79,61,78,59,6,48,6,3,4,61,30,1,Service_Ready
S02677,82,75,9.3,0,57,98,85,31,52,98,20,87,47,5,97,4,2,0,64,13,1,Product_Ready
S02678,60,74,9.7,1,71,39,77,64,21,53,45,52,61,5,84,7,0,5,29,33,1,Service_Ready
S02679,94,56,9.41,0,31,50,42,52,27,81,99,34,60,7,71,9,1,3,46,32,0,Not_Placed
S02680,58,84,9.18,0,87,75,37,66,91,79,78,21,92,7,77,4,2,4,91,25,1,Service_Ready
S02681,73,91,9.78,0,58,97,34,74,86,75,64,94,76,2,25,5,2,5,57,7,1,Service_Ready
S02682,83,65,7.63,1,58,25,49,20,28,64,27,53,99,2,27,8,3,1,52,20,1,Service_Ready
S02683,81,78,6.11,0,31,47,77,67,20,94,63,82,57,4,28,5,1,4,71,4,0,Not_Placed
S02684,86,89,9.48,1,90,54,49,64,65,84,20,76,90,2,50,8,2,0,56,12,1,Service_Ready
S02685,57,66,8.12,1,83,98,83,37,51,38,52,81,41,4,48,7,3,1,95,5,1,Product_Ready
S02686,59,73,8.51,0,26,31,29,48,32,89,50,28,70,7,35,9,2,3,20,22,0,Not_Placed
S02687,90,91,8.78,0,27,63,94,46,55,61,39,27,65,3,71,9,2,3,22,5,0,Not_Placed
S02688,83,82,8.41,0,33,33,73,48,22,92,24,24,64,7,83,3,3,2,32,27,0,Not_Placed
S02689,63,58,7.44,2,97,61,24,66,67,66,27,40,43,4,34,8,1,0,72,29,0,Not_Placed
S02690,93,62,9.7,0,66,58,76,69,76,54,26,72,29,3,58,9,2,1,54,23,0,Not_Placed
S02691,63,90,7.62,0,77,41,59,47,65,88,71,30,41,6,32,3,1,4,94,6,0,Not_Placed
S02692,68,76,6.27,0,57,77,59,40,68,58,80,29,59,1,64,0,0,4,87,11,1,Service_Ready
S02693,79,86,8.81,2,40,46,49,93,20,28,22,72,61,2,25,6,2,3,87,19,0,Not_Placed
S02694,86,86,9.12,0,47,69,58,21,56,85,38,88,63,4,41,3,2,1,81,15,0,Not_Placed
S02695,79,80,7.67,0,73,95,82,55,35,76,83,29,70,2,26,8,1,3,32,3,1,Product_Ready
S02696,57,65,6.33,2,96,83,32,73,31,37,37,36,58,5,32,5,0,2,38,22,0,Not_Placed
S02697,78,84,8.05,0,78,36,67,74,28,96,33,45,71,4,63,3,2,2,61,32,1,Service_Ready
S02698,72,68,6.8,0,40,33,22,50,66,63,36,75,46,6,88,1,3,5,94,24,0,Not_Placed
S02699,89,60,9.42,0,74,86,76,38,93,30,74,56,23,4,89,9,3,1,79,26,1,Product_Ready
S02700,86,80,9.4,1,23,35,82,61,52,32,65,32,52,2,33,7,1,5,65,2,0,Not_Placed
S02701,70,83,9.53,1,24,69,55,39,62,27,60,44,26,2,80,0,0,5,31,15,0,Not_Placed
S02702,61,82,5.86,0,99,60,21,68,97,47,51,95,96,5,61,7,3,0,65,10,1,Service_Ready
S02703,92,70,7.85,0,72,46,30,45,97,76,20,30,49,7,23,5,2,5,91,17,0,Not_Placed
S02704,87,87,9.57,0,23,70,46,52,96,94,51,86,96,3,76,2,2,3,72,25,0,Not_Placed
S02705,86,63,9.71,0,65,63,85,86,47,97,43,75,69,4,22,6,1,0,78,3,1,Service_Ready
S02706,76,89,7.83,0,67,72,94,51,31,81,22,25,31,4,39,9,1,3,33,2,1,Product_Ready
S02707,74,76,9.69,1,31,35,54,63,87,29,22,50,71,6,84,4,0,1,34,2,0,Not_Placed
S02708,75,91,8.01,2,85,80,79,33,24,50,67,51,76,6,53,9,2,2,24,18,1,Service_Ready
S02709,65,59,6.12,0,73,67,99,68,60,41,76,85,38,0,21,0,0,2,25,12,0,Not_Placed
S02710,81,62,6.59,0,63,60,66,88,98,21,34,39,22,1,58,9,1,1,59,14,0,Not_Placed
S02711,75,88,6.23,0,20,72,95,63,54,59,64,79,82,1,66,7,0,0,37,9,0,Not_Placed
S02712,97,67,7.75,1,88,80,30,38,83,57,29,35,88,1,61,9,3,4,54,23,1,Service_Ready
S02713,78,66,6.76,1,97,59,41,66,94,85,29,62,88,2,44,6,3,3,99,4,1,Service_Ready
S02714,73,66,5.88,0,22,80,85,75,45,53,74,98,95,7,99,6,1,5,91,26,1,Product_Ready
S02715,73,73,7.92,0,46,24,45,49,97,54,94,72,87,3,52,5,3,1,55,27,0,Not_Placed
S02716,84,76,9.96,0,99,90,83,40,54,65,67,41,25,5,52,6,2,0,37,25,1,Product_Ready
S02717,94,94,6.26,0,98,29,83,48,37,21,44,70,41,0,93,3,0,3,49,34,0,Not_Placed
S02718,97,80,9.97,3,23,66,64,84,85,25,26,70,87,1,60,4,2,4,44,2,0,Not_Placed
S02719,88,57,7.15,0,21,84,27,77,72,63,92,47,38,7,39,6,1,1,75,20,0,Not_Placed
S02720,71,94,9.48,0,46,58,49,42,42,66,97,67,82,7,28,6,1,4,82,11,0,Not_Placed
S02721,77,64,9.64,1,57,20,67,54,90,72,44,61,42,0,46,2,2,3,76,19,0,Not_Placed
S02722,90,88,6.73,0,47,49,64,57,39,89,66,78,98,6,33,9,0,2,27,23,0,Not_Placed
S02723,92,74,6.44,0,68,42,73,42,87,65,87,47,69,2,82,9,0,4,32,7,1,Service_Ready
S02724,84,77,8.87,0,30,20,37,30,29,67,80,29,79,1,41,2,0,5,56,7,0,Not_Placed
S02725,90,59,7.18,0,75,59,52,52,79,40,88,64,76,4,59,0,1,1,93,3,1,Service_Ready
S02726,92,75,6.22,0,54,72,58,41,86,89,99,86,94,7,36,2,1,3,91,15,1,Service_Ready
S02727,80,79,8.62,1,51,98,87,47,23,80,96,31,34,4,32,5,1,5,54,13,1,Product_Ready
S02728,84,59,8.14,0,29,92,57,78,54,90,31,61,68,6,86,0,3,4,94,21,0,Not_Placed
S02729,85,87,6.14,2,26,28,45,21,24,85,29,50,52,3,25,0,0,0,62,16,0,Not_Placed
S02730,74,75,6.99,0,83,63,53,66,28,79,49,36,71,2,23,7,3,5,51,6,1,Service_Ready
S02731,96,57,5.93,1,36,35,30,32,37,33,53,95,45,1,80,6,1,0,69,17,0,Not_Placed
S02732,88,65,6.63,1,73,90,46,83,98,28,95,91,21,0,67,6,3,2,50,27,0,Not_Placed
S02733,95,56,7.8,0,97,20,89,41,94,73,33,33,90,2,45,5,1,4,93,20,1,Service_Ready
S02734,85,64,6.51,1,74,24,40,58,39,90,34,98,72,6,52,9,3,1,69,33,1,Service_Ready
S02735,69,61,8.48,0,22,72,61,21,41,44,51,26,81,6,82,4,3,0,98,10,0,Not_Placed
S02736,60,85,9.41,0,32,55,67,94,25,24,84,69,93,1,43,6,1,1,40,23,0,Not_Placed
S02737,87,79,5.61,0,34,48,71,36,55,54,59,42,92,1,77,2,1,1,99,33,0,Not_Placed
S02738,82,86,6.74,0,53,40,20,74,99,68,40,74,46,3,35,4,1,0,51,3,0,Not_Placed
S02739,76,91,7.6,0,77,53,90,36,91,42,52,48,38,0,88,4,2,2,45,25,0,Not_Placed
S02740,75,87,7.0,1,76,54,47,31,77,63,26,35,54,3,26,5,1,2,81,11,1,Service_Ready
S02741,56,76,7.74,1,94,62,39,29,38,31,29,90,75,7,30,1,3,0,80,18,1,Service_Ready
S02742,79,96,9.2,2,39,92,62,85,20,74,70,24,31,5,79,6,3,5,28,34,0,Not_Placed
S02743,79,92,8.41,0,63,77,44,51,41,74,80,76,96,4,86,1,1,1,76,10,1,Service_Ready
S02744,87,80,8.29,1,83,88,36,59,20,32,37,87,33,7,24,0,1,4,87,31,0,Not_Placed
S02745,71,82,8.99,0,55,26,84,93,96,60,51,33,52,5,92,5,1,2,39,26,1,Service_Ready
S02746,66,76,5.9,0,67,73,55,80,74,33,21,21,80,2,25,8,2,0,47,26,1,Service_Ready
S02747,89,55,5.52,1,99,42,68,27,26,40,54,80,93,3,49,0,3,0,36,25,1,Service_Ready
S02748,93,67,6.74,0,38,49,32,68,70,28,48,27,95,6,88,1,3,1,86,6,0,Not_Placed
S02749,88,63,8.14,0,66,81,64,85,42,80,62,54,49,2,29,7,1,0,25,7,0,Not_Placed
S02750,97,70,7.19,2,46,61,74,45,35,47,49,96,64,2,38,6,1,1,42,22,0,Not_Placed
S02751,74,86,8.67,0,67,33,73,40,24,50,86,78,63,7,61,8,0,3,57,8,1,Service_Ready
S02752,59,60,9.03,0,21,46,35,83,85,68,35,92,71,3,92,4,3,4,48,4,0,Not_Placed
S02753,84,94,5.87,0,81,48,28,73,30,38,93,24,89,6,37,4,2,2,93,7,1,Service_Ready
S02754,78,87,7.65,1,42,98,65,56,33,67,97,90,55,1,79,5,0,0,82,34,0,Not_Placed
S02755,76,97,7.93,1,98,37,91,22,73,33,53,20,67,2,29,2,2,2,85,4,1,Service_Ready
S02756,69,95,8.32,0,49,57,24,25,24,31,23,43,44,1,74,0,0,4,56,13,0,Not_Placed
S02757,91,75,9.13,0,89,95,80,49,56,35,64,90,20,4,47,4,3,2,58,11,1,Product_Ready
S02758,68,69,9.0,0,67,44,52,94,86,84,59,44,76,7,65,3,3,2,41,34,1,Service_Ready
S02759,95,92,5.55,0,95,74,70,84,76,46,76,74,91,2,23,0,3,4,63,17,1,Product_Ready
S02760,84,77,9.94,0,35,60,28,21,62,85,99,96,68,2,40,2,3,0,96,20,0,Not_Placed
S02761,89,89,8.2,1,67,79,64,94,87,87,34,91,34,6,79,4,1,4,62,8,0,Not_Placed
S02762,70,76,9.89,0,21,91,26,57,67,92,21,61,61,0,39,5,2,4,93,24,0,Not_Placed
S02763,87,94,7.25,0,66,36,45,72,67,46,65,86,38,7,84,6,3,2,61,28,0,Not_Placed
S02764,57,88,7.44,0,65,99,75,82,97,49,82,95,45,7,42,0,1,3,65,17,1,Product_Ready
S02765,85,57,7.38,0,88,39,42,61,92,22,46,93,99,7,28,1,1,4,90,16,1,Service_Ready
S02766,75,92,8.34,0,88,61,20,39,62,20,59,26,54,3,53,1,0,4,90,2,1,Service_Ready
S02767,63,55,6.17,0,98,61,47,22,24,85,73,57,99,3,95,9,0,0,90,25,1,Service_Ready
S02768,70,72,6.62,0,21,60,75,67,41,37,98,60,86,7,42,1,1,3,45,20,0,Not_Placed
S02769,64,76,7.85,1,35,71,26,54,97,87,34,76,42,2,97,3,2,4,30,5,0,Not_Placed
S02770,86,94,6.46,0,86,57,21,59,75,91,54,68,86,7,63,0,3,5,37,25,1,Service_Ready
S02771,90,83,6.5,0,64,68,38,83,24,75,53,92,67,3,45,4,0,4,41,23,1,Service_Ready
S02772,75,84,7.76,0,58,85,96,48,33,23,91,24,63,2,43,1,3,5,24,14,1,Product_Ready
S02773,72,71,9.3,0,68,34,49,47,23,87,34,53,94,6,62,2,2,4,82,3,1,Service_Ready
S02774,69,94,6.09,0,74,69,41,48,91,31,57,21,31,6,31,8,2,2,92,25,0,Not_Placed
S02775,62,82,6.04,0,55,56,51,58,68,37,42,52,92,3,70,5,3,2,91,17,1,Service_Ready
S02776,56,73,8.85,0,21,51,20,37,83,51,28,74,86,7,43,8,2,3,35,30,0,Not_Placed
S02777,95,66,7.76,0,23,94,85,50,75,69,86,20,88,6,71,3,2,2,31,17,1,Product_Ready
S02778,62,65,5.62,0,73,27,52,23,49,73,25,24,97,2,33,1,0,0,58,19,1,Service_Ready
S02779,74,97,5.74,2,46,51,61,69,68,84,82,46,94,0,54,5,1,1,61,11,0,Not_Placed
S02780,94,55,5.8,0,31,76,96,45,59,62,91,32,75,0,43,9,3,1,80,17,0,Not_Placed
S02781,84,82,7.38,0,58,85,96,93,59,32,38,25,37,7,28,0,3,5,69,7,1,Product_Ready
S02782,65,96,7.21,1,86,21,85,45,95,56,55,35,97,1,40,6,0,2,75,30,1,Service_Ready
S02783,91,93,9.97,0,87,46,89,79,63,49,77,55,24,3,38,9,2,3,30,21,0,Not_Placed
S02784,63,74,9.74,0,24,93,28,96,51,91,73,64,46,5,47,1,2,0,50,8,0,Not_Placed
S02785,59,75,9.51,0,54,22,52,57,99,35,90,27,22,4,38,6,1,5,69,26,0,Not_Placed
S02786,60,59,8.54,1,77,41,76,94,51,36,77,60,41,7,61,7,1,2,22,14,0,Not_Placed
S02787,84,82,6.21,0,70,58,91,86,20,57,71,82,71,2,79,0,1,1,49,12,1,Service_Ready
S02788,81,92,7.58,1,51,73,44,43,59,46,65,88,88,5,58,0,0,2,50,2,0,Not_Placed
S02789,69,73,8.71,0,64,25,63,21,48,67,31,86,69,2,24,9,0,5,66,7,1,Service_Ready
S02790,70,85,9.16,0,88,82,86,66,53,31,46,88,87,6,47,6,3,4,21,10,1,Product_Ready
S02791,69,85,6.97,2,81,50,46,21,92,62,20,28,79,1,77,0,1,3,74,27,0,Not_Placed
S02792,64,55,6.92,0,94,88,54,30,87,57,58,40,55,5,91,3,2,5,40,33,1,Service_Ready
S02793,90,95,6.62,0,26,90,43,40,76,92,38,47,51,5,53,4,3,5,94,5,0,Not_Placed
S02794,94,94,6.83,0,67,25,24,98,64,35,36,78,75,4,98,2,3,2,80,28,1,Service_Ready
S02795,68,77,5.77,0,42,95,21,46,51,69,83,59,52,4,52,3,0,1,84,18,0,Not_Placed
S02796,96,82,8.45,2,62,56,65,44,86,70,93,57,57,0,73,0,3,5,80,20,0,Not_Placed
S02797,89,60,7.25,1,86,71,41,48,33,81,34,33,86,5,26,3,2,0,51,16,1,Service_Ready
S02798,67,57,7.29,0,20,86,39,81,75,72,84,75,97,4,98,1,3,5,41,17,0,Not_Placed
S02799,65,61,9.29,1,91,94,88,48,25,75,31,58,90,3,31,0,3,2,72,20,1,Product_Ready
S02800,75,73,8.03,0,92,64,38,56,30,75,44,88,64,5,33,1,1,1,79,7,1,Service_Ready
S02801,96,75,7.45,0,80,27,85,81,39,23,34,75,39,7,28,7,3,4,60,14,0,Not_Placed
S02802,59,68,8.44,0,95,70,35,70,61,30,87,71,92,1,91,3,3,4,25,7,1,Service_Ready
S02803,81,56,7.29,0,80,97,93,82,90,39,94,96,83,0,56,3,0,1,53,14,1,Service_Ready
S02804,79,87,7.46,0,93,66,69,55,52,22,50,79,48,3,64,3,1,3,61,22,0,Not_Placed
S02805,86,82,6.17,0,66,36,48,67,21,52,82,87,58,0,24,6,3,3,71,30,1,Service_Ready
S02806,91,62,9.44,2,55,51,24,39,87,41,50,60,24,1,94,1,0,5,43,22,0,Not_Placed
S02807,90,70,7.47,0,68,45,85,48,89,79,84,59,30,3,98,8,3,1,22,12,0,Not_Placed
S02808,82,82,5.62,2,21,94,35,30,22,74,61,48,88,3,50,8,3,5,79,4,0,Not_Placed
S02809,76,95,8.36,0,49,90,21,27,82,78,47,93,57,1,81,4,0,4,84,22,0,Not_Placed
S02810,59,89,8.95,0,48,45,79,55,48,50,82,32,90,2,59,8,1,1,27,11,0,Not_Placed
S02811,97,76,8.89,0,23,38,39,23,68,45,22,71,55,0,89,2,2,2,35,17,0,Not_Placed
S02812,90,88,6.99,0,25,80,28,30,84,78,89,26,80,0,53,3,0,4,34,10,0,Not_Placed
S02813,72,90,6.09,0,52,59,89,62,58,58,72,50,82,0,60,1,2,0,49,5,1,Service_Ready
S02814,80,61,9.41,2,89,20,27,52,87,69,25,79,82,3,22,5,1,4,70,28,1,Service_Ready
S02815,96,95,9.8,2,36,36,42,58,52,85,29,59,92,6,62,7,3,5,37,3,0,Not_Placed
S02816,69,96,7.49,0,33,26,54,53,86,82,21,64,82,1,73,2,0,4,90,26,0,Not_Placed
S02817,55,63,7.53,3,23,40,80,45,63,56,97,29,93,4,93,7,2,3,99,24,0,Not_Placed
S02818,66,73,6.8,0,41,66,82,48,68,44,42,95,68,5,42,4,0,4,58,18,0,Not_Placed
S02819,84,56,6.31,0,45,30,43,28,97,90,29,91,97,6,76,9,2,0,34,34,0,Not_Placed
S02820,65,73,8.73,0,37,37,41,71,63,50,28,69,80,2,71,6,0,4,94,14,0,Not_Placed
S02821,88,62,7.77,1,29,36,24,86,29,46,75,26,48,0,58,5,0,4,97,10,0,Not_Placed
S02822,65,65,7.64,0,74,22,91,72,47,72,73,72,84,4,59,8,1,2,48,32,1,Service_Ready
S02823,64,89,6.68,0,67,20,78,51,21,78,22,92,68,7,95,1,3,5,53,24,1,Service_Ready
S02824,73,86,9.68,0,68,64,95,79,94,75,23,37,48,6,58,6,1,2,47,28,0,Not_Placed
S02825,84,96,5.73,0,20,63,56,52,40,59,80,32,57,4,72,3,3,4,39,30,0,Not_Placed
S02826,65,62,5.89,0,49,33,75,92,93,71,85,86,48,7,46,3,2,2,29,27,0,Not_Placed
S02827,61,81,8.09,0,88,75,96,83,60,23,85,56,53,1,69,5,1,2,61,2,1,Service_Ready
S02828,88,75,7.8,0,38,40,53,48,98,59,99,37,68,4,84,3,3,3,89,8,0,Not_Placed
S02829,94,78,6.2,0,91,95,45,36,54,65,24,64,94,7,77,9,1,3,75,7,1,Service_Ready
S02830,74,74,8.15,0,71,29,44,64,97,20,44,95,92,0,61,8,0,5,67,29,1,Service_Ready
S02831,56,79,6.92,1,63,75,54,53,25,68,35,32,31,2,66,0,3,4,59,27,0,Not_Placed
S02832,61,65,9.02,0,57,80,66,46,37,39,61,60,91,1,59,6,1,3,81,24,1,Service_Ready
S02833,60,89,8.69,0,26,25,46,21,25,80,51,48,84,6,29,9,1,4,51,26,0,Not_Placed
S02834,69,63,5.97,0,63,95,54,70,77,24,57,25,70,5,67,1,1,4,71,5,1,Service_Ready
S02835,97,72,5.85,0,28,34,61,78,92,51,99,64,24,1,50,8,3,0,80,4,0,Not_Placed
S02836,75,82,6.42,0,78,69,96,53,87,73,33,51,89,2,27,2,3,2,55,18,1,Service_Ready
S02837,84,79,5.83,1,31,40,34,31,75,35,52,62,68,5,37,7,2,2,81,27,0,Not_Placed
S02838,69,90,6.88,0,33,85,46,73,79,59,64,87,87,6,96,5,3,0,80,2,0,Not_Placed
S02839,55,63,5.65,0,34,78,85,29,68,30,49,42,41,2,61,3,0,4,52,10,1,Product_Ready
S02840,55,72,8.48,0,56,97,52,25,89,74,63,69,73,6,35,8,1,4,42,22,1,Service_Ready
S02841,67,55,9.41,0,82,64,75,83,41,82,99,47,63,6,33,1,0,2,79,14,1,Service_Ready
S02842,56,90,5.59,0,70,38,55,45,54,82,23,22,24,2,48,6,2,2,36,21,0,Not_Placed
S02843,82,63,5.64,0,23,41,90,81,31,30,41,48,80,4,46,3,1,5,47,11,0,Not_Placed
S02844,57,66,9.73,1,53,84,44,82,89,64,87,45,45,1,97,1,0,4,33,3,0,Not_Placed
S02845,59,92,7.62,2,60,44,65,28,80,66,93,98,22,7,44,3,2,3,69,22,0,Not_Placed
S02846,88,81,9.12,0,32,70,87,35,31,44,68,35,21,0,96,2,1,4,67,4,0,Not_Placed
S02847,76,63,9.79,0,22,25,33,77,26,48,22,32,55,0,57,8,1,0,41,22,0,Not_Placed
S02848,73,87,9.56,2,63,20,81,98,41,78,56,42,52,0,41,7,2,5,73,13,1,Service_Ready
S02849,72,86,9.05,0,20,39,36,68,41,52,45,46,79,1,99,3,2,3,80,15,0,Not_Placed
S02850,80,81,9.89,0,58,34,37,71,80,56,99,72,31,0,44,8,0,1,26,13,0,Not_Placed
S02851,93,65,9.36,0,53,94,35,34,59,98,26,59,85,5,41,4,2,4,37,12,1,Service_Ready
S02852,62,74,9.98,0,44,77,38,21,77,85,26,70,52,2,32,9,0,2,57,21,0,Not_Placed
S02853,75,68,6.67,0,25,59,72,28,84,39,25,96,58,7,40,4,3,5,34,22,0,Not_Placed
S02854,75,82,8.56,2,29,85,95,58,41,61,25,71,56,3,25,8,0,4,88,14,0,Not_Placed
S02855,81,77,8.46,0,56,42,45,95,71,22,92,98,91,3,99,8,1,3,84,25,1,Service_Ready
S02856,83,58,7.08,0,86,21,95,63,98,51,22,36,31,7,82,7,0,1,72,25,0,Not_Placed
S02857,74,97,7.32,0,84,74,93,70,24,75,40,77,92,4,50,5,2,0,64,3,1,Product_Ready
S02858,75,88,8.09,0,68,22,57,90,34,57,44,80,69,1,69,9,1,1,90,26,1,Service_Ready
S02859,94,95,8.7,0,59,39,48,56,39,37,23,30,83,5,71,9,0,3,23,17,1,Service_Ready
S02860,92,77,9.16,2,40,61,88,33,89,24,43,48,21,5,53,5,3,4,25,4,0,Not_Placed
S02861,67,77,7.7,1,87,53,91,53,76,56,25,90,64,0,24,2,0,2,84,10,1,Service_Ready
S02862,58,96,6.66,1,36,98,26,24,71,72,22,81,51,1,99,0,0,3,24,5,0,Not_Placed
S02863,70,72,6.69,0,39,72,92,35,49,39,71,55,41,0,40,2,3,4,59,30,0,Not_Placed
S02864,72,83,7.87,1,34,77,72,64,86,61,43,57,70,7,96,0,2,0,89,34,1,Product_Ready
S02865,79,77,9.04,2,95,96,41,82,43,52,86,36,67,3,44,7,2,2,79,30,1,Service_Ready
S02866,66,90,6.12,1,72,80,50,67,98,66,52,86,83,1,36,4,1,5,82,16,1,Service_Ready
S02867,93,62,8.78,0,66,93,47,40,47,38,82,71,57,5,43,8,0,4,43,32,1,Service_Ready
S02868,83,94,9.96,0,32,40,27,92,20,33,95,55,41,4,55,2,1,0,86,21,0,Not_Placed
S02869,85,55,7.23,1,57,21,73,26,68,59,64,73,80,3,53,8,3,1,59,12,1,Service_Ready
S02870,91,93,9.44,0,89,99,82,53,91,36,80,97,37,4,55,4,0,5,52,24,1,Product_Ready
S02871,92,59,7.93,0,78,25,24,20,33,50,70,98,38,5,51,8,2,1,45,26,0,Not_Placed
S02872,94,62,5.92,0,86,60,45,87,85,38,44,66,90,7,22,6,2,0,47,23,1,Service_Ready
S02873,89,88,7.83,1,33,92,33,98,75,43,68,62,22,6,39,6,0,5,60,19,0,Not_Placed
S02874,57,57,8.5,3,34,92,77,59,57,25,65,25,39,2,33,0,2,3,48,32,0,Not_Placed
S02875,79,61,7.87,0,30,37,75,75,76,88,85,93,35,0,25,3,0,3,92,9,0,Not_Placed
S02876,85,95,7.88,0,75,82,47,94,50,74,71,93,85,5,23,5,0,3,47,11,1,Service_Ready
S02877,56,85,9.59,1,92,70,62,25,44,23,95,43,75,2,74,5,2,3,66,31,1,Service_Ready
S02878,66,95,9.36,0,64,41,34,36,78,44,62,83,70,4,64,2,0,3,98,29,1,Service_Ready
S02879,97,85,5.95,0,40,46,95,54,67,42,83,32,49,1,39,5,2,2,86,11,0,Not_Placed
S02880,64,75,8.94,0,58,80,64,47,37,33,74,78,38,7,60,3,1,4,55,22,0,Not_Placed
S02881,73,95,7.04,1,91,57,37,27,85,39,88,76,37,3,79,6,0,1,61,33,0,Not_Placed
S02882,55,93,8.92,0,58,27,86,95,68,55,26,34,44,7,76,5,0,1,35,2,0,Not_Placed
S02883,91,68,6.08,1,63,42,85,30,68,97,77,48,70,0,24,2,1,4,97,20,1,Service_Ready
S02884,78,94,5.93,0,83,91,36,57,62,59,64,59,90,7,49,2,1,3,23,6,1,Service_Ready
S02885,56,85,5.54,0,87,47,24,66,24,24,67,92,66,5,46,3,0,2,84,33,1,Service_Ready
S02886,70,77,6.63,0,27,32,92,56,62,75,69,39,67,3,38,4,1,0,47,31,0,Not_Placed
S02887,72,60,6.01,0,21,55,75,54,46,86,75,65,39,2,27,7,0,1,45,11,0,Not_Placed
S02888,84,87,7.93,0,48,65,56,72,24,85,34,65,76,7,56,4,0,4,33,6,0,Not_Placed
S02889,63,76,7.33,2,63,75,67,49,52,56,69,26,86,7,62,7,3,3,74,20,1,Service_Ready
S02890,85,84,6.51,0,96,95,28,28,83,64,80,89,57,2,65,5,2,0,83,32,1,Service_Ready
S02891,89,66,7.85,0,64,51,87,22,21,39,58,31,80,3,28,4,1,2,85,34,1,Service_Ready
S02892,61,75,8.21,0,42,89,33,68,64,96,46,94,86,0,21,1,2,2,79,23,0,Not_Placed
S02893,79,96,8.94,0,99,36,46,38,49,97,65,83,51,4,42,3,1,2,48,12,1,Service_Ready
S02894,92,69,6.53,0,20,33,22,49,50,20,65,33,55,5,74,3,2,3,62,16,0,Not_Placed
S02895,92,79,9.73,1,74,74,97,77,76,75,21,53,68,7,27,4,1,4,62,34,1,Product_Ready
S02896,74,70,7.81,0,75,56,79,70,48,28,59,87,62,3,95,6,2,3,27,11,1,Service_Ready
S02897,77,83,6.06,0,33,99,36,39,31,92,91,60,51,4,37,6,3,4,25,21,0,Not_Placed
S02898,63,63,9.76,1,52,41,69,46,67,85,32,21,65,6,30,9,2,0,82,22,1,Service_Ready
S02899,69,70,7.38,1,74,60,25,20,83,24,45,20,20,4,57,8,2,3,24,22,0,Not_Placed
S02900,76,74,7.62,1,80,54,94,71,52,44,33,72,80,7,32,6,0,4,94,16,1,Service_Ready
S02901,75,90,6.3,0,61,78,52,51,85,44,59,77,94,7,38,8,3,1,99,19,1,Service_Ready
S02902,76,89,8.63,0,76,28,49,37,64,97,85,30,91,2,34,7,0,5,52,3,1,Service_Ready
S02903,83,88,6.06,2,65,69,24,62,37,67,83,45,93,5,33,1,0,2,92,14,0,Not_Placed
S02904,75,56,9.74,0,39,37,57,44,57,34,48,83,51,7,62,0,0,5,44,25,0,Not_Placed
S02905,87,62,7.8,0,30,74,29,78,84,24,99,39,24,7,86,6,1,0,20,28,0,Not_Placed
S02906,88,85,8.39,0,65,87,76,41,48,64,64,86,40,3,40,0,0,0,58,27,1,Product_Ready
S02907,61,63,7.63,0,51,93,68,95,49,79,29,95,40,2,25,5,0,3,77,9,0,Not_Placed
S02908,91,60,9.02,0,48,28,40,51,91,74,62,29,68,6,32,5,0,4,51,14,0,Not_Placed
S02909,79,75,9.6,0,83,79,27,93,36,24,32,40,63,3,72,1,0,0,76,3,1,Service_Ready
S02910,84,55,5.67,1,82,24,85,37,28,41,47,79,31,4,61,5,1,1,86,6,0,Not_Placed
S02911,77,67,8.58,0,25,80,80,64,31,54,81,24,85,2,87,5,0,4,99,3,1,Product_Ready
S02912,95,81,6.53,1,32,99,28,67,51,55,34,28,35,1,25,7,0,5,61,3,0,Not_Placed
S02913,67,97,5.65,1,78,78,70,22,46,97,73,83,53,6,67,6,0,5,80,8,1,Product_Ready
S02914,57,63,6.09,0,27,45,34,24,32,98,31,82,27,1,53,7,1,1,31,23,0,Not_Placed
S02915,81,72,5.58,0,60,93,38,84,41,36,54,58,92,6,24,8,2,2,97,25,1,Service_Ready
S02916,74,87,9.68,0,77,84,83,86,53,77,86,26,54,4,44,7,0,2,93,13,1,Product_Ready
S02917,72,92,9.1,0,28,62,44,85,36,26,41,29,32,1,47,3,2,2,28,17,0,Not_Placed
S02918,71,59,8.48,0,83,44,71,57,96,38,44,67,92,4,54,2,2,5,96,31,1,Service_Ready
S02919,75,79,6.46,0,60,22,92,43,36,27,25,28,34,7,69,5,3,2,65,14,0,Not_Placed
S02920,84,79,8.55,0,45,95,56,42,84,64,93,54,67,3,20,2,3,0,42,21,0,Not_Placed
S02921,86,77,8.54,0,62,33,33,60,33,47,49,98,73,2,31,6,1,2,58,7,1,Service_Ready
S02922,57,95,5.89,0,63,58,89,56,77,51,47,23,29,2,55,4,0,1,51,24,0,Not_Placed
S02923,67,55,5.91,2,53,23,67,67,68,79,63,53,75,1,25,0,1,1,55,26,0,Not_Placed
S02924,95,76,9.77,0,90,67,22,64,39,92,55,79,97,1,85,4,2,5,28,21,1,Service_Ready
S02925,74,55,7.16,0,20,88,29,92,68,33,79,61,78,0,55,2,3,4,30,11,0,Not_Placed
S02926,62,95,5.75,0,97,83,92,65,57,44,21,43,86,0,90,8,0,5,35,15,1,Service_Ready
S02927,80,91,7.51,0,75,51,97,42,36,43,66,30,60,6,71,1,3,0,52,22,1,Service_Ready
S02928,78,74,8.13,0,79,65,52,50,53,41,49,24,60,4,80,4,2,4,28,15,1,Service_Ready
S02929,71,89,5.84,2,60,35,32,37,95,70,52,89,86,5,25,3,0,1,90,31,0,Not_Placed
S02930,56,86,5.84,0,27,27,56,91,97,44,73,40,78,6,25,9,2,3,66,21,0,Not_Placed
S02931,82,95,5.88,0,32,68,23,83,99,42,77,34,98,4,65,6,2,4,60,29,0,Not_Placed
S02932,84,61,9.48,1,66,98,79,24,67,93,41,42,64,6,71,6,1,5,59,16,1,Product_Ready
S02933,59,66,7.4,0,38,49,98,37,82,26,79,97,82,0,94,6,2,1,39,23,0,Not_Placed
S02934,89,82,9.85,1,81,20,87,44,58,30,78,56,95,4,28,8,0,1,53,33,1,Service_Ready
S02935,82,80,7.49,0,78,97,64,99,58,61,30,94,57,0,31,9,2,1,28,23,1,Service_Ready
S02936,92,63,5.97,0,49,45,91,73,51,41,27,85,33,4,32,6,3,4,43,15,0,Not_Placed
S02937,58,80,5.55,0,53,38,22,55,23,45,94,22,68,0,65,1,1,2,21,23,0,Not_Placed
S02938,83,87,9.82,0,63,57,40,54,86,41,39,87,27,2,45,2,1,0,45,10,0,Not_Placed
S02939,89,72,9.53,0,47,22,37,32,46,59,58,77,76,7,41,2,1,3,95,19,0,Not_Placed
S02940,66,92,8.4,0,42,23,95,56,25,47,27,39,35,4,98,3,1,4,85,21,0,Not_Placed
S02941,82,72,6.81,0,92,29,50,61,96,88,78,57,62,3,21,5,0,4,97,31,1,Service_Ready
S02942,79,94,8.37,0,69,37,27,90,74,67,93,77,35,0,48,7,3,3,74,28,0,Not_Placed
S02943,67,80,8.26,0,92,45,95,66,20,83,31,43,49,5,42,1,2,5,40,21,0,Not_Placed
S02944,75,94,9.06,2,90,90,52,70,91,98,39,38,90,7,75,0,2,4,37,9,1,Service_Ready
S02945,69,60,8.94,0,91,28,32,22,86,26,86,94,65,1,47,4,1,3,28,28,1,Service_Ready
S02946,66,62,8.99,0,68,30,21,48,74,72,45,70,97,6,25,3,3,1,53,7,1,Service_Ready
S02947,91,91,7.52,2,65,50,30,55,87,36,35,49,58,3,88,7,3,4,45,29,1,Service_Ready
S02948,73,75,5.94,0,38,88,21,44,49,36,37,99,95,7,25,7,1,2,89,18,0,Not_Placed
S02949,96,73,7.77,0,48,73,90,27,27,88,62,69,23,3,55,4,0,2,61,16,1,Product_Ready
S02950,68,62,8.26,1,82,74,51,55,94,76,63,53,70,4,29,9,3,3,60,4,1,Service_Ready
S02951,55,91,7.17,0,98,90,49,91,86,98,62,72,97,2,49,8,3,4,25,20,1,Service_Ready
S02952,91,55,6.42,0,36,83,46,94,87,37,69,84,39,0,81,8,3,0,84,2,0,Not_Placed
S02953,57,94,6.38,0,27,81,53,27,44,45,73,60,99,7,82,7,2,4,88,18,0,Not_Placed
S02954,75,60,8.02,0,57,82,31,41,22,38,62,86,24,4,24,5,3,4,51,6,0,Not_Placed
S02955,72,92,6.5,0,24,28,23,52,41,78,30,88,29,2,34,4,3,0,39,5,0,Not_Placed
S02956,88,88,5.55,1,98,55,54,60,78,93,36,49,73,3,91,6,2,4,78,5,1,Service_Ready
S02957,80,94,6.97,0,81,71,63,52,82,91,99,88,53,6,46,3,3,1,72,8,1,Service_Ready
S02958,91,90,6.69,0,89,45,44,52,86,92,56,57,46,4,42,2,2,2,74,13,0,Not_Placed
S02959,74,72,6.77,1,95,21,73,27,52,65,61,82,96,7,52,4,3,5,23,30,1,Service_Ready
S02960,75,80,8.93,0,53,63,20,51,51,70,43,63,95,3,56,3,1,5,36,25,1,Service_Ready
S02961,84,69,7.15,0,27,22,94,46,28,34,51,30,22,1,26,6,2,3,49,15,0,Not_Placed
S02962,90,85,8.82,1,79,70,95,68,34,92,47,44,99,1,55,3,0,2,84,6,1,Service_Ready
S02963,64,75,6.76,0,86,39,88,89,44,73,31,84,73,1,86,4,0,1,98,5,1,Service_Ready
S02964,73,71,9.34,0,43,87,38,43,73,40,91,38,94,4,69,6,0,3,95,17,0,Not_Placed
S02965,70,68,9.12,0,54,20,97,86,89,23,20,40,71,2,72,4,3,1,92,24,1,Service_Ready
S02966,56,57,7.46,2,25,66,77,24,96,96,28,22,80,6,83,7,2,4,60,12,0,Not_Placed
S02967,95,65,6.71,0,54,54,86,23,43,55,96,75,23,3,59,2,1,5,26,10,0,Not_Placed
S02968,76,58,5.53,0,86,54,52,26,74,66,81,86,83,0,62,1,2,2,81,28,1,Service_Ready
S02969,63,71,5.55,0,24,65,23,33,30,79,41,24,72,3,40,7,0,1,59,27,0,Not_Placed
S02970,90,84,7.44,1,57,37,28,75,57,40,90,31,55,1,30,2,2,3,82,8,1,Service_Ready
S02971,56,64,6.2,0,84,53,96,97,53,83,36,70,75,0,67,3,1,2,39,30,1,Service_Ready
S02972,58,88,8.28,0,81,36,31,87,60,33,23,96,93,5,28,3,0,3,91,18,1,Service_Ready
S02973,75,79,8.89,0,32,96,66,69,96,59,26,74,70,1,95,1,2,5,36,14,0,Not_Placed
S02974,55,55,8.52,1,65,32,53,81,92,70,60,74,47,5,80,6,1,1,95,3,0,Not_Placed
S02975,82,82,7.91,0,80,59,37,33,44,29,67,67,80,4,28,9,0,0,30,4,1,Service_Ready
S02976,56,96,6.61,1,98,89,21,73,34,67,73,65,76,6,79,3,0,0,40,24,1,Service_Ready
S02977,96,67,7.83,0,46,59,26,44,68,55,90,43,80,3,88,3,3,2,52,25,0,Not_Placed
S02978,64,92,6.28,0,50,28,51,60,24,70,73,47,62,3,31,4,3,0,27,24,1,Service_Ready
S02979,72,64,9.16,0,88,62,66,94,67,38,40,22,75,6,62,0,3,5,55,7,1,Service_Ready
S02980,64,94,6.26,0,39,72,57,54,53,69,66,55,35,6,68,0,2,3,92,13,0,Not_Placed
S02981,91,71,8.4,2,50,78,73,72,45,32,76,38,46,1,32,3,1,1,38,20,0,Not_Placed
S02982,57,57,9.52,0,46,29,35,42,66,31,47,96,37,1,21,0,2,0,73,15,0,Not_Placed
S02983,66,68,7.21,0,68,35,93,49,87,90,99,56,88,6,74,6,0,0,82,34,1,Service_Ready
S02984,93,64,6.01,1,50,79,58,98,20,75,77,40,73,6,62,0,1,1,33,4,0,Not_Placed
S02985,68,59,7.61,0,62,78,97,34,65,26,61,26,66,2,97,2,0,1,35,3,1,Product_Ready
S02986,55,90,5.61,0,88,48,20,76,28,99,34,93,35,5,67,3,1,4,98,4,0,Not_Placed
S02987,73,95,7.22,0,27,33,80,54,35,90,54,27,79,3,68,2,3,3,54,33,0,Not_Placed
S02988,66,75,8.61,1,21,25,76,35,42,60,49,86,74,7,23,3,3,1,47,4,0,Not_Placed
S02989,80,93,5.65,0,78,23,99,76,79,66,96,93,24,3,38,8,3,3,50,2,0,Not_Placed
S02990,63,66,8.71,0,72,76,35,96,69,23,32,79,47,4,31,7,3,0,53,4,0,Not_Placed
S02991,76,75,8.26,0,63,99,43,65,36,24,57,78,46,5,90,3,2,2,57,25,0,Not_Placed
S02992,78,83,5.77,0,40,64,20,29,77,47,80,49,47,4,50,8,3,0,93,32,0,Not_Placed
S02993,88,95,7.69,0,63,50,30,55,51,58,86,79,44,3,38,2,1,3,48,20,0,Not_Placed
S02994,72,78,9.33,0,60,32,87,96,87,43,52,92,74,0,22,2,1,1,85,33,1,Service_Ready
S02995,97,63,6.22,1,38,35,45,33,66,37,47,38,49,0,40,4,3,5,61,33,0,Not_Placed
S02996,84,76,5.71,0,20,73,54,35,24,50,56,44,81,0,86,5,1,3,83,3,0,Not_Placed
S02997,59,73,8.33,0,50,54,63,74,64,40,71,39,28,6,28,9,2,0,20,20,0,Not_Placed
S02998,57,93,6.87,0,69,46,48,97,88,71,25,43,59,0,28,9,0,2,42,22,1,Service_Ready
S02999,76,62,5.69,0,27,38,57,25,71,53,93,30,62,2,30,7,0,0,76,2,0,Not_Placed
S03000,83,93,7.58,0,64,48,51,86,31,77,39,69,27,6,43,7,1,5,98,22,0,Not_Placed
S03001,69,80,7.15,0,29,30,22,42,81,89,60,60,23,6,22,3,2,2,82,9,0,Not_Placed
S03002,60,59,8.07,0,38,93,74,92,91,27,76,91,26,5,41,0,3,4,44,16,1,Product_Ready
S03003,85,73,9.39,0,83,42,69,55,30,66,75,88,56,3,29,7,1,1,49,31,1,Service_Ready
S03004,76,92,7.1,0,90,55,97,30,26,53,82,21,81,6,62,1,3,5,71,17,1,Service_Ready
S03005,68,95,9.01,0,49,60,28,51,75,72,26,95,42,0,71,4,3,5,42,6,0,Not_Placed
S03006,72,91,6.86,0,20,79,25,90,77,50,27,97,34,6,26,0,0,0,26,21,0,Not_Placed
S03007,61,68,5.86,2,84,74,47,67,22,79,22,94,87,5,58,5,3,0,30,33,1,Service_Ready
S03008,89,81,7.36,0,37,22,47,85,53,41,49,67,84,4,80,2,2,0,71,30,0,Not_Placed
S03009,97,87,7.49,3,69,60,52,36,74,65,78,90,76,3,60,6,1,2,28,5,0,Not_Placed
S03010,92,83,6.07,2,56,69,91,61,94,73,54,50,65,3,36,0,0,1,72,23,0,Not_Placed
S03011,95,57,8.36,0,65,27,58,44,98,66,53,87,76,5,44,8,2,5,58,13,1,Service_Ready
S03012,68,61,7.75,1,38,66,38,53,62,32,55,44,75,4,53,8,1,2,30,20,0,Not_Placed
S03013,88,56,5.7,0,94,79,23,33,27,96,30,99,69,3,95,5,3,5,81,2,1,Service_Ready
S03014,80,71,8.01,0,44,95,68,77,20,32,72,40,20,4,50,6,2,2,48,19,0,Not_Placed
S03015,79,88,7.9,0,23,40,89,40,39,60,72,81,50,3,44,4,3,0,98,21,0,Not_Placed
S03016,83,90,5.71,0,91,97,52,48,41,86,22,25,59,6,95,4,0,2,23,25,1,Service_Ready
S03017,59,85,7.71,0,75,91,47,74,57,42,26,57,96,4,76,4,0,5,29,28,1,Service_Ready
S03018,80,96,7.28,0,78,47,22,76,84,86,49,38,27,5,38,3,3,4,88,28,0,Not_Placed
S03019,93,96,5.66,0,50,41,60,43,59,51,70,52,47,0,98,5,2,5,37,22,0,Not_Placed
S03020,73,56,8.16,0,36,35,46,68,22,61,82,48,21,2,33,3,3,3,37,26,0,Not_Placed
S03021,91,60,9.17,0,77,47,91,94,72,35,45,84,76,6,46,0,0,1,25,8,1,Service_Ready
S03022,67,64,8.44,0,37,30,29,47,72,73,44,25,30,7,52,4,1,2,65,25,0,Not_Placed
S03023,67,97,8.62,0,42,69,65,96,63,32,90,67,36,0,33,8,1,1,49,34,0,Not_Placed
S03024,79,85,9.29,1,73,66,68,75,27,41,81,73,54,6,34,1,0,4,36,29,1,Service_Ready
S03025,57,73,8.93,0,56,40,70,73,30,84,49,62,55,1,76,9,3,2,45,19,1,Service_Ready
S03026,87,90,7.13,2,41,43,31,94,79,40,99,55,26,4,72,7,2,4,32,15,0,Not_Placed
S03027,97,85,9.15,0,60,78,32,73,66,46,96,59,51,5,77,3,0,1,25,19,1,Service_Ready
S03028,71,93,5.52,0,95,72,20,48,88,68,78,32,64,5,42,7,2,2,32,21,1,Service_Ready
S03029,55,56,6.5,1,88,26,43,67,62,98,55,93,20,6,63,9,2,2,49,2,0,Not_Placed
S03030,69,74,8.34,0,55,56,65,46,38,35,73,53,98,2,55,4,1,5,81,32,1,Service_Ready
S03031,79,58,5.5,0,38,75,28,44,73,66,60,70,69,4,26,6,2,2,25,33,0,Not_Placed
S03032,68,60,6.98,1,50,71,35,75,86,81,71,24,72,7,36,8,0,0,58,11,1,Service_Ready
S03033,86,79,8.66,0,57,98,27,20,93,78,54,35,33,4,99,4,1,0,30,8,0,Not_Placed
S03034,62,71,5.91,1,52,43,90,57,98,69,83,21,58,1,33,0,1,2,29,30,0,Not_Placed
S03035,60,94,6.29,0,62,90,57,27,53,36,36,72,34,7,76,3,0,0,97,28,0,Not_Placed
S03036,89,82,7.67,0,97,80,99,68,24,30,59,89,58,5,39,5,3,0,32,13,1,Product_Ready
S03037,63,57,9.24,0,43,89,25,61,62,33,95,44,37,7,82,9,0,5,53,3,0,Not_Placed
S03038,90,77,9.93,0,65,32,33,36,35,51,98,31,22,2,72,4,2,2,71,17,0,Not_Placed
S03039,89,94,9.4,0,34,38,45,98,64,29,45,27,99,4,51,4,3,4,74,13,0,Not_Placed
S03040,93,64,7.37,0,50,22,88,78,52,55,93,22,94,2,78,5,3,0,45,30,1,Service_Ready
S03041,64,81,8.64,1,37,72,36,68,45,24,92,63,43,0,26,3,3,3,91,20,0,Not_Placed
S03042,89,97,9.41,2,44,58,58,78,85,35,72,97,48,6,85,9,1,1,32,3,0,Not_Placed
S03043,96,68,7.72,0,57,53,48,83,42,42,35,63,79,6,84,2,0,0,20,13,1,Service_Ready
S03044,79,77,9.17,0,85,52,21,23,42,60,57,75,95,3,83,7,0,0,47,16,1,Service_Ready
S03045,64,88,9.49,0,37,26,46,28,39,69,80,86,93,0,40,8,0,5,47,19,0,Not_Placed
S03046,60,60,7.39,0,44,57,20,99,95,92,32,90,20,6,86,7,2,3,47,31,0,Not_Placed
S03047,90,96,8.64,2,94,23,30,72,73,64,36,83,77,4,70,3,2,3,28,4,1,Service_Ready
S03048,81,72,6.96,0,48,66,24,89,83,78,54,24,69,3,34,2,2,0,43,22,0,Not_Placed
S03049,56,73,6.53,0,64,56,42,64,60,84,80,25,84,1,59,5,0,0,32,11,1,Service_Ready
S03050,92,80,5.7,1,42,64,98,57,30,27,97,32,53,0,94,9,1,3,55,5,0,Not_Placed
S03051,75,84,6.94,0,73,81,38,21,41,76,22,42,23,3,97,5,1,0,56,8,0,Not_Placed
S03052,67,55,7.01,0,79,25,87,91,67,98,64,31,89,4,40,6,2,5,55,24,1,Service_Ready
S03053,91,77,9.97,0,39,34,61,23,48,74,94,68,90,2,73,9,0,5,56,14,0,Not_Placed
S03054,61,78,7.23,0,97,63,84,25,50,62,31,84,71,7,89,6,0,5,95,11,1,Service_Ready
S03055,93,64,8.19,1,74,35,21,83,30,23,22,34,87,2,28,8,0,1,74,34,1,Service_Ready
S03056,76,96,5.88,0,97,97,41,28,98,76,50,37,31,7,64,0,0,1,26,3,0,Not_Placed
S03057,76,58,5.58,0,86,28,76,35,70,71,28,25,63,6,25,4,0,5,46,27,1,Service_Ready
S03058,82,86,6.39,0,49,72,50,31,28,86,56,47,45,2,40,4,1,0,71,27,0,Not_Placed
S03059,55,58,8.43,2,43,46,46,84,58,96,55,95,88,4,29,7,0,4,33,11,0,Not_Placed
S03060,83,82,8.22,1,85,55,65,64,28,55,24,98,92,0,69,0,2,1,57,9,1,Service_Ready
S03061,58,97,7.09,0,68,60,27,49,33,64,65,86,35,1,87,3,1,3,21,12,0,Not_Placed
S03062,69,65,9.89,0,79,69,20,56,42,68,93,83,36,6,34,2,2,0,83,22,0,Not_Placed
S03063,91,83,8.66,0,89,54,36,63,62,95,63,57,60,0,68,1,0,1,22,30,1,Service_Ready
S03064,68,88,9.2,1,29,28,69,54,65,66,37,44,54,7,70,6,0,0,74,17,0,Not_Placed
S03065,95,78,5.59,0,92,56,51,76,41,64,31,24,45,3,39,7,1,5,99,3,0,Not_Placed
S03066,55,59,6.64,0,31,23,56,94,28,45,46,81,69,0,91,1,1,4,45,30,0,Not_Placed
S03067,59,68,5.54,0,42,36,83,48,71,43,54,66,70,1,40,7,0,4,54,20,0,Not_Placed
S03068,70,79,9.43,0,71,54,42,68,35,77,69,97,83,3,59,2,0,4,73,34,1,Service_Ready
S03069,75,71,6.77,0,53,63,88,84,72,89,52,97,55,1,70,8,3,3,29,13,1,Service_Ready
S03070,92,77,8.82,0,74,74,96,57,38,41,30,22,38,2,26,6,0,2,53,12,1,Product_Ready
S03071,92,59,5.84,0,75,24,46,46,51,34,73,39,53,6,53,2,1,2,40,34,1,Service_Ready
S03072,93,94,5.67,0,90,69,77,93,93,57,43,93,78,4,45,2,0,0,30,17,1,Service_Ready
S03073,55,95,9.89,0,51,58,84,92,94,30,89,53,69,3,33,7,0,3,69,32,1,Service_Ready
S03074,75,86,9.87,0,44,98,71,75,41,66,89,70,85,5,94,0,3,5,60,14,1,Product_Ready
S03075,95,90,6.3,0,57,36,36,64,65,27,34,52,68,1,81,6,1,4,82,12,1,Service_Ready
S03076,89,88,6.38,0,85,52,92,54,57,97,76,52,63,4,99,3,2,2,33,34,1,Service_Ready
S03077,83,62,5.65,0,97,97,69,34,61,39,87,26,85,0,42,3,3,1,30,2,1,Service_Ready
S03078,67,93,9.42,0,75,37,78,86,22,49,83,89,21,3,48,8,3,5,59,14,0,Not_Placed
S03079,60,63,7.29,0,61,97,80,81,87,40,50,62,40,2,48,6,1,4,99,10,1,Product_Ready
S03080,75,56,8.25,1,88,65,25,67,27,51,96,86,92,3,47,7,3,0,94,20,1,Service_Ready
S03081,96,76,6.26,1,61,24,64,83,51,31,85,71,90,7,54,0,3,5,41,26,0,Not_Placed
S03082,67,77,9.21,0,78,49,63,68,35,93,72,21,86,1,83,7,0,3,40,34,1,Service_Ready
S03083,88,58,6.68,0,95,21,69,95,45,56,74,37,43,5,36,9,0,3,31,28,0,Not_Placed
S03084,58,89,7.67,0,91,95,55,53,55,74,23,30,78,2,93,0,0,4,41,19,1,Service_Ready
S03085,60,79,9.2,2,74,59,71,63,81,93,48,38,47,1,38,6,2,5,81,15,0,Not_Placed
S03086,60,63,8.19,2,87,77,43,99,81,86,22,70,86,7,76,3,0,5,52,28,1,Service_Ready
S03087,84,89,6.07,0,34,95,81,40,31,68,20,94,74,0,66,8,2,2,46,30,0,Not_Placed
S03088,81,82,8.17,0,98,35,75,54,47,65,86,35,98,2,93,4,0,3,41,19,1,Service_Ready
S03089,76,96,5.87,0,72,54,99,40,84,76,66,53,67,6,49,7,0,1,35,31,1,Service_Ready
S03090,57,56,6.26,0,22,36,43,21,89,59,45,76,68,0,75,5,3,4,35,7,0,Not_Placed
S03091,88,57,8.25,3,51,29,83,96,39,47,46,96,44,3,48,3,1,4,64,31,0,Not_Placed
S03092,92,86,5.99,0,95,24,50,99,72,20,88,87,84,6,71,5,0,4,50,8,1,Service_Ready
S03093,67,58,8.06,1,99,71,99,67,85,73,99,73,64,7,54,7,2,5,56,12,1,Product_Ready
S03094,88,92,5.94,0,69,97,43,55,98,54,48,55,87,6,30,6,0,0,74,11,1,Service_Ready
S03095,58,79,8.31,0,27,83,25,33,89,95,90,76,49,7,27,3,3,5,49,5,0,Not_Placed
S03096,90,57,8.19,0,64,94,54,32,74,62,92,87,62,7,50,2,3,0,36,17,1,Service_Ready
S03097,93,56,9.23,0,95,38,41,27,87,90,37,25,23,4,60,2,3,4,21,4,0,Not_Placed
S03098,75,93,9.31,1,37,32,33,60,59,90,67,29,73,2,43,0,1,2,93,22,0,Not_Placed
S03099,82,82,6.49,0,25,77,25,79,38,80,36,68,22,5,53,3,2,2,53,30,0,Not_Placed
S03100,69,65,9.58,0,54,29,57,48,65,89,92,64,96,1,72,3,1,3,90,20,1,Service_Ready
S03101,89,65,6.92,2,68,88,44,33,58,31,68,37,20,2,23,9,3,4,98,27,0,Not_Placed
S03102,69,62,8.27,0,86,89,27,82,36,35,64,87,29,7,38,6,1,4,79,5,0,Not_Placed
S03103,86,72,5.88,0,99,43,47,42,82,75,92,85,57,3,45,6,3,0,40,26,1,Service_Ready
S03104,92,65,7.41,0,38,81,43,74,44,91,84,87,31,0,40,2,1,5,71,4,0,Not_Placed
S03105,87,63,7.22,3,59,37,54,58,30,64,94,22,96,3,79,9,1,5,53,29,0,Not_Placed
S03106,56,56,5.91,0,94,64,34,23,42,91,99,35,72,1,53,1,0,3,81,9,1,Service_Ready
S03107,74,77,8.38,0,37,55,58,60,20,90,61,43,84,1,33,2,1,0,26,3,0,Not_Placed
S03108,61,82,9.63,0,92,55,41,98,97,46,29,41,42,3,61,8,3,4,70,26,0,Not_Placed
S03109,55,78,8.12,0,90,43,34,94,63,68,68,87,93,4,93,9,2,2,29,9,1,Service_Ready
S03110,65,74,8.84,0,79,40,72,25,50,31,32,68,50,0,46,3,0,0,70,9,1,Service_Ready
S03111,81,94,6.8,0,58,89,27,54,82,50,61,85,60,0,93,9,1,0,56,12,1,Service_Ready
S03112,74,80,7.66,0,23,96,96,74,31,85,56,42,74,2,86,7,2,3,37,13,1,Product_Ready
S03113,89,81,8.5,0,86,88,83,71,36,52,91,71,54,3,64,3,1,1,49,7,1,Product_Ready
S03114,56,69,7.15,1,35,62,83,46,84,32,59,51,86,5,77,9,0,5,94,28,0,Not_Placed
S03115,55,87,8.02,2,73,85,23,73,23,36,99,92,93,7,90,8,2,2,68,24,1,Service_Ready
S03116,81,79,9.05,0,39,72,93,45,79,21,22,75,85,0,87,1,2,2,90,30,0,Not_Placed
S03117,95,87,9.53,2,83,25,82,62,44,27,56,78,47,4,90,6,3,5,34,34,0,Not_Placed
S03118,59,83,6.87,0,87,31,42,69,94,95,92,46,78,0,52,5,2,0,59,7,1,Service_Ready
S03119,58,57,7.57,0,72,66,27,95,27,38,93,51,40,7,42,8,2,1,54,3,0,Not_Placed
S03120,82,61,5.5,0,71,36,28,71,22,41,73,55,58,2,37,0,2,5,86,14,1,Service_Ready
S03121,71,72,6.75,0,35,44,84,46,33,69,48,47,40,7,65,2,3,3,41,5,0,Not_Placed
S03122,70,75,8.51,0,30,79,56,63,41,85,62,94,40,0,36,3,1,4,50,5,0,Not_Placed
S03123,60,75,9.75,0,57,43,37,51,90,91,49,49,24,3,70,9,0,0,50,20,0,Not_Placed
S03124,56,74,9.34,2,55,39,64,65,37,89,93,37,83,1,98,2,3,2,30,33,1,Service_Ready
S03125,96,71,8.3,0,59,90,39,95,47,47,78,81,99,7,93,5,1,3,43,15,1,Service_Ready
S03126,71,62,6.54,0,22,66,80,90,49,24,91,26,58,1,62,2,3,2,95,29,0,Not_Placed
S03127,80,92,9.42,0,28,60,69,29,93,73,29,26,51,2,73,5,2,0,53,6,0,Not_Placed
S03128,73,68,8.51,1,85,29,40,20,65,94,93,39,40,4,33,9,0,0,88,7,0,Not_Placed
S03129,78,70,8.41,0,99,71,32,27,51,36,24,91,69,5,31,8,3,4,87,11,1,Service_Ready
S03130,82,59,9.07,0,42,40,21,42,99,30,92,21,32,4,91,9,2,0,40,2,0,Not_Placed
S03131,70,97,8.52,0,30,85,68,39,40,55,57,75,30,1,64,9,1,2,25,31,0,Not_Placed
S03132,93,86,6.24,1,60,32,25,52,23,97,69,67,46,5,77,0,2,3,48,33,0,Not_Placed
S03133,82,81,6.91,0,60,74,51,88,41,76,41,85,60,2,53,1,1,5,78,9,1,Service_Ready
S03134,87,87,6.59,0,29,69,41,58,84,49,24,45,82,5,50,6,0,3,36,19,0,Not_Placed
S03135,56,78,6.43,0,52,94,27,45,95,54,76,98,40,4,24,0,1,1,44,31,0,Not_Placed
S03136,91,74,7.57,0,59,61,89,94,44,61,29,62,87,7,47,7,2,0,80,6,1,Service_Ready
S03137,87,65,8.39,0,24,53,28,57,62,29,31,37,31,6,30,1,2,4,93,14,0,Not_Placed
S03138,79,67,9.95,0,47,39,60,23,88,43,36,24,76,1,91,8,0,4,29,15,0,Not_Placed
S03139,81,81,7.78,0,24,31,27,78,84,79,99,74,62,0,29,1,3,2,26,22,0,Not_Placed
S03140,65,91,7.9,0,56,63,84,25,57,62,76,94,99,5,84,6,3,3,54,25,1,Service_Ready
S03141,92,57,5.9,0,85,79,34,65,74,23,43,59,46,6,71,4,1,0,95,10,0,Not_Placed
S03142,73,72,7.57,0,49,39,34,83,44,68,86,45,64,3,25,0,1,4,23,15,0,Not_Placed
S03143,82,61,9.42,1,49,98,76,75,58,61,37,94,41,5,23,2,0,5,71,4,1,Product_Ready
S03144,85,89,9.28,0,29,37,75,55,70,80,38,30,24,4,64,3,0,3,33,29,0,Not_Placed
S03145,63,92,9.07,0,38,21,25,49,80,21,70,32,68,4,27,8,2,4,91,10,0,Not_Placed
S03146,70,70,8.7,0,32,54,62,49,79,86,48,44,85,6,24,4,0,0,45,8,0,Not_Placed
S03147,84,88,8.68,0,76,44,89,24,72,58,76,30,88,5,44,1,3,3,56,3,1,Service_Ready
S03148,81,86,5.99,0,86,65,55,84,75,95,54,42,97,2,63,0,2,1,31,14,1,Service_Ready
S03149,81,74,9.13,0,25,27,40,40,64,89,63,78,49,1,94,0,1,0,99,20,0,Not_Placed
S03150,64,68,5.72,0,98,26,22,56,45,44,59,62,63,3,90,1,1,2,76,10,1,Service_Ready
S03151,76,66,8.7,0,71,89,68,42,40,93,27,73,33,6,70,1,1,5,71,26,0,Not_Placed
S03152,91,79,8.76,0,67,58,46,35,51,48,71,93,94,6,63,6,3,1,90,15,1,Service_Ready
S03153,63,82,8.66,0,80,37,63,92,37,76,34,92,77,1,33,4,2,4,53,8,1,Service_Ready
S03154,69,93,8.9,0,47,44,85,70,92,53,65,66,51,4,31,2,2,5,29,11,0,Not_Placed
S03155,89,95,8.59,0,90,93,62,57,46,51,90,67,45,5,77,7,3,5,65,30,0,Not_Placed
S03156,86,70,6.67,0,25,31,28,78,86,43,34,82,69,7,40,0,2,0,30,4,0,Not_Placed
S03157,76,64,8.67,0,68,20,84,82,83,45,36,30,86,4,29,1,3,2,45,11,1,Service_Ready
S03158,90,84,6.26,2,84,31,99,67,91,44,32,60,29,5,59,0,2,4,35,9,0,Not_Placed
S03159,87,89,7.62,0,36,46,40,40,36,46,95,67,63,3,47,8,0,4,42,12,0,Not_Placed
S03160,55,70,9.05,1,99,99,54,51,44,62,47,85,86,6,52,5,2,3,83,27,1,Service_Ready
S03161,66,65,8.49,1,78,53,40,91,71,67,97,38,23,5,51,9,3,3,77,11,0,Not_Placed
S03162,95,89,8.56,1,72,95,61,55,44,71,59,89,99,5,28,2,0,5,88,22,1,Service_Ready
S03163,60,55,7.31,2,22,59,23,89,95,31,81,90,67,6,76,7,2,4,71,12,0,Not_Placed
S03164,93,77,7.79,2,55,33,56,51,72,47,84,66,90,7,51,7,1,3,20,29,0,Not_Placed
S03165,73,61,7.08,0,83,37,82,87,69,87,35,33,81,5,26,7,1,1,89,28,1,Service_Ready
S03166,65,85,8.93,0,20,99,63,69,79,22,91,99,73,1,48,6,0,1,78,12,0,Not_Placed
S03167,86,78,5.73,0,75,90,99,62,72,20,80,53,80,5,80,7,3,5,72,21,1,Product_Ready
S03168,83,85,8.2,0,39,41,76,76,45,36,46,86,75,7,44,1,1,3,64,18,0,Not_Placed
S03169,68,73,5.8,0,35,62,65,68,34,68,40,94,25,6,99,6,3,1,70,25,0,Not_Placed
S03170,90,55,6.29,0,57,44,56,75,26,30,93,97,54,5,55,5,3,4,61,8,1,Service_Ready
S03171,69,75,6.91,0,30,29,64,75,38,61,60,39,46,3,97,1,3,1,57,3,0,Not_Placed
S03172,86,72,9.64,0,30,49,83,67,59,87,40,24,55,1,26,7,2,3,44,26,0,Not_Placed
S03173,71,91,5.68,0,63,26,70,44,47,61,46,56,74,6,57,3,3,3,53,30,1,Service_Ready
S03174,62,67,9.51,0,97,96,69,40,67,77,50,26,76,3,43,7,3,4,80,14,1,Service_Ready
S03175,60,82,8.61,0,97,64,88,87,97,37,94,21,22,4,67,0,1,5,78,18,0,Not_Placed
S03176,73,56,7.5,0,89,69,80,38,41,22,24,86,79,6,47,0,1,4,64,18,1,Service_Ready
S03177,96,82,5.6,0,27,60,44,78,96,53,58,90,65,5,52,4,3,5,46,28,0,Not_Placed
S03178,75,89,9.93,0,29,47,56,60,80,70,27,77,80,0,38,3,2,3,53,33,0,Not_Placed
S03179,96,87,8.92,0,58,50,43,23,97,28,89,43,84,6,36,3,0,1,64,21,1,Service_Ready
S03180,80,65,9.68,0,96,77,63,96,33,95,71,53,82,1,46,5,3,5,75,2,1,Service_Ready
S03181,80,94,7.1,2,31,45,55,35,97,53,43,91,58,7,96,2,2,1,75,2,0,Not_Placed
S03182,73,55,7.72,0,47,64,43,63,21,42,97,81,34,7,23,3,3,5,50,8,0,Not_Placed
S03183,55,59,7.88,0,90,35,28,50,80,64,26,76,83,1,25,1,0,1,95,21,1,Service_Ready
S03184,95,89,9.9,0,96,41,91,90,24,71,20,64,59,7,30,3,3,2,40,21,1,Service_Ready
S03185,76,83,9.94,0,24,75,86,51,60,48,85,30,78,6,23,5,1,0,86,3,1,Product_Ready
S03186,90,68,6.52,1,81,38,63,50,81,34,48,86,66,3,26,3,0,0,90,23,1,Service_Ready
S03187,91,84,5.89,0,57,95,32,34,99,92,67,34,59,5,42,8,3,2,68,33,1,Service_Ready
S03188,70,86,9.58,0,54,64,27,66,55,29,20,87,94,6,98,6,2,2,51,21,1,Service_Ready
S03189,68,89,5.81,0,75,66,43,60,23,95,70,20,33,6,29,0,3,1,67,19,0,Not_Placed
S03190,79,66,8.01,0,28,43,39,88,46,59,90,73,34,4,70,4,3,4,88,8,0,Not_Placed
S03191,56,84,5.65,0,52,28,30,95,29,73,94,39,24,6,43,5,2,1,63,15,0,Not_Placed
S03192,73,96,9.54,0,69,44,70,33,91,48,44,78,76,7,31,1,3,1,67,20,1,Service_Ready
S03193,89,81,6.61,1,38,62,54,34,35,88,90,60,73,0,49,2,3,5,79,16,0,Not_Placed
S03194,89,78,6.2,0,58,27,67,99,88,60,54,83,72,5,56,3,1,4,61,2,1,Service_Ready
S03195,71,62,7.19,0,58,80,79,88,78,29,82,89,26,2,61,4,3,4,46,3,1,Product_Ready
S03196,79,56,8.97,1,26,68,87,60,93,70,43,55,99,0,29,4,2,4,24,23,0,Not_Placed
S03197,90,64,7.78,0,25,33,78,76,56,77,51,39,98,0,80,8,0,3,67,16,0,Not_Placed
S03198,65,91,7.48,0,96,93,66,31,69,59,83,38,46,3,99,6,2,4,74,13,0,Not_Placed
S03199,81,87,6.3,0,85,86,51,43,32,41,38,72,58,4,35,9,2,3,97,27,1,Service_Ready
S03200,76,95,9.48,1,50,87,59,46,28,95,35,91,32,5,79,8,0,4,51,23,0,Not_Placed
S03201,79,95,6.6,0,55,22,78,53,25,50,51,61,76,0,65,7,3,1,49,27,1,Service_Ready
S03202,56,96,8.36,0,68,65,45,84,21,97,98,83,83,3,79,8,0,4,25,13,1,Service_Ready
S03203,81,61,6.35,0,54,85,45,39,81,20,72,96,49,3,29,5,0,4,27,12,0,Not_Placed
S03204,80,73,6.91,0,75,28,26,37,28,25,89,64,41,0,98,8,1,0,51,4,0,Not_Placed
S03205,70,56,7.72,0,33,97,68,68,46,58,92,55,29,4,23,4,0,1,98,29,0,Not_Placed
S03206,79,80,7.55,0,20,75,75,95,80,64,32,33,29,0,36,0,2,1,94,17,0,Not_Placed
S03207,83,72,6.93,1,74,22,97,35,28,87,64,21,41,0,88,0,0,1,74,5,0,Not_Placed
S03208,60,80,5.93,1,20,76,67,91,40,50,77,66,42,2,99,6,3,0,50,30,0,Not_Placed
S03209,58,89,7.5,1,34,97,90,61,37,97,57,83,48,5,29,0,3,4,65,8,1,Product_Ready
S03210,93,84,7.17,1,93,51,72,67,20,49,28,52,45,1,93,9,3,4,66,34,0,Not_Placed
S03211,81,97,9.31,0,47,29,86,35,20,23,88,23,39,6,54,3,0,0,43,21,0,Not_Placed
S03212,82,92,8.78,0,44,88,36,77,92,39,21,28,82,2,87,5,3,2,40,26,0,Not_Placed
S03213,84,72,9.74,0,80,49,65,79,37,81,64,80,78,2,41,1,3,2,84,16,1,Service_Ready
S03214,82,96,9.86,1,99,88,82,62,98,21,96,42,31,5,52,8,2,2,84,5,1,Product_Ready
S03215,85,82,7.61,0,70,78,96,36,87,57,83,22,73,3,63,1,2,5,94,25,1,Product_Ready
S03216,75,89,6.31,0,75,95,88,99,83,48,97,78,44,7,46,2,1,3,66,13,1,Product_Ready
S03217,63,89,9.4,0,27,46,88,52,29,35,30,38,83,3,96,9,3,2,98,23,0,Not_Placed
S03218,67,74,6.63,0,41,62,69,38,91,37,29,69,68,0,34,7,2,3,46,7,0,Not_Placed
S03219,78,76,9.92,2,89,97,61,79,67,75,24,98,73,5,38,4,0,0,99,11,1,Service_Ready
S03220,75,75,7.2,1,90,59,27,57,71,21,41,23,71,6,26,0,2,1,81,31,1,Service_Ready
S03221,56,67,6.28,0,65,22,22,60,48,59,38,39,40,3,66,1,2,0,21,25,0,Not_Placed
S03222,87,73,6.96,0,86,33,39,54,44,23,76,21,85,0,40,4,0,0,71,12,1,Service_Ready
S03223,68,71,9.55,0,50,81,53,55,63,82,96,37,64,3,58,9,3,5,94,33,1,Service_Ready
S03224,78,85,6.57,0,58,91,50,55,58,40,42,73,55,6,21,5,1,5,57,2,1,Service_Ready
S03225,92,80,9.73,3,20,40,76,38,48,69,53,73,51,7,23,1,0,4,31,16,0,Not_Placed
S03226,69,89,7.39,2,72,33,37,57,57,74,30,86,72,5,63,8,1,5,66,32,1,Service_Ready
S03227,79,95,8.96,0,33,48,66,33,70,33,27,96,84,4,87,8,2,3,86,8,0,Not_Placed
S03228,86,59,9.94,0,48,43,20,46,40,36,51,63,41,1,81,7,1,4,47,5,0,Not_Placed
S03229,90,55,6.29,0,25,74,71,96,43,81,75,43,95,3,53,2,2,4,23,15,1,Product_Ready
S03230,55,87,9.27,0,82,69,93,55,97,90,69,60,89,2,46,2,1,4,88,22,1,Service_Ready
S03231,95,74,8.13,0,89,62,73,37,74,48,80,70,95,3,80,6,3,3,81,22,1,Service_Ready
S03232,58,96,7.28,1,91,69,45,59,74,50,90,24,32,1,69,3,3,0,55,34,0,Not_Placed
S03233,61,94,6.3,1,87,41,78,27,85,56,75,80,84,6,61,0,0,3,28,9,0,Not_Placed
S03234,76,96,7.0,0,73,47,85,50,32,78,50,52,72,6,55,4,0,2,53,4,1,Service_Ready
S03235,60,74,6.7,0,90,81,57,55,53,25,85,37,46,6,70,2,3,1,43,26,0,Not_Placed
S03236,66,84,6.23,0,98,73,97,44,24,21,99,82,73,5,36,0,1,5,55,9,1,Product_Ready
S03237,83,63,6.76,1,59,21,39,52,33,73,74,56,25,0,69,3,3,5,91,20,0,Not_Placed
S03238,69,76,7.42,0,63,31,76,45,44,34,93,96,99,4,84,0,2,2,73,24,1,Service_Ready
S03239,68,93,5.91,2,83,30,71,73,88,26,31,21,40,1,88,5,3,0,55,22,0,Not_Placed
S03240,73,57,7.32,1,92,53,48,93,76,92,59,69,94,2,41,1,2,0,71,23,1,Service_Ready
S03241,70,71,6.83,0,72,50,23,26,22,44,53,52,57,5,23,9,0,4,80,2,1,Service_Ready
S03242,71,61,8.44,0,93,40,86,47,85,46,51,31,84,5,59,8,1,5,35,5,1,Service_Ready
S03243,94,97,9.71,0,89,22,72,78,55,85,56,98,63,7,70,5,0,4,40,29,1,Service_Ready
S03244,75,78,6.08,1,41,53,56,60,98,62,41,34,40,3,23,1,2,5,54,13,0,Not_Placed
S03245,61,95,8.39,0,47,77,75,37,84,76,69,64,81,1,84,6,1,3,34,22,0,Not_Placed
S03246,75,76,5.6,0,23,51,31,73,49,28,38,99,49,0,64,6,3,4,86,3,0,Not_Placed
S03247,97,74,8.65,0,72,78,87,82,55,59,25,33,98,4,52,2,3,2,73,10,1,Product_Ready
S03248,73,86,9.17,0,80,32,61,37,91,84,67,55,64,1,28,0,1,2,52,2,1,Service_Ready
S03249,74,56,7.99,0,20,54,20,62,88,94,74,35,86,1,82,7,3,5,75,18,0,Not_Placed
S03250,81,57,6.89,1,49,97,49,63,67,28,67,75,87,5,84,8,3,5,86,22,0,Not_Placed
S03251,68,84,8.56,2,41,32,62,94,93,68,56,54,38,3,76,2,0,2,79,11,0,Not_Placed
S03252,69,86,9.76,2,63,49,64,79,72,44,95,23,93,6,38,1,3,5,52,19,1,Service_Ready
S03253,94,86,8.16,0,52,53,70,82,97,66,85,32,71,4,71,9,1,4,22,31,1,Service_Ready
S03254,58,85,8.34,0,21,87,63,57,79,46,34,58,57,5,82,9,1,5,37,30,0,Not_Placed
S03255,61,92,8.44,1,61,93,41,52,65,73,61,70,87,4,75,9,0,5,31,25,1,Service_Ready
S03256,89,73,8.88,0,55,60,26,74,94,98,32,39,77,6,72,4,3,2,37,5,1,Service_Ready
S03257,62,84,9.0,0,53,26,69,72,92,30,95,27,51,6,74,0,1,2,52,27,1,Service_Ready
S03258,76,57,6.24,0,82,36,60,95,58,52,51,40,72,7,97,1,0,3,60,9,1,Service_Ready
S03259,61,90,8.1,0,60,60,24,25,81,35,99,38,56,7,78,0,0,0,26,26,1,Service_Ready
S03260,75,67,8.36,0,52,45,36,40,21,98,63,85,90,3,65,1,2,2,22,34,1,Service_Ready
S03261,79,91,7.38,0,37,46,50,58,86,41,71,29,27,1,72,1,3,5,83,33,0,Not_Placed
S03262,56,71,8.95,0,21,46,45,44,31,36,84,59,24,3,47,8,3,5,71,15,0,Not_Placed
S03263,60,72,9.53,0,54,36,29,70,71,83,52,36,68,3,26,0,1,0,81,12,1,Service_Ready
S03264,64,85,8.09,0,22,74,67,84,90,79,33,33,28,4,64,1,3,3,56,16,0,Not_Placed
S03265,88,75,8.16,0,45,41,32,44,90,34,95,64,40,0,59,5,0,5,91,25,0,Not_Placed
S03266,57,66,8.89,1,37,64,42,45,85,21,41,57,61,3,82,0,2,1,78,3,0,Not_Placed
S03267,89,69,6.72,3,69,34,37,96,57,27,99,39,79,1,54,8,0,1,37,8,0,Not_Placed
S03268,89,66,8.33,0,60,73,20,44,99,34,94,22,64,7,64,2,1,3,98,19,1,Service_Ready
S03269,93,89,8.85,0,31,75,31,72,27,77,43,80,20,0,97,3,1,4,28,2,0,Not_Placed
S03270,63,78,8.45,2,67,58,37,71,21,55,67,54,89,0,91,9,1,5,45,32,1,Service_Ready
S03271,62,89,9.2,1,71,31,46,38,76,73,34,56,80,1,63,5,3,3,40,30,1,Service_Ready
S03272,97,69,8.69,1,83,33,56,73,78,78,74,62,71,6,96,2,3,1,55,34,1,Service_Ready
S03273,94,70,6.26,0,97,63,39,63,62,26,61,81,21,5,96,3,1,0,66,14,0,Not_Placed
S03274,71,58,7.37,1,33,24,73,72,56,76,22,96,30,1,61,6,1,0,32,23,0,Not_Placed
S03275,72,64,6.87,2,66,29,20,76,90,30,72,23,80,4,29,6,0,4,95,31,0,Not_Placed
S03276,87,91,7.0,0,42,89,26,38,34,51,98,78,89,5,25,1,0,3,89,15,0,Not_Placed
S03277,73,61,7.25,0,91,47,74,93,72,63,47,65,68,2,86,6,2,0,98,23,1,Service_Ready
S03278,74,81,9.3,0,88,85,60,69,64,39,90,55,91,2,89,7,3,4,39,11,1,Service_Ready
S03279,57,88,9.77,0,57,46,84,92,22,78,49,35,48,5,97,9,3,3,43,8,0,Not_Placed
S03280,91,94,9.04,1,74,53,84,47,60,48,51,88,53,2,80,3,2,1,96,13,1,Service_Ready
S03281,76,63,7.84,3,93,78,78,87,71,87,96,99,70,1,87,9,0,0,94,6,1,Service_Ready
S03282,92,86,6.57,0,72,75,38,84,88,72,38,85,67,1,92,1,3,0,70,24,1,Service_Ready
S03283,87,92,6.82,2,72,97,96,62,67,39,54,52,95,1,53,9,1,4,24,29,1,Service_Ready
S03284,77,86,8.49,0,89,59,25,33,86,30,58,60,43,2,93,9,0,1,49,11,0,Not_Placed
S03285,66,74,7.63,0,38,73,89,42,52,85,98,30,37,0,51,3,1,3,76,34,0,Not_Placed
S03286,93,68,9.41,0,24,69,80,88,57,65,34,56,46,7,20,7,0,4,50,9,0,Not_Placed
S03287,85,91,8.86,0,77,45,67,30,42,53,52,21,80,3,31,9,1,2,61,20,1,Service_Ready
S03288,56,61,7.84,0,30,52,73,39,24,87,33,22,77,2,23,2,3,2,61,30,0,Not_Placed
S03289,70,89,9.45,0,88,50,62,92,96,40,84,96,53,4,55,9,1,0,53,26,1,Service_Ready
S03290,55,66,8.71,1,73,41,80,85,64,91,88,83,29,2,30,5,1,3,24,13,0,Not_Placed
S03291,83,80,9.13,0,54,27,35,62,88,35,75,60,96,7,73,9,3,4,28,3,1,Service_Ready
S03292,61,84,6.48,0,84,49,66,50,79,94,99,28,95,5,80,0,1,4,84,14,1,Service_Ready
S03293,91,89,9.65,0,36,44,69,90,50,51,67,36,80,0,76,5,0,0,52,20,0,Not_Placed
S03294,69,89,9.41,0,73,55,72,79,93,63,52,63,74,1,63,2,0,2,70,24,1,Service_Ready
S03295,61,75,8.54,3,66,66,29,45,69,66,63,20,82,0,36,6,2,3,60,16,0,Not_Placed
S03296,55,86,5.54,0,90,65,84,47,60,42,51,77,58,1,52,9,0,1,69,29,1,Service_Ready
S03297,67,73,7.07,0,62,48,63,71,47,53,99,73,21,1,36,3,1,4,47,29,0,Not_Placed
S03298,70,87,8.37,0,56,71,83,81,24,30,22,70,79,1,76,0,2,2,59,17,1,Service_Ready
S03299,66,55,9.56,0,23,66,58,68,76,58,87,36,34,6,47,5,3,0,44,18,0,Not_Placed
S03300,69,72,8.22,1,81,31,49,35,21,95,22,27,56,4,74,7,0,4,78,26,1,Service_Ready
S03301,68,90,9.5,0,85,23,48,68,42,22,73,40,99,3,39,2,0,4,90,17,1,Service_Ready
S03302,71,56,9.29,0,99,91,75,65,91,37,63,62,99,1,98,5,3,3,82,25,1,Service_Ready
S03303,55,83,5.54,1,40,97,47,37,71,85,81,38,21,5,74,8,2,1,35,22,0,Not_Placed
S03304,81,76,6.31,2,62,89,56,75,58,39,84,54,62,1,40,9,0,4,22,14,0,Not_Placed
S03305,63,70,6.82,2,47,47,94,30,48,75,95,91,76,4,93,6,2,2,71,14,0,Not_Placed
S03306,81,94,6.2,0,89,82,71,79,55,81,62,58,24,1,94,1,3,2,71,6,0,Not_Placed
S03307,61,57,9.71,1,51,24,62,31,50,41,78,71,66,1,68,7,1,2,89,13,1,Service_Ready
S03308,97,81,8.44,0,23,34,21,68,75,27,35,83,43,2,74,5,0,4,97,15,0,Not_Placed
S03309,97,85,7.78,0,28,53,95,99,84,35,89,25,54,0,22,4,2,5,49,23,0,Not_Placed
S03310,68,79,9.86,0,78,28,67,56,87,39,69,43,90,5,68,7,2,0,92,7,1,Service_Ready
S03311,94,71,7.25,0,70,21,49,51,69,90,35,98,74,0,97,3,2,0,43,22,1,Service_Ready
S03312,78,91,7.87,0,37,77,67,30,22,61,37,35,60,4,84,7,2,2,28,28,0,Not_Placed
S03313,80,81,6.6,1,78,95,66,34,97,91,21,98,80,7,62,7,0,3,76,5,1,Service_Ready
S03314,66,64,8.27,1,48,32,76,65,39,78,55,20,22,3,74,2,0,1,50,32,0,Not_Placed
S03315,62,79,6.03,0,30,84,36,47,93,28,53,39,22,0,79,0,1,1,49,34,0,Not_Placed
S03316,76,71,6.75,0,86,28,66,59,55,38,21,64,52,3,83,9,2,1,82,29,1,Service_Ready
S03317,70,76,6.79,0,65,39,55,35,89,91,64,67,23,7,86,4,1,2,69,26,0,Not_Placed
S03318,57,55,7.71,0,44,54,84,98,58,37,44,20,81,0,60,5,1,5,85,21,0,Not_Placed
S03319,77,66,8.03,0,81,24,63,48,52,32,69,21,94,3,37,6,0,1,65,18,1,Service_Ready
S03320,87,89,5.7,0,41,72,65,63,94,53,47,54,87,0,41,8,0,0,98,8,0,Not_Placed
S03321,86,62,7.11,0,84,79,77,63,67,56,44,44,76,4,96,2,3,3,82,21,1,Product_Ready
S03322,82,85,8.83,0,80,99,57,24,67,54,67,33,73,1,62,9,3,1,74,23,1,Service_Ready
S03323,75,88,5.83,0,49,89,44,88,48,86,76,66,36,0,69,3,1,4,32,5,0,Not_Placed
S03324,71,94,7.12,0,99,78,27,49,22,36,70,43,99,2,83,3,1,2,90,21,1,Service_Ready
S03325,67,83,7.52,0,82,52,43,99,51,23,81,97,41,6,45,0,3,5,86,18,0,Not_Placed
S03326,68,84,6.58,1,65,70,53,95,47,38,67,91,53,1,35,6,2,2,73,18,1,Service_Ready
S03327,82,62,6.54,1,20,33,26,83,91,27,73,43,74,0,91,4,3,0,85,16,0,Not_Placed
S03328,96,63,9.67,0,38,70,21,29,88,25,81,85,27,3,78,1,2,3,27,32,0,Not_Placed
S03329,71,94,5.98,0,97,62,82,31,75,68,71,30,46,5,28,1,1,3,65,29,0,Not_Placed
S03330,74,96,7.13,1,47,83,43,35,41,66,36,20,50,0,31,3,2,4,34,26,0,Not_Placed
S03331,89,57,5.65,0,99,98,88,96,93,99,21,44,80,4,47,0,1,5,42,19,1,Product_Ready
S03332,68,86,6.42,2,77,23,81,79,94,78,94,48,38,0,23,3,2,3,66,8,0,Not_Placed
S03333,75,87,8.13,0,77,82,34,56,75,92,99,50,34,1,32,7,0,0,51,22,0,Not_Placed
S03334,56,90,9.33,0,60,57,52,27,55,52,48,76,91,4,74,3,2,2,45,3,1,Service_Ready
S03335,80,72,8.14,0,64,34,26,46,59,36,51,35,82,3,97,5,3,1,71,17,1,Service_Ready
S03336,70,80,6.95,0,90,28,63,83,21,55,22,73,40,3,86,8,3,2,56,22,0,Not_Placed
S03337,91,94,8.6,0,82,45,65,72,79,51,81,66,80,5,23,1,2,0,87,12,1,Service_Ready
S03338,90,90,8.4,0,49,76,81,52,84,20,22,28,51,4,64,8,0,4,45,26,1,Product_Ready
S03339,62,94,6.82,2,93,83,54,41,58,74,26,81,58,3,75,1,2,1,40,16,0,Not_Placed
S03340,88,89,8.17,0,26,72,63,77,61,37,25,23,88,5,60,0,0,4,32,3,0,Not_Placed
S03341,69,70,6.06,0,65,22,36,36,39,23,94,34,76,4,46,7,3,3,98,7,1,Service_Ready
S03342,72,76,6.97,1,30,37,54,74,47,55,43,52,56,4,35,8,1,4,90,27,0,Not_Placed
S03343,63,89,8.8,0,58,38,63,65,64,51,24,95,25,1,26,2,2,1,92,21,0,Not_Placed
S03344,74,58,5.63,0,54,63,26,41,42,84,39,51,55,1,52,4,1,0,61,32,1,Service_Ready
S03345,61,69,6.38,1,91,43,91,88,42,74,34,70,69,6,44,6,3,5,91,30,1,Service_Ready
S03346,96,67,5.5,0,38,56,84,58,45,61,81,72,86,1,88,0,1,1,79,15,0,Not_Placed
S03347,94,84,9.51,0,77,59,28,96,50,97,34,53,81,1,76,4,2,5,56,21,1,Service_Ready
S03348,61,72,5.64,0,36,61,90,47,40,56,42,67,78,7,93,3,0,5,20,12,0,Not_Placed
S03349,87,85,6.63,1,88,61,45,68,90,37,28,85,79,3,56,1,2,5,28,17,1,Service_Ready
S03350,56,55,7.55,0,39,21,20,93,73,38,37,43,71,5,39,8,2,3,35,14,0,Not_Placed
S03351,60,79,7.05,0,62,33,53,21,39,35,86,49,70,2,22,2,0,5,59,30,1,Service_Ready
S03352,77,94,6.93,0,88,85,42,94,98,42,26,62,81,1,70,5,3,1,77,29,1,Service_Ready
S03353,95,63,9.35,0,80,88,82,45,45,92,42,71,92,1,89,3,0,5,75,30,1,Service_Ready
S03354,57,78,7.79,0,78,57,61,69,33,64,52,39,53,2,86,5,0,2,58,22,1,Service_Ready
S03355,55,87,8.73,0,81,22,97,27,67,60,55,76,97,2,47,4,3,2,48,2,1,Service_Ready
S03356,74,80,9.27,0,41,66,87,86,85,88,34,63,70,0,44,0,0,3,77,18,0,Not_Placed
S03357,92,59,6.43,3,94,95,53,54,79,58,65,35,50,5,66,5,0,3,75,19,0,Not_Placed
S03358,73,61,9.79,0,94,48,86,53,53,21,46,66,76,1,36,1,1,4,29,10,1,Service_Ready
S03359,79,74,8.41,1,30,35,41,81,43,55,37,39,27,6,96,3,0,5,66,25,0,Not_Placed
S03360,91,78,7.01,2,61,56,52,20,46,36,65,98,97,4,53,2,3,3,45,25,0,Not_Placed
S03361,88,62,9.21,1,77,57,68,62,78,40,32,22,51,4,33,7,2,3,78,3,1,Service_Ready
S03362,59,56,9.12,0,79,73,59,62,41,23,95,40,42,1,60,3,1,0,73,19,0,Not_Placed
S03363,81,61,8.12,1,76,52,45,43,50,46,68,92,85,5,50,8,3,4,25,24,1,Service_Ready
S03364,59,71,6.97,2,26,37,64,43,74,51,26,39,38,5,81,8,3,0,35,32,0,Not_Placed
S03365,78,84,7.31,0,29,55,43,27,20,93,93,52,50,5,96,2,3,5,26,7,0,Not_Placed
S03366,95,70,6.7,0,77,22,62,93,27,92,32,75,38,6,62,7,2,0,33,20,0,Not_Placed
S03367,87,77,8.37,1,90,65,35,77,33,62,44,34,93,5,63,8,3,0,30,3,1,Service_Ready
S03368,76,77,9.65,0,82,60,95,67,46,50,44,68,89,7,75,6,1,2,40,18,1,Service_Ready
S03369,95,80,7.59,0,44,53,45,25,29,97,22,78,99,4,67,6,2,4,75,19,0,Not_Placed
S03370,66,75,6.54,0,94,65,56,26,36,60,83,76,64,0,27,6,1,5,85,8,1,Service_Ready
S03371,56,70,6.11,0,64,29,28,51,21,40,22,42,56,7,55,6,2,4,54,23,1,Service_Ready
S03372,90,69,6.44,0,77,50,60,93,97,45,49,31,50,4,21,3,1,3,53,4,1,Service_Ready
S03373,89,87,7.0,0,46,57,40,57,32,40,61,67,65,3,97,8,1,3,41,18,0,Not_Placed
S03374,87,87,9.21,0,82,70,49,60,52,69,82,58,47,1,93,3,3,1,62,15,0,Not_Placed
S03375,67,55,9.64,0,36,82,73,42,90,69,78,55,25,1,51,4,3,4,21,24,0,Not_Placed
S03376,94,58,7.41,0,39,33,33,68,22,98,40,80,21,4,29,5,2,2,72,13,0,Not_Placed
S03377,70,62,9.12,0,66,40,27,38,49,45,39,97,92,6,64,4,1,5,61,29,1,Service_Ready
S03378,85,80,9.66,1,94,31,64,85,87,51,60,74,88,4,82,3,2,0,31,29,1,Service_Ready
S03379,61,94,7.91,0,69,69,67,73,25,69,22,60,47,7,58,7,1,2,20,34,0,Not_Placed
S03380,87,65,7.08,1,47,81,66,36,93,91,28,27,78,4,97,0,2,3,57,13,0,Not_Placed
S03381,57,94,7.75,0,58,35,50,68,63,98,65,20,63,3,65,8,2,4,52,31,1,Service_Ready
S03382,57,78,7.01,1,69,93,34,40,40,79,84,40,74,4,98,9,2,0,65,7,1,Service_Ready
S03383,58,75,7.1,1,63,55,53,71,25,57,52,94,74,6,63,3,3,2,78,14,1,Service_Ready
S03384,67,62,6.04,2,54,30,40,91,45,69,68,93,32,6,74,6,3,2,61,13,0,Not_Placed
S03385,67,66,7.99,0,81,50,96,91,56,43,87,83,35,1,87,7,1,0,64,28,0,Not_Placed
S03386,90,58,9.95,0,79,97,89,70,33,62,22,44,53,5,75,7,0,5,79,9,1,Product_Ready
S03387,71,67,7.87,0,52,61,73,58,83,57,57,92,71,7,66,0,3,1,74,3,1,Service_Ready
S03388,64,77,8.68,3,61,32,71,49,31,95,40,31,81,7,58,8,3,2,23,32,0,Not_Placed
S03389,78,96,9.72,0,39,27,52,87,57,55,67,27,92,6,79,7,0,0,58,16,0,Not_Placed
S03390,67,77,10.0,0,47,51,26,97,33,92,73,89,70,6,49,6,2,5,31,22,0,Not_Placed
S03391,57,57,8.43,0,35,23,39,64,32,21,50,47,92,2,30,2,0,3,77,18,0,Not_Placed
S03392,80,58,5.68,0,91,62,61,70,57,62,67,61,76,5,36,2,0,3,27,7,1,Service_Ready
S03393,63,65,7.15,2,91,83,71,54,79,58,25,40,55,1,20,0,0,0,25,9,0,Not_Placed
S03394,79,73,6.61,0,75,28,81,50,84,80,29,72,83,7,69,5,0,4,33,24,1,Service_Ready
S03395,93,82,8.4,1,21,62,31,54,93,88,82,60,83,1,89,0,2,3,26,18,0,Not_Placed
S03396,65,81,6.9,1,42,45,53,51,25,84,78,69,87,0,27,7,1,3,97,34,0,Not_Placed
S03397,57,69,7.3,0,54,71,70,36,96,71,67,77,95,6,45,7,3,0,30,23,1,Product_Ready
S03398,62,96,7.78,2,24,68,32,61,29,45,45,42,63,3,58,3,3,2,77,26,0,Not_Placed
S03399,66,90,6.54,1,21,79,52,65,78,76,81,82,92,6,58,4,1,0,22,33,0,Not_Placed
S03400,87,64,5.57,0,60,92,80,34,71,27,75,49,93,5,53,7,1,4,70,30,1,Product_Ready
S03401,83,61,6.95,0,87,97,89,36,68,43,96,31,76,4,81,1,1,2,24,10,1,Product_Ready
S03402,70,67,9.3,0,35,63,66,52,45,59,90,64,62,7,42,1,1,3,55,16,0,Not_Placed
S03403,72,79,7.38,3,46,39,37,83,28,93,44,20,78,3,37,0,1,0,30,27,0,Not_Placed
S03404,80,60,9.49,0,57,68,36,76,33,27,75,42,63,1,22,4,0,4,20,22,1,Service_Ready
S03405,73,92,6.41,0,32,33,95,76,32,33,46,89,79,1,89,7,3,5,32,8,0,Not_Placed
S03406,75,92,9.36,1,62,31,74,78,39,88,64,74,78,2,79,9,3,5,88,23,1,Service_Ready
S03407,55,74,9.53,1,67,43,91,58,74,74,89,82,96,3,38,9,1,0,66,15,1,Service_Ready
S03408,57,59,8.28,1,34,64,64,22,30,28,23,98,69,7,25,4,0,0,95,6,0,Not_Placed
S03409,82,93,8.25,0,88,73,99,92,56,52,68,20,66,4,28,1,1,4,63,15,1,Product_Ready
S03410,93,93,7.51,0,37,56,39,55,99,23,97,36,76,2,68,4,3,1,48,13,0,Not_Placed
S03411,63,80,8.26,0,25,37,91,30,88,40,28,21,23,1,31,2,0,2,58,9,0,Not_Placed
S03412,60,86,7.93,1,60,91,46,72,30,41,24,53,81,6,66,4,2,1,62,33,1,Service_Ready
S03413,59,79,7.28,1,35,68,34,39,41,29,91,74,47,0,50,6,2,1,76,32,0,Not_Placed
S03414,65,97,6.56,0,61,93,69,56,90,91,36,96,96,7,21,4,1,1,82,12,1,Service_Ready
S03415,74,63,8.28,1,88,39,91,89,37,91,79,74,71,0,85,9,0,3,89,17,1,Service_Ready
S03416,89,90,8.06,0,43,57,28,96,78,70,70,38,81,6,29,5,2,1,67,18,0,Not_Placed
S03417,77,81,7.06,0,34,75,95,97,34,24,63,22,66,5,31,5,3,0,66,16,1,Product_Ready
S03418,65,84,9.29,0,51,20,35,30,74,55,49,87,75,3,36,0,2,5,32,13,1,Service_Ready
S03419,86,77,9.3,0,31,23,45,83,49,53,52,50,75,5,50,7,0,2,84,10,0,Not_Placed
S03420,62,97,6.61,0,75,65,29,93,30,27,87,37,22,3,34,7,3,5,74,7,0,Not_Placed
S03421,90,74,10.0,0,85,35,33,81,37,27,24,60,78,0,61,1,1,2,67,29,1,Service_Ready
S03422,91,64,7.44,3,81,39,42,69,24,79,92,62,55,7,22,5,3,4,64,30,0,Not_Placed
S03423,87,80,7.42,1,63,60,55,49,68,36,49,92,23,3,54,3,0,5,26,9,0,Not_Placed
S03424,63,60,8.51,0,83,46,26,43,27,86,30,85,20,6,43,7,0,5,43,8,0,Not_Placed
S03425,64,84,6.78,0,98,21,27,36,67,83,80,32,40,3,95,1,2,3,42,22,0,Not_Placed
S03426,85,70,6.35,0,84,45,49,57,39,44,71,29,60,0,80,1,0,3,80,17,1,Service_Ready
S03427,81,55,5.98,1,79,72,55,99,43,54,52,36,88,2,66,1,3,0,78,23,1,Service_Ready
S03428,93,81,7.12,0,34,55,76,95,60,64,62,31,87,1,86,4,1,1,23,2,0,Not_Placed
S03429,59,56,6.5,1,27,77,82,80,34,92,61,69,70,0,41,1,1,5,93,6,0,Not_Placed
S03430,59,56,7.03,0,46,66,40,50,98,57,58,55,84,2,88,1,0,4,39,14,0,Not_Placed
S03431,63,59,9.65,0,47,62,89,60,63,48,87,98,44,3,33,1,0,1,38,30,0,Not_Placed
S03432,76,68,9.68,1,47,78,73,27,29,40,54,23,72,4,44,3,2,5,68,26,1,Product_Ready
S03433,60,81,9.89,1,38,62,34,88,55,61,64,49,58,5,77,7,0,1,73,23,0,Not_Placed
S03434,91,97,7.71,0,43,88,52,36,81,31,49,32,25,2,30,4,1,2,35,21,0,Not_Placed
S03435,96,73,7.34,1,58,24,50,98,47,57,71,34,38,2,93,1,3,2,39,12,0,Not_Placed
S03436,63,59,5.5,0,21,71,39,40,70,49,67,20,54,1,28,0,3,4,99,13,0,Not_Placed
S03437,90,91,8.41,1,69,73,47,23,31,86,56,23,34,3,56,8,1,2,86,19,0,Not_Placed
S03438,68,79,8.97,0,89,45,67,73,60,20,40,97,91,6,44,0,1,1,39,17,1,Service_Ready
S03439,61,83,6.69,1,37,97,37,83,44,94,45,88,35,6,91,9,3,5,46,27,0,Not_Placed
S03440,63,61,8.17,0,21,37,55,61,30,78,71,93,68,7,89,9,1,3,70,26,0,Not_Placed
S03441,90,81,8.92,0,51,63,23,67,35,79,66,94,34,7,75,0,0,3,62,15,0,Not_Placed
S03442,88,58,9.08,0,96,36,71,29,36,27,21,75,84,6,88,2,1,2,99,10,1,Service_Ready
S03443,90,63,7.55,1,60,86,47,48,84,47,51,71,30,1,50,3,3,0,88,4,0,Not_Placed
S03444,88,85,6.7,1,82,99,32,52,26,49,30,89,40,7,24,9,0,2,66,13,0,Not_Placed
S03445,91,76,8.96,2,29,61,99,95,74,69,51,87,37,6,84,8,2,2,38,31,0,Not_Placed
S03446,79,90,9.42,0,52,89,26,20,99,78,53,71,30,7,72,3,1,1,77,3,0,Not_Placed
S03447,88,88,5.66,0,73,86,49,99,78,77,43,34,41,7,94,9,2,2,74,6,0,Not_Placed
S03448,95,92,9.07,1,65,23,34,31,20,96,49,93,25,0,69,1,1,2,96,13,0,Not_Placed
S03449,73,72,6.21,0,71,96,77,41,64,81,61,86,28,7,34,9,1,4,41,16,1,Product_Ready
S03450,89,73,8.92,1,32,83,75,91,61,85,82,61,53,4,45,6,3,5,28,22,1,Product_Ready
S03451,96,90,9.21,0,42,35,88,32,29,78,21,99,71,0,89,5,2,0,47,6,0,Not_Placed
S03452,66,84,6.85,0,44,54,28,58,75,57,34,65,56,1,79,1,2,5,52,21,0,Not_Placed
S03453,73,63,8.71,0,80,56,98,90,97,39,49,37,82,4,76,5,0,0,37,19,1,Service_Ready
S03454,68,58,7.09,2,43,51,29,28,58,22,88,26,31,6,82,0,1,2,83,2,0,Not_Placed
S03455,76,82,8.79,1,63,83,56,22,33,26,36,89,98,6,24,3,0,1,58,14,1,Service_Ready
S03456,85,67,5.8,0,23,65,94,61,58,89,75,66,57,1,21,8,1,5,49,25,0,Not_Placed
S03457,58,61,9.15,0,63,96,48,55,67,38,82,21,33,7,54,5,0,3,36,19,0,Not_Placed
S03458,86,77,7.74,1,23,77,50,41,46,35,25,99,26,5,22,0,0,3,55,30,0,Not_Placed
S03459,93,58,6.39,1,98,23,42,23,87,37,20,51,40,5,45,8,0,4,60,33,0,Not_Placed
S03460,58,67,8.25,0,84,68,68,33,56,49,33,94,46,5,22,5,2,2,95,11,0,Not_Placed
S03461,79,77,5.67,0,39,64,63,37,67,94,20,51,83,6,90,3,1,4,55,4,0,Not_Placed
S03462,91,92,9.14,0,42,31,47,77,80,74,53,37,54,7,56,8,1,2,99,27,0,Not_Placed
S03463,93,58,5.53,2,36,64,21,21,74,23,31,73,79,4,80,3,1,0,68,19,0,Not_Placed
S03464,66,64,7.65,0,75,71,90,39,48,94,69,34,50,4,75,2,1,3,41,29,1,Product_Ready
S03465,70,87,9.01,0,82,45,20,81,91,22,96,24,64,3,67,0,1,4,64,33,1,Service_Ready
S03466,84,66,7.09,0,61,40,80,85,40,45,51,36,23,6,34,0,3,4,33,27,0,Not_Placed
S03467,56,74,8.26,1,85,67,37,70,23,52,42,72,32,6,77,8,1,0,61,32,0,Not_Placed
S03468,90,79,6.63,0,40,99,52,89,61,56,91,20,96,1,99,0,2,5,77,29,0,Not_Placed
S03469,77,61,9.9,0,84,23,80,80,62,38,20,38,70,7,82,2,2,5,58,24,1,Service_Ready
S03470,55,69,9.66,0,20,59,40,62,29,85,36,32,29,0,71,9,1,5,66,10,0,Not_Placed
S03471,88,93,8.58,0,87,23,94,20,78,44,28,44,90,5,45,7,0,1,84,10,1,Service_Ready
S03472,64,65,8.61,2,51,91,54,23,81,82,27,95,88,4,82,2,0,5,23,22,0,Not_Placed
S03473,70,72,9.77,0,51,38,67,93,45,64,64,34,37,6,34,5,0,1,34,2,0,Not_Placed
S03474,91,95,8.98,1,35,74,49,60,86,36,45,92,83,6,77,5,1,5,22,29,0,Not_Placed
S03475,86,58,5.88,0,84,66,99,53,64,51,63,30,55,4,76,3,0,5,56,27,1,Service_Ready
S03476,58,80,6.57,1,66,52,99,61,50,59,35,75,93,3,99,7,0,1,67,17,1,Service_Ready
S03477,69,62,7.06,1,26,71,38,65,57,32,63,41,90,3,54,2,2,4,35,3,0,Not_Placed
S03478,92,71,9.84,1,76,75,85,97,96,92,81,33,85,1,79,4,2,5,58,26,1,Service_Ready
S03479,93,89,8.02,2,20,53,84,45,37,55,25,94,63,7,49,9,0,1,74,16,0,Not_Placed
S03480,84,68,8.37,1,82,96,33,45,62,94,20,43,39,7,27,1,1,4,32,27,0,Not_Placed
S03481,63,88,7.92,1,90,28,45,52,52,71,59,23,47,5,87,1,0,5,52,6,0,Not_Placed
S03482,73,72,8.27,0,84,54,70,87,54,91,63,48,55,5,61,0,1,1,26,14,1,Service_Ready
S03483,76,56,6.31,0,94,53,63,88,72,81,52,95,88,0,54,8,3,0,86,31,1,Service_Ready
S03484,74,64,8.45,0,34,47,54,26,73,61,57,83,76,3,48,1,3,4,92,7,0,Not_Placed
S03485,71,56,7.66,0,37,89,95,41,97,32,92,29,46,5,28,8,1,0,54,27,1,Product_Ready
S03486,95,96,9.42,0,87,33,71,58,40,90,25,74,59,5,44,3,3,4,53,26,1,Service_Ready
S03487,76,68,7.35,0,54,35,39,34,97,91,43,81,99,2,63,8,1,4,70,23,1,Service_Ready
S03488,84,86,5.58,0,42,56,22,79,78,42,52,73,58,0,82,8,2,4,78,32,0,Not_Placed
S03489,84,93,8.8,0,83,57,90,96,27,32,45,29,75,3,50,0,3,3,56,21,1,Service_Ready
S03490,64,88,8.74,1,29,96,73,53,49,34,27,59,41,4,39,6,3,5,68,3,1,Product_Ready
S03491,73,80,9.9,0,99,29,41,24,95,43,34,45,74,1,37,4,1,4,44,18,1,Service_Ready
S03492,70,83,8.14,0,45,69,46,54,99,48,26,81,90,6,53,4,0,5,27,9,0,Not_Placed
S03493,97,83,6.35,0,26,75,65,43,54,92,61,86,63,3,96,7,2,2,69,28,0,Not_Placed
S03494,72,84,7.91,0,64,26,64,45,89,68,37,59,37,6,20,0,2,3,33,29,0,Not_Placed
S03495,75,91,9.19,0,47,26,71,36,81,56,33,70,74,0,23,5,0,0,54,33,0,Not_Placed
S03496,92,85,7.47,0,81,21,82,95,35,35,22,37,61,7,51,1,0,2,91,6,1,Service_Ready
S03497,74,79,9.21,1,29,29,52,92,37,86,93,46,54,5,37,6,2,5,29,28,0,Not_Placed
S03498,58,66,8.04,3,86,45,59,90,65,93,86,30,70,7,91,3,0,5,60,14,0,Not_Placed
S03499,65,88,9.85,1,75,62,93,86,65,67,97,55,42,6,74,5,0,0,70,33,0,Not_Placed
S03500,75,74,6.96,0,76,48,65,54,98,93,71,34,70,6,94,3,2,3,58,12,1,Service_Ready
S03501,74,80,6.42,0,61,66,25,54,27,90,56,69,35,0,94,4,3,2,65,8,0,Not_Placed
S03502,66,94,6.12,0,45,73,22,30,44,31,84,23,71,6,84,5,1,2,35,12,0,Not_Placed
S03503,68,92,5.7,1,72,77,82,32,64,74,52,81,58,4,92,4,1,5,58,34,1,Product_Ready
S03504,94,60,9.69,0,71,54,57,99,61,26,75,24,59,4,84,1,3,0,61,3,1,Service_Ready
S03505,79,60,7.94,0,28,52,27,57,51,42,53,65,51,0,26,7,1,1,37,20,0,Not_Placed
S03506,96,90,7.42,0,96,89,29,59,93,53,52,94,76,5,67,2,0,1,97,34,1,Service_Ready
S03507,86,95,9.22,0,93,78,34,50,48,94,92,66,76,1,50,4,1,3,21,23,1,Service_Ready
S03508,91,74,9.38,3,23,45,41,62,39,67,80,42,80,5,99,2,2,3,32,3,0,Not_Placed
S03509,65,55,6.59,0,99,55,59,58,66,79,27,93,56,6,46,2,2,5,29,22,1,Service_Ready
S03510,83,83,8.1,0,31,32,58,58,64,60,99,62,81,2,28,1,2,5,37,11,0,Not_Placed
S03511,97,64,7.87,0,26,31,71,52,43,67,50,42,90,1,91,5,2,5,47,28,0,Not_Placed
S03512,75,81,9.17,2,33,40,33,89,95,47,56,86,52,1,31,2,2,1,31,20,0,Not_Placed
S03513,85,67,6.05,0,23,32,25,63,95,99,27,52,71,6,95,9,2,4,29,32,0,Not_Placed
S03514,81,57,9.77,0,90,75,70,75,61,32,53,53,72,2,93,9,2,2,56,7,1,Product_Ready
S03515,75,59,8.17,1,80,54,51,38,34,93,76,45,89,7,21,0,3,2,39,31,1,Service_Ready
S03516,91,74,9.89,0,61,42,60,92,46,65,36,21,34,2,76,4,0,0,33,9,0,Not_Placed
S03517,97,66,6.73,0,65,23,76,65,33,22,32,27,75,5,21,5,3,5,50,28,1,Service_Ready
S03518,71,89,7.93,0,63,70,65,52,83,45,58,77,45,5,94,2,0,2,76,7,0,Not_Placed
S03519,63,62,6.76,0,88,29,41,31,48,50,25,26,98,4,82,7,1,0,38,20,1,Service_Ready
S03520,92,78,6.29,0,36,66,26,36,95,81,82,26,48,4,91,3,3,5,35,17,0,Not_Placed
S03521,76,65,8.86,1,94,88,77,95,59,77,80,64,96,7,30,7,3,4,52,29,1,Product_Ready
S03522,58,82,5.7,0,71,91,28,37,85,59,85,41,99,4,93,8,1,0,82,14,1,Service_Ready
S03523,91,66,7.25,1,51,42,93,91,40,94,31,68,66,2,81,5,1,5,45,17,1,Service_Ready
S03524,73,83,9.79,0,29,66,63,81,26,88,38,52,43,2,42,5,3,4,40,19,0,Not_Placed
S03525,92,81,5.54,0,49,62,97,73,51,68,21,66,42,5,60,9,0,5,72,9,0,Not_Placed
S03526,93,87,6.86,0,69,94,27,20,91,88,20,86,46,4,80,6,3,2,30,32,0,Not_Placed
S03527,78,73,7.97,0,36,69,31,34,58,32,38,92,76,3,79,7,0,0,23,8,0,Not_Placed
S03528,95,58,6.3,0,64,28,28,22,96,82,21,50,57,3,26,7,1,4,78,2,1,Service_Ready
S03529,91,79,8.9,0,95,24,75,98,61,83,68,65,90,5,21,6,2,3,81,17,1,Service_Ready
S03530,81,76,6.63,3,71,90,76,49,91,90,84,35,46,1,66,1,2,5,45,6,0,Not_Placed
S03531,92,70,5.89,0,36,44,83,30,37,55,22,89,90,6,28,1,3,1,66,12,0,Not_Placed
S03532,57,96,6.49,0,27,82,30,77,53,58,35,90,23,7,65,5,2,4,61,14,0,Not_Placed
S03533,88,83,5.81,0,30,82,70,79,66,23,26,50,93,5,49,0,2,4,41,23,1,Product_Ready
S03534,81,77,7.61,0,22,59,47,34,70,45,54,99,34,4,65,7,1,2,55,32,0,Not_Placed
S03535,84,66,7.69,0,31,54,41,91,46,26,22,23,27,4,96,8,3,1,24,6,0,Not_Placed
S03536,89,55,6.14,0,65,80,62,98,97,41,28,66,22,3,50,1,2,5,26,30,0,Not_Placed
S03537,58,58,9.08,0,64,47,27,61,36,28,80,88,60,4,95,5,3,0,62,6,1,Service_Ready
S03538,90,66,7.02,0,45,22,42,73,66,55,54,62,52,4,23,9,3,2,69,28,0,Not_Placed
S03539,64,74,7.85,0,45,54,47,84,45,77,25,69,68,1,65,8,0,1,40,33,0,Not_Placed
S03540,79,86,6.46,0,85,54,99,99,52,69,43,42,56,3,82,7,3,2,40,20,1,Service_Ready
S03541,62,80,7.65,0,97,25,26,79,80,24,27,52,76,3,56,0,0,2,48,4,1,Service_Ready
S03542,65,80,7.01,0,73,38,32,76,92,76,65,31,48,0,84,0,2,3,96,24,0,Not_Placed
S03543,82,97,7.66,0,37,25,87,95,42,47,94,59,67,1,81,9,1,0,48,27,0,Not_Placed
S03544,67,88,7.63,0,35,49,45,76,58,52,97,50,99,4,69,2,1,3,92,14,0,Not_Placed
S03545,69,86,9.53,0,64,74,68,80,59,53,31,34,28,7,39,8,2,0,33,6,0,Not_Placed
S03546,83,62,9.59,0,83,21,20,83,91,43,21,78,53,7,95,1,0,4,74,9,1,Service_Ready
S03547,84,64,6.18,0,23,75,30,69,80,42,49,44,49,6,99,9,2,3,30,10,0,Not_Placed
S03548,90,73,7.1,0,33,39,39,63,44,60,88,21,31,3,63,4,2,3,83,13,0,Not_Placed
S03549,95,65,8.52,3,46,90,46,33,43,83,43,21,71,6,31,0,3,1,61,2,0,Not_Placed
S03550,76,96,8.34,0,84,57,83,95,71,99,51,46,80,4,81,2,0,5,97,28,1,Service_Ready
S03551,93,74,7.81,2,83,61,77,62,51,49,80,47,64,1,35,9,2,1,31,34,1,Service_Ready
S03552,82,72,5.87,3,83,33,27,22,93,28,66,82,59,4,43,6,0,5,93,12,0,Not_Placed
S03553,83,70,5.91,0,74,48,97,74,79,60,99,28,25,5,48,1,3,2,36,22,0,Not_Placed
S03554,73,77,7.33,0,73,30,62,27,42,72,59,28,43,3,95,1,2,5,23,14,0,Not_Placed
S03555,90,95,7.45,0,67,49,82,44,23,37,64,84,92,0,46,7,3,2,44,11,1,Service_Ready
S03556,84,95,7.48,2,75,46,35,57,72,87,42,75,98,6,94,4,1,2,38,5,0,Not_Placed
S03557,83,95,8.13,0,92,71,37,36,63,43,25,46,66,1,65,2,0,3,48,7,1,Service_Ready
S03558,91,61,8.42,0,40,97,33,72,86,98,67,97,75,6,60,1,1,3,80,17,0,Not_Placed
S03559,90,56,6.42,0,42,78,47,91,52,87,90,30,27,3,81,6,3,2,89,8,0,Not_Placed
S03560,64,94,5.59,0,38,57,41,20,72,40,26,26,96,6,79,5,1,1,90,3,0,Not_Placed
S03561,73,68,8.33,0,58,24,40,78,96,33,82,73,99,4,69,8,3,0,21,9,1,Service_Ready
S03562,67,92,9.95,0,21,29,88,49,84,63,61,22,49,4,47,2,2,4,32,27,0,Not_Placed
S03563,94,84,9.32,0,88,35,74,68,99,71,68,83,67,1,57,0,0,5,59,32,1,Service_Ready
S03564,80,80,8.29,3,54,94,75,49,64,94,71,87,74,3,29,5,2,1,82,32,0,Not_Placed
S03565,86,82,9.48,0,54,76,80,51,27,99,54,42,57,2,73,3,0,3,75,10,1,Product_Ready
S03566,89,55,9.89,0,96,24,38,77,76,61,92,25,41,4,76,6,3,2,24,23,0,Not_Placed
S03567,61,80,8.32,0,28,73,39,87,86,63,60,61,30,7,62,5,3,5,53,32,0,Not_Placed
S03568,58,69,8.44,0,92,44,41,81,56,29,71,96,87,7,47,7,0,2,98,34,1,Service_Ready
S03569,59,62,6.71,0,56,31,38,46,43,85,35,21,40,1,77,9,0,3,26,10,0,Not_Placed
S03570,64,70,7.32,0,67,35,60,49,96,91,74,30,71,6,94,6,1,0,51,16,1,Service_Ready
S03571,72,82,9.94,1,53,39,43,47,30,49,57,20,88,0,84,8,3,5,45,7,1,Service_Ready
S03572,84,94,7.68,1,32,44,36,46,30,25,98,56,94,1,91,7,0,1,78,11,0,Not_Placed
S03573,55,77,9.48,0,67,52,76,44,63,85,87,44,64,6,60,6,3,0,47,9,1,Service_Ready
S03574,87,83,9.08,0,56,38,78,70,54,55,72,99,31,3,90,0,3,2,98,20,0,Not_Placed
S03575,69,63,8.02,1,45,42,36,24,78,35,40,24,77,1,62,5,1,4,21,13,0,Not_Placed
S03576,96,81,6.32,2,38,68,76,25,42,62,63,85,64,2,23,0,1,0,28,4,0,Not_Placed
S03577,72,94,7.42,0,84,43,72,61,72,81,81,87,54,2,76,2,0,0,41,27,1,Service_Ready
S03578,58,61,6.89,1,41,59,38,72,49,45,60,41,80,0,65,9,0,4,37,32,0,Not_Placed
S03579,86,63,9.28,3,43,87,71,65,36,40,67,28,88,4,25,5,3,5,98,10,0,Not_Placed
S03580,57,85,9.15,0,34,26,57,27,75,99,20,38,97,2,23,1,1,3,42,19,0,Not_Placed
S03581,86,71,8.37,1,31,54,99,23,47,52,93,50,97,4,29,8,0,4,36,21,0,Not_Placed
S03582,87,63,5.72,1,23,50,23,37,53,67,82,33,52,0,61,2,2,2,76,31,0,Not_Placed
S03583,69,61,7.0,0,37,54,20,55,99,86,65,56,91,1,48,4,2,3,87,13,0,Not_Placed
S03584,67,68,6.03,2,28,88,53,84,46,59,27,25,72,4,73,4,1,3,73,33,0,Not_Placed
S03585,57,55,6.26,0,63,49,27,77,27,80,98,72,90,3,55,5,2,5,93,20,1,Service_Ready
S03586,72,74,6.15,0,66,62,30,61,38,22,23,57,92,7,53,2,2,2,56,33,1,Service_Ready
S03587,82,95,6.15,0,98,44,70,72,29,68,57,65,89,1,30,2,3,1,77,27,1,Service_Ready
S03588,75,92,9.65,0,78,76,86,34,77,22,77,46,34,3,22,0,0,3,30,26,1,Product_Ready
S03589,58,73,6.6,0,55,99,52,78,64,70,65,32,23,1,46,7,0,5,27,26,0,Not_Placed
S03590,80,55,6.9,1,80,58,28,46,89,39,84,35,87,2,41,8,3,0,73,9,1,Service_Ready
S03591,61,66,6.97,0,33,38,38,96,93,47,96,34,82,6,62,9,3,0,33,33,0,Not_Placed
S03592,88,85,6.55,2,41,54,42,44,88,25,79,25,38,2,38,4,2,3,32,23,0,Not_Placed
S03593,57,66,8.52,2,96,89,77,86,90,29,87,63,89,1,90,1,2,1,47,4,1,Service_Ready
S03594,67,93,6.41,0,94,48,36,56,25,65,33,56,95,2,48,0,0,0,21,7,1,Service_Ready
S03595,79,73,6.39,0,40,46,82,42,58,77,64,33,41,0,48,5,1,1,77,28,0,Not_Placed
S03596,71,77,6.83,0,95,23,92,94,68,45,51,47,70,7,56,9,2,2,76,17,1,Service_Ready
S03597,62,57,9.24,0,98,70,30,25,31,44,45,77,99,3,55,4,1,0,79,20,1,Service_Ready
S03598,65,68,9.27,2,88,72,85,31,81,64,76,21,74,2,80,7,0,1,54,20,1,Service_Ready
S03599,85,73,6.06,0,31,54,77,91,44,44,32,61,34,6,47,3,2,2,54,24,0,Not_Placed
S03600,94,67,8.22,0,79,77,88,52,59,21,52,44,78,2,75,8,0,2,81,5,1,Product_Ready
S03601,68,71,8.54,0,29,41,47,67,79,82,21,42,70,1,99,5,1,3,20,16,0,Not_Placed
S03602,69,79,9.54,0,57,82,62,70,97,45,65,31,31,4,80,8,1,3,65,31,0,Not_Placed
S03603,83,93,8.0,0,21,84,47,70,27,50,58,79,96,7,42,7,0,5,93,6,0,Not_Placed
S03604,66,90,8.49,3,85,23,35,41,83,89,30,61,58,4,66,5,1,5,52,31,0,Not_Placed
S03605,91,84,8.22,0,23,98,55,82,22,76,99,35,59,4,25,4,0,0,82,9,0,Not_Placed
S03606,82,73,8.46,1,76,52,89,83,23,35,22,82,41,1,37,8,1,1,44,29,0,Not_Placed
S03607,94,77,6.95,0,66,29,60,86,93,68,83,34,80,4,93,3,0,5,78,29,1,Service_Ready
S03608,95,56,6.76,0,68,22,51,66,81,35,87,37,25,2,84,4,0,0,78,32,0,Not_Placed
S03609,88,91,9.2,1,72,81,34,70,33,78,71,20,94,0,75,4,0,1,74,17,1,Service_Ready
S03610,77,94,7.33,2,29,72,26,49,74,84,40,26,63,3,34,1,1,4,22,5,0,Not_Placed
S03611,97,90,8.41,2,99,71,64,70,51,21,36,42,63,5,31,5,0,1,87,8,1,Service_Ready
S03612,56,69,9.06,0,89,80,90,99,91,22,48,40,73,3,25,8,2,1,30,7,1,Product_Ready
S03613,81,81,7.32,0,91,46,51,52,24,28,32,25,93,3,69,2,2,0,21,8,1,Service_Ready
S03614,95,85,5.79,0,98,26,33,28,28,21,35,21,98,5,42,5,3,2,82,18,1,Service_Ready
S03615,90,73,5.71,0,20,46,62,44,73,25,95,44,93,6,65,6,2,2,43,4,0,Not_Placed
S03616,94,74,7.51,0,96,89,85,88,98,27,74,56,92,0,91,8,1,2,51,6,1,Service_Ready
S03617,69,82,8.41,0,23,39,24,82,73,84,96,32,98,0,22,1,3,1,75,26,0,Not_Placed
S03618,69,55,8.96,0,64,35,36,49,56,37,95,30,79,2,89,9,3,5,28,19,1,Service_Ready
S03619,87,73,9.74,0,92,88,42,53,41,88,84,45,74,1,34,1,0,2,77,21,1,Service_Ready
S03620,96,71,7.6,0,26,98,71,32,51,58,97,82,39,7,49,8,2,5,93,9,1,Product_Ready
S03621,83,68,9.0,0,53,58,68,24,62,66,78,88,36,2,65,4,3,1,85,15,0,Not_Placed
S03622,82,58,9.13,0,69,83,29,75,35,56,74,41,51,3,92,3,0,0,21,15,1,Service_Ready
S03623,91,87,6.66,0,46,83,52,72,99,29,46,56,21,5,62,2,2,2,30,33,0,Not_Placed
S03624,70,71,7.36,1,62,71,72,87,24,67,43,20,21,1,82,5,3,5,67,30,0,Not_Placed
S03625,95,78,5.57,0,24,36,43,25,47,39,99,38,27,1,56,5,1,2,94,6,0,Not_Placed
S03626,96,83,6.35,0,76,87,38,46,72,61,64,97,87,3,43,6,3,2,24,28,1,Service_Ready
S03627,91,81,8.82,1,25,95,75,33,41,74,94,71,75,5,96,5,3,5,73,3,1,Product_Ready
S03628,65,62,7.34,0,23,90,66,38,61,61,70,22,56,5,52,5,2,1,68,24,0,Not_Placed
S03629,89,83,7.02,2,67,63,91,20,47,22,90,67,51,0,76,2,1,1,75,16,0,Not_Placed
S03630,85,70,9.76,0,90,54,85,76,53,50,31,84,66,4,84,0,2,1,86,15,1,Service_Ready
S03631,64,57,7.11,3,55,30,22,58,29,70,51,71,91,6,32,9,2,4,72,16,0,Not_Placed
S03632,75,96,6.33,0,49,33,98,78,83,63,33,44,63,4,21,2,0,2,93,10,0,Not_Placed
S03633,57,78,9.76,0,87,86,49,81,26,70,51,93,45,2,81,6,3,4,91,17,0,Not_Placed
S03634,63,58,6.87,1,32,95,92,31,43,67,96,51,57,5,85,5,0,3,54,17,1,Product_Ready
S03635,94,80,8.17,0,21,22,66,46,82,57,63,27,42,5,44,8,1,1,98,33,0,Not_Placed
S03636,94,73,8.2,2,63,45,71,56,96,66,91,33,45,6,32,3,2,1,49,25,0,Not_Placed
S03637,72,77,7.01,1,94,26,66,29,92,49,67,44,43,3,90,1,2,5,78,28,0,Not_Placed
S03638,73,62,8.13,2,90,84,24,61,33,84,31,21,33,2,96,0,2,5,53,10,0,Not_Placed
S03639,64,62,7.81,1,52,42,91,59,42,78,69,83,75,2,77,3,0,0,25,33,0,Not_Placed
S03640,55,78,8.48,1,44,48,78,80,45,87,41,26,76,5,37,9,2,1,74,27,0,Not_Placed
S03641,79,72,6.81,0,27,62,43,84,45,93,45,85,59,5,52,8,2,0,56,19,0,Not_Placed
S03642,84,81,8.06,2,64,40,73,35,37,53,40,95,50,1,23,4,2,5,61,29,0,Not_Placed
S03643,61,65,7.64,0,44,75,59,82,69,30,79,83,23,3,50,9,1,4,63,18,0,Not_Placed
S03644,59,57,6.31,2,23,93,35,89,34,71,50,99,63,4,55,1,3,0,57,33,0,Not_Placed
S03645,79,67,9.81,1,54,98,98,66,66,36,42,36,48,1,30,2,0,4,40,7,0,Not_Placed
S03646,77,86,7.48,0,50,21,56,63,98,89,82,94,72,3,22,2,0,4,74,8,1,Service_Ready
S03647,66,83,7.13,2,76,32,46,87,83,28,93,94,26,2,47,5,1,2,41,33,0,Not_Placed
S03648,68,80,9.52,0,90,74,64,49,85,45,20,43,74,5,84,8,1,1,63,6,1,Service_Ready
S03649,95,66,8.55,0,39,59,92,24,20,30,23,57,36,3,51,4,1,5,86,12,0,Not_Placed
S03650,93,90,5.6,0,54,98,78,67,22,43,88,52,89,6,72,6,1,2,76,22,1,Product_Ready
S03651,60,94,6.67,1,39,97,85,44,23,60,82,67,74,0,21,6,3,4,34,25,0,Not_Placed
S03652,74,92,5.64,0,66,87,99,83,62,90,76,58,48,3,45,3,2,1,93,31,1,Product_Ready
S03653,57,55,7.44,1,94,89,89,76,44,42,31,67,29,0,71,6,1,3,76,18,0,Not_Placed
S03654,63,61,7.77,0,47,74,69,97,38,20,87,75,33,7,88,3,1,5,63,6,0,Not_Placed
S03655,87,78,5.92,0,70,56,44,24,27,72,46,80,84,3,90,2,0,1,69,10,1,Service_Ready
S03656,68,73,5.54,0,32,65,52,60,92,98,88,48,26,6,73,1,2,1,24,24,0,Not_Placed
S03657,56,97,7.27,0,82,78,49,21,93,62,37,43,56,5,88,6,1,3,60,25,1,Service_Ready
S03658,57,69,7.49,2,93,74,95,84,21,30,95,61,22,0,68,2,1,4,26,6,0,Not_Placed
S03659,73,67,7.45,0,89,98,47,56,74,20,22,90,33,6,67,4,2,2,68,26,0,Not_Placed
S03660,87,67,8.56,0,38,45,72,76,57,28,65,23,90,4,69,5,0,4,89,2,0,Not_Placed
S03661,72,81,7.67,0,80,41,29,78,31,82,34,82,84,5,25,5,1,4,21,12,1,Service_Ready
S03662,63,70,7.15,0,62,43,44,60,52,62,36,26,78,2,55,8,2,5,76,6,1,Service_Ready
S03663,59,56,7.68,0,48,68,99,94,79,47,46,27,91,6,51,3,3,0,66,11,0,Not_Placed
S03664,82,86,7.68,1,70,98,89,28,60,59,35,44,29,5,28,7,0,5,26,13,1,Product_Ready
S03665,71,79,9.53,0,51,51,45,91,41,74,76,27,65,4,31,3,2,3,71,3,1,Service_Ready
S03666,64,96,9.51,1,99,50,51,83,78,44,88,87,63,2,34,0,0,5,64,26,1,Service_Ready
S03667,79,64,8.96,0,62,56,88,30,59,82,41,34,28,1,89,9,1,2,39,4,0,Not_Placed
S03668,72,89,9.44,0,45,50,74,87,76,43,84,45,68,4,57,3,1,5,28,33,0,Not_Placed
S03669,91,94,9.6,0,27,73,30,96,75,48,61,25,22,3,93,1,0,3,55,33,0,Not_Placed
S03670,65,55,7.11,3,98,93,43,91,43,96,28,78,89,4,42,5,0,0,44,4,0,Not_Placed
S03671,57,68,7.82,0,33,29,68,81,67,22,66,79,44,6,96,8,2,2,65,26,0,Not_Placed
S03672,97,83,7.7,0,88,46,22,75,83,40,43,39,71,4,89,9,3,2,97,31,1,Service_Ready
S03673,69,73,6.58,2,62,49,59,78,42,63,20,97,60,5,79,9,3,0,97,3,1,Service_Ready
S03674,96,75,8.26,0,86,30,23,98,98,68,41,56,29,3,92,1,2,3,50,29,0,Not_Placed
S03675,65,90,6.2,2,65,73,52,49,28,57,62,26,59,4,81,6,2,2,30,3,0,Not_Placed
S03676,69,69,7.29,0,65,40,28,90,46,36,85,45,91,7,64,6,3,3,51,16,1,Service_Ready
S03677,96,86,9.49,0,40,61,99,77,21,35,26,74,34,6,88,0,3,4,32,27,0,Not_Placed
S03678,67,86,9.36,0,46,69,61,86,29,28,22,57,94,5,88,1,0,4,27,11,0,Not_Placed
S03679,75,73,5.93,2,65,73,31,59,57,31,86,44,54,7,64,8,0,3,21,27,0,Not_Placed
S03680,64,73,8.36,2,80,24,99,53,83,31,78,40,97,2,66,4,2,0,58,32,1,Service_Ready
S03681,68,71,8.82,0,56,46,48,37,23,20,43,61,79,6,43,7,0,1,37,2,1,Service_Ready
S03682,64,71,7.87,0,63,94,86,47,30,22,22,44,95,3,68,7,0,5,29,20,1,Product_Ready
S03683,97,61,6.08,0,69,38,86,44,44,25,34,82,39,2,86,3,3,2,25,20,0,Not_Placed
S03684,80,79,8.16,1,57,24,61,54,88,22,60,51,55,5,58,9,0,0,79,13,1,Service_Ready
S03685,72,80,9.94,0,28,51,96,47,42,88,81,67,85,5,88,7,1,3,55,8,0,Not_Placed
S03686,83,86,7.07,0,39,53,70,55,45,52,20,86,69,2,54,0,0,5,75,6,0,Not_Placed
S03687,71,97,7.39,0,34,61,28,90,76,29,83,60,32,7,91,6,3,1,23,27,0,Not_Placed
S03688,56,86,9.49,0,85,66,46,98,40,30,41,42,84,2,95,8,1,1,47,26,1,Service_Ready
S03689,72,55,8.11,2,96,76,31,91,58,27,47,50,34,3,58,0,1,4,27,18,0,Not_Placed
S03690,69,68,5.81,0,51,23,48,24,95,58,42,35,69,3,30,7,0,1,40,18,1,Service_Ready
S03691,88,95,8.12,1,24,50,43,30,70,67,97,23,27,6,51,5,1,5,55,30,0,Not_Placed
S03692,58,85,9.08,0,91,34,67,73,87,88,83,85,69,7,66,3,0,5,28,29,1,Service_Ready
S03693,92,66,9.56,0,57,71,45,41,70,91,56,64,96,4,33,1,2,0,26,11,1,Service_Ready
S03694,84,88,9.02,0,59,95,72,50,42,91,84,74,98,4,31,0,2,2,85,9,1,Product_Ready
S03695,85,75,7.85,1,60,47,81,21,91,84,40,34,74,7,39,9,2,0,94,32,1,Service_Ready
S03696,88,65,9.3,0,48,82,52,64,25,56,72,21,76,3,70,6,1,2,57,8,0,Not_Placed
S03697,85,84,8.07,0,71,86,24,61,26,37,76,93,63,1,80,0,2,3,23,16,1,Service_Ready
S03698,56,77,5.77,0,45,53,32,59,70,29,58,23,71,0,75,7,0,4,65,23,0,Not_Placed
S03699,90,97,9.83,0,87,32,66,25,37,27,60,80,39,4,75,9,3,1,85,33,0,Not_Placed
S03700,76,80,7.61,1,64,24,31,51,59,37,93,83,20,4,72,9,0,1,57,18,0,Not_Placed
S03701,82,76,6.42,0,28,69,56,84,98,63,79,48,82,3,45,2,1,2,72,5,0,Not_Placed
S03702,56,89,5.52,0,69,32,26,58,68,22,36,44,33,4,24,6,2,2,52,22,0,Not_Placed
S03703,75,71,5.94,1,50,34,59,84,39,53,84,51,41,5,64,0,1,0,82,10,0,Not_Placed
S03704,67,78,6.64,3,76,84,79,62,84,65,81,89,45,4,60,9,0,2,92,18,0,Not_Placed
S03705,86,82,6.68,2,61,47,92,38,90,96,21,37,59,1,72,7,3,0,96,22,1,Service_Ready
S03706,82,61,9.94,1,32,64,21,53,88,85,81,66,21,3,91,6,0,5,82,9,0,Not_Placed
S03707,97,97,6.61,1,71,73,95,56,86,37,78,20,38,4,52,5,2,1,96,9,1,Product_Ready
S03708,56,73,8.14,1,85,89,78,99,66,55,21,83,97,5,45,3,0,1,23,21,1,Product_Ready
S03709,78,55,6.28,0,71,42,39,46,60,97,55,23,45,3,59,6,3,5,93,3,0,Not_Placed
S03710,63,72,6.46,1,22,83,48,73,26,44,43,62,25,6,98,7,2,4,40,33,0,Not_Placed
S03711,86,66,6.34,0,34,96,27,40,64,59,25,30,83,1,78,7,3,5,58,13,0,Not_Placed
S03712,57,97,9.05,0,35,24,59,95,86,64,22,50,43,0,48,6,0,5,70,17,0,Not_Placed
S03713,87,64,8.0,1,54,26,25,34,85,36,38,33,68,2,53,3,0,2,77,15,0,Not_Placed
S03714,75,81,6.69,0,98,63,47,57,34,34,49,51,59,3,21,8,1,1,59,9,1,Service_Ready
S03715,90,80,8.63,0,26,20,51,97,28,78,63,84,40,5,39,0,2,0,52,19,0,Not_Placed
S03716,95,71,7.22,0,92,84,42,59,53,55,69,97,49,7,31,0,1,1,69,24,0,Not_Placed
S03717,59,75,9.38,2,90,84,42,79,21,53,76,35,93,3,67,4,0,3,51,29,1,Service_Ready
S03718,94,67,9.59,1,29,78,54,42,75,35,71,46,34,5,25,9,2,2,24,8,0,Not_Placed
S03719,76,83,6.54,0,38,53,20,60,72,99,83,59,81,6,30,3,3,1,93,24,0,Not_Placed
S03720,93,87,8.47,0,21,94,33,55,54,83,44,28,96,2,29,8,0,4,28,14,0,Not_Placed
S03721,78,94,9.33,0,79,42,46,80,63,76,62,81,45,7,94,4,3,0,93,12,0,Not_Placed
S03722,85,57,5.56,1,46,20,68,67,99,98,72,30,28,4,41,7,1,3,49,30,0,Not_Placed
S03723,93,95,7.48,0,30,23,52,52,64,39,56,40,77,2,90,3,1,2,67,30,0,Not_Placed
S03724,96,88,7.84,0,86,41,21,27,60,30,43,45,54,7,24,9,1,4,37,13,1,Service_Ready
S03725,57,94,8.21,0,76,59,64,35,81,42,92,70,20,4,64,3,2,0,29,24,0,Not_Placed
S03726,97,84,7.72,0,34,36,67,95,44,38,78,72,58,6,24,7,0,1,97,7,0,Not_Placed
S03727,73,58,8.01,0,78,80,51,64,54,73,21,93,64,0,42,1,0,1,55,31,1,Service_Ready
S03728,93,59,9.65,0,68,45,46,60,91,25,85,80,86,1,96,8,2,5,32,31,1,Service_Ready
S03729,73,78,6.03,0,96,57,27,77,49,38,49,74,65,5,36,1,3,5,78,7,1,Service_Ready
S03730,56,59,7.45,2,99,29,59,71,43,78,40,71,98,4,55,2,2,1,41,9,1,Service_Ready
S03731,85,55,8.49,0,43,64,26,21,92,82,60,42,69,1,52,2,2,2,56,4,0,Not_Placed
S03732,61,97,7.17,0,55,84,60,69,68,66,29,63,63,0,23,3,1,3,98,31,1,Service_Ready
S03733,61,92,6.11,1,27,90,88,51,99,59,81,46,58,2,52,1,0,3,32,33,0,Not_Placed
S03734,83,58,8.23,1,77,46,77,89,64,69,67,62,33,0,63,3,3,4,57,8,0,Not_Placed
S03735,65,87,7.0,2,25,83,73,62,74,47,77,34,43,2,81,0,1,5,80,24,0,Not_Placed
S03736,86,55,7.03,0,20,70,55,88,88,85,94,49,27,1,44,2,2,5,23,34,0,Not_Placed
S03737,91,97,5.78,0,46,32,90,57,71,92,85,59,57,0,24,7,2,0,78,33,0,Not_Placed
S03738,93,70,5.92,1,83,22,27,98,92,35,45,51,27,6,79,9,3,3,78,11,0,Not_Placed
S03739,88,84,7.38,2,43,80,28,67,71,89,83,55,39,1,69,6,3,5,61,30,0,Not_Placed
S03740,76,78,7.51,0,88,32,53,22,92,22,43,93,54,3,63,0,3,1,91,8,1,Service_Ready
S03741,72,80,7.12,0,72,91,80,53,65,99,93,69,88,7,30,2,1,5,94,19,1,Product_Ready
S03742,72,85,6.9,0,72,81,93,36,60,27,50,68,76,7,72,7,1,1,69,10,1,Product_Ready
S03743,86,77,5.95,1,84,69,82,77,76,28,45,82,85,1,25,4,1,3,94,28,1,Service_Ready
S03744,74,74,7.49,0,96,30,97,63,23,96,62,58,78,0,98,2,3,0,74,2,1,Service_Ready
S03745,83,73,7.3,0,94,99,73,92,47,71,83,57,63,6,81,5,3,5,69,29,1,Product_Ready
S03746,60,87,8.18,0,31,26,47,94,39,84,46,35,55,5,29,6,3,2,93,27,0,Not_Placed
S03747,88,95,9.73,0,56,32,56,38,85,49,51,52,59,6,89,3,3,4,57,34,1,Service_Ready
S03748,62,66,6.83,0,75,37,67,40,75,31,25,50,90,2,80,5,3,0,80,18,1,Service_Ready
S03749,83,57,6.62,3,46,20,98,97,23,23,94,52,30,3,98,8,1,1,73,28,0,Not_Placed
S03750,90,81,8.72,0,28,91,83,84,40,45,34,62,58,7,54,6,3,3,38,9,1,Product_Ready
S03751,77,65,8.24,0,56,44,43,53,31,61,98,31,48,4,39,2,3,4,90,23,0,Not_Placed
S03752,69,63,7.73,0,26,33,23,64,82,29,64,63,74,1,30,1,1,3,20,33,0,Not_Placed
S03753,70,68,7.2,0,88,68,93,23,43,65,89,31,81,3,95,0,1,3,77,5,1,Service_Ready
S03754,71,64,7.86,2,47,65,21,65,57,57,40,42,52,1,62,5,1,3,89,21,0,Not_Placed
S03755,91,69,6.42,0,92,53,53,46,99,23,95,88,82,5,33,1,3,4,98,24,1,Service_Ready
S03756,64,80,9.47,0,62,63,63,62,71,24,38,49,68,4,82,3,0,4,95,9,1,Service_Ready
S03757,69,88,7.75,0,43,95,84,55,51,88,45,75,86,0,58,3,1,3,62,9,0,Not_Placed
S03758,97,67,8.7,0,24,64,24,42,54,73,68,89,97,0,56,6,1,0,27,28,0,Not_Placed
S03759,61,88,7.13,0,93,70,55,96,45,38,25,67,34,5,68,1,3,0,41,19,0,Not_Placed
S03760,64,74,8.96,0,80,78,41,87,23,48,77,77,73,3,96,6,0,3,49,23,1,Service_Ready
S03761,77,72,6.0,0,47,27,51,25,91,59,70,66,89,3,26,8,1,2,85,15,0,Not_Placed
S03762,95,83,7.93,1,79,70,35,25,20,31,43,94,62,0,53,8,0,0,52,29,1,Service_Ready
S03763,90,55,6.99,0,88,85,55,73,69,70,71,40,49,6,28,6,3,2,61,9,0,Not_Placed
S03764,83,65,5.81,0,52,86,74,32,55,45,93,57,42,7,33,7,2,1,59,26,1,Product_Ready
S03765,74,79,7.72,1,60,79,62,73,71,40,43,56,63,2,24,5,0,5,22,2,1,Service_Ready
S03766,85,64,9.55,0,58,67,99,46,35,71,23,61,73,0,44,7,1,3,37,27,1,Service_Ready
S03767,64,88,6.2,0,57,84,29,82,65,21,39,22,55,4,39,2,2,3,89,25,1,Service_Ready
S03768,92,91,9.21,3,20,97,64,93,29,87,62,60,31,4,27,7,0,1,50,12,0,Not_Placed
S03769,58,62,5.98,0,68,59,87,90,29,89,23,40,61,3,25,1,2,0,31,32,1,Service_Ready
S03770,85,97,8.5,1,99,60,95,96,55,96,63,85,34,4,53,9,1,4,63,34,0,Not_Placed
S03771,69,89,6.95,0,59,25,94,33,24,64,78,92,62,5,72,7,0,4,67,16,1,Service_Ready
S03772,63,79,5.66,0,51,80,20,50,90,34,89,35,97,3,93,9,3,0,30,19,1,Service_Ready
S03773,74,70,5.51,0,46,96,99,95,28,32,64,27,75,7,26,1,3,3,75,18,1,Product_Ready
S03774,83,75,9.18,0,71,52,96,31,65,89,94,90,76,3,87,4,3,5,44,32,1,Service_Ready
S03775,56,74,9.11,0,42,88,71,69,90,52,28,27,94,6,40,0,3,4,34,9,1,Product_Ready
S03776,66,59,6.14,0,98,80,41,68,55,82,57,59,83,3,75,1,0,5,82,20,1,Service_Ready
S03777,68,61,9.72,0,80,63,84,76,43,63,87,25,86,1,44,4,2,1,24,25,1,Service_Ready
S03778,86,75,9.54,0,24,80,25,94,58,27,94,62,60,3,88,1,1,1,49,24,0,Not_Placed
S03779,90,79,9.49,0,90,64,60,92,82,66,20,39,38,0,93,3,2,1,48,29,0,Not_Placed
S03780,61,85,9.74,1,98,41,94,73,73,25,92,81,48,2,86,1,3,4,81,14,0,Not_Placed
S03781,69,59,8.3,0,73,58,39,39,48,54,51,36,70,7,40,6,2,2,25,9,1,Service_Ready
S03782,89,59,5.57,2,51,74,52,57,21,29,85,95,34,6,80,4,2,5,48,15,0,Not_Placed
S03783,97,94,9.17,0,47,91,20,39,48,27,81,33,57,2,22,6,1,4,54,28,0,Not_Placed
S03784,82,82,8.01,0,58,29,82,28,48,47,30,34,43,2,80,3,1,3,94,31,0,Not_Placed
S03785,93,74,6.73,0,33,55,32,20,32,54,27,37,53,3,89,9,2,1,76,10,0,Not_Placed
S03786,69,77,6.29,0,41,69,42,71,26,36,22,26,96,0,42,4,3,0,89,19,0,Not_Placed
S03787,89,77,9.14,2,95,68,76,87,31,34,21,66,94,7,33,3,1,3,21,5,1,Service_Ready
S03788,78,63,5.93,0,96,91,97,69,93,84,95,95,31,6,48,9,2,4,94,26,1,Product_Ready
S03789,74,81,5.81,0,77,28,20,95,84,43,38,33,33,1,99,7,3,5,42,20,0,Not_Placed
S03790,79,79,8.61,0,60,72,46,27,62,52,62,49,53,5,39,6,1,1,99,5,1,Service_Ready
S03791,88,69,8.08,1,54,39,60,48,34,51,32,26,73,7,29,8,3,1,57,19,1,Service_Ready
S03792,88,75,6.06,0,78,44,51,50,93,22,85,60,81,4,52,0,2,4,58,30,1,Service_Ready
S03793,95,79,9.69,0,35,91,90,94,79,98,76,64,71,5,79,4,1,3,66,22,1,Product_Ready
S03794,91,97,6.92,0,80,81,74,56,34,78,82,85,61,3,50,5,2,5,98,34,1,Product_Ready
S03795,94,80,6.37,0,94,84,33,29,36,94,34,95,22,5,75,9,2,2,69,24,0,Not_Placed
S03796,70,57,5.81,0,43,88,26,70,73,70,46,31,60,6,52,3,0,5,64,27,0,Not_Placed
S03797,62,93,7.32,1,57,35,98,57,72,27,28,40,60,4,38,8,3,1,95,17,1,Service_Ready
S03798,59,57,5.88,0,97,67,52,88,91,21,73,61,54,5,80,2,3,1,68,24,1,Service_Ready
S03799,58,89,9.23,1,94,29,86,60,67,69,88,77,34,1,67,1,1,3,42,2,0,Not_Placed
S03800,88,69,8.77,0,51,28,76,86,58,59,35,29,72,0,69,1,3,4,52,23,1,Service_Ready
S03801,97,65,6.39,0,91,34,54,99,53,39,96,75,70,4,69,8,3,0,93,8,1,Service_Ready
S03802,88,58,7.79,1,73,23,84,67,42,42,25,88,83,6,90,4,3,0,45,22,1,Service_Ready
S03803,88,80,9.58,0,90,93,27,77,20,50,27,99,79,5,29,1,1,1,85,4,1,Service_Ready
S03804,78,63,6.4,0,97,71,62,94,69,33,37,96,53,2,60,6,2,0,88,22,1,Service_Ready
S03805,63,66,5.64,0,45,26,74,78,99,98,75,87,49,6,98,0,1,5,58,29,0,Not_Placed
S03806,59,75,7.03,2,90,98,92,46,21,66,59,55,90,4,41,1,2,2,25,5,1,Service_Ready
S03807,57,60,7.88,0,85,76,99,41,30,55,72,95,59,2,62,8,0,3,61,22,1,Product_Ready
S03808,58,61,5.75,0,85,46,26,30,51,70,59,26,20,0,25,3,3,5,37,9,0,Not_Placed
S03809,64,91,5.96,0,29,58,77,90,61,64,47,92,24,0,99,6,2,0,37,27,0,Not_Placed
S03810,59,62,7.35,0,87,69,95,84,27,79,77,46,52,5,65,4,0,0,88,16,1,Service_Ready
S03811,84,57,6.22,0,22,71,63,79,77,33,25,38,81,4,68,2,2,5,45,19,0,Not_Placed
S03812,91,90,8.69,0,21,61,89,91,87,50,38,90,66,4,38,8,0,0,72,33,0,Not_Placed
S03813,91,65,9.57,1,23,21,58,63,38,60,57,93,84,1,54,5,2,0,24,27,0,Not_Placed
S03814,72,86,6.84,2,69,93,77,47,98,74,77,59,77,7,65,9,0,1,67,29,1,Service_Ready
S03815,82,74,6.7,3,25,30,49,22,91,52,73,66,29,2,28,6,0,5,21,23,0,Not_Placed
S03816,74,80,9.36,0,42,99,44,92,72,30,44,50,65,2,82,2,2,5,42,17,0,Not_Placed
S03817,74,57,9.28,0,27,67,35,66,50,48,95,87,62,1,25,0,3,2,28,6,0,Not_Placed
S03818,70,55,6.02,0,66,54,81,52,34,54,29,99,39,1,27,7,1,4,95,18,0,Not_Placed
S03819,95,90,9.74,0,55,96,88,32,91,30,27,50,81,3,30,0,2,4,32,23,1,Product_Ready
S03820,78,84,8.76,0,83,71,25,90,73,41,82,98,56,7,60,3,2,2,88,13,1,Service_Ready
S03821,91,84,8.15,0,93,92,57,65,68,53,45,21,75,3,26,3,3,5,45,21,1,Service_Ready
S03822,89,65,6.38,2,35,94,28,41,24,62,49,93,51,7,36,2,2,2,45,13,0,Not_Placed
S03823,91,96,8.2,0,46,97,26,57,67,61,46,29,61,5,77,8,0,3,65,30,0,Not_Placed
S03824,72,83,9.64,0,32,35,64,51,59,63,66,89,79,2,94,4,1,4,35,27,0,Not_Placed
S03825,76,96,5.79,0,42,62,51,47,52,45,61,48,21,2,53,1,1,5,31,22,0,Not_Placed
S03826,81,94,6.63,0,71,81,88,80,65,91,48,69,21,7,85,5,1,2,29,29,1,Product_Ready
S03827,73,82,9.42,0,71,33,47,20,78,63,99,97,62,0,73,0,3,5,22,7,1,Service_Ready
S03828,81,76,8.39,0,90,69,95,99,88,54,28,48,46,0,93,8,2,1,72,26,0,Not_Placed
S03829,58,97,6.27,0,42,93,89,96,88,79,23,22,42,4,37,2,0,0,57,19,1,Product_Ready
S03830,62,66,5.51,0,91,83,88,30,81,36,96,39,45,3,78,8,3,1,48,4,1,Product_Ready
S03831,89,92,6.53,0,80,22,72,54,69,27,67,22,73,2,21,0,3,3,38,19,1,Service_Ready
S03832,75,76,9.77,0,20,28,71,99,48,81,48,24,41,0,27,2,1,3,97,5,0,Not_Placed
S03833,94,81,9.85,0,32,69,64,23,82,84,46,82,30,6,61,4,1,3,57,7,0,Not_Placed
S03834,79,58,6.7,0,73,46,58,40,73,75,82,61,45,4,39,7,3,1,72,6,0,Not_Placed
S03835,58,97,7.85,1,76,57,27,84,50,52,74,88,55,7,43,2,3,3,98,10,1,Service_Ready
S03836,93,85,8.61,0,61,56,76,54,56,94,39,85,99,6,74,8,1,5,66,30,1,Service_Ready
S03837,84,58,6.34,1,46,83,25,50,95,48,22,39,99,1,76,6,0,3,61,19,0,Not_Placed
S03838,87,55,9.74,0,30,71,27,79,61,35,58,61,37,0,26,3,3,1,49,32,0,Not_Placed
S03839,85,87,8.5,0,42,26,77,66,40,50,46,48,29,7,28,5,3,1,69,3,0,Not_Placed
S03840,73,70,8.98,0,26,74,33,95,53,40,55,82,61,0,90,4,1,4,99,26,0,Not_Placed
S03841,67,81,9.84,0,90,49,37,42,57,49,49,91,95,1,90,6,0,4,71,16,1,Service_Ready
S03842,67,61,9.03,0,65,54,48,53,27,85,23,85,76,4,23,4,0,1,39,34,1,Service_Ready
S03843,60,83,7.24,0,28,56,58,82,76,59,83,22,62,4,44,6,1,3,77,14,0,Not_Placed
S03844,93,73,6.15,0,21,84,78,67,22,45,33,43,54,3,25,8,1,4,55,30,1,Product_Ready
S03845,67,62,7.01,0,35,71,53,96,53,62,80,98,41,2,23,0,2,4,91,2,0,Not_Placed
S03846,95,71,6.76,1,85,21,36,92,52,73,89,25,71,4,64,0,3,2,30,23,1,Service_Ready
S03847,88,55,6.85,0,61,68,32,87,33,55,75,88,65,6,27,9,3,2,90,24,1,Service_Ready
S03848,95,81,8.11,2,85,80,27,84,44,36,49,43,71,6,80,9,2,1,51,17,1,Service_Ready
S03849,63,73,6.05,0,22,45,91,89,24,46,63,57,91,5,90,8,1,4,70,7,0,Not_Placed
S03850,86,73,9.02,0,64,30,29,39,38,21,59,37,21,6,68,6,3,3,98,26,0,Not_Placed
S03851,72,75,7.65,0,37,43,66,49,40,67,85,64,20,5,75,7,1,2,38,3,0,Not_Placed
S03852,83,77,8.22,3,67,64,47,79,24,37,56,99,44,5,20,7,2,2,95,26,0,Not_Placed
S03853,77,97,9.9,0,57,43,24,79,36,56,34,85,39,5,35,3,2,1,60,13,0,Not_Placed
S03854,56,62,7.91,0,44,81,77,90,51,65,45,61,26,7,66,1,0,3,63,26,1,Product_Ready
S03855,72,61,8.15,0,59,71,79,60,95,92,34,96,76,5,54,9,2,4,32,22,1,Product_Ready
S03856,78,80,6.16,0,43,49,45,73,95,40,42,47,98,6,78,4,0,1,87,13,0,Not_Placed
S03857,56,79,7.02,0,63,53,25,58,69,43,24,73,73,1,94,0,1,2,88,7,1,Service_Ready
S03858,68,70,8.85,0,88,59,97,59,28,86,93,67,94,1,84,9,0,5,91,32,1,Service_Ready
S03859,60,85,8.99,0,86,81,31,57,26,83,96,23,40,5,55,1,2,4,54,34,0,Not_Placed
S03860,65,93,5.56,0,43,41,62,70,68,41,98,37,63,4,51,9,3,3,93,10,0,Not_Placed
S03861,79,58,9.59,0,61,26,61,79,39,82,40,24,49,6,78,5,3,5,42,24,0,Not_Placed
S03862,60,97,5.92,0,93,52,43,89,33,89,57,30,82,7,48,5,2,0,97,28,1,Service_Ready
S03863,92,58,9.99,1,24,87,66,55,34,58,57,55,21,6,74,1,0,3,44,15,0,Not_Placed
S03864,95,63,8.82,0,24,97,36,88,96,73,66,68,93,7,81,6,0,0,26,15,0,Not_Placed
S03865,63,61,5.92,2,24,70,26,41,43,61,41,54,74,5,22,9,2,2,61,9,0,Not_Placed
S03866,77,74,7.65,0,97,92,50,25,20,38,34,53,83,2,68,1,3,5,70,10,1,Service_Ready
S03867,65,97,7.34,0,60,83,20,28,58,84,36,86,20,7,96,9,3,3,95,18,0,Not_Placed
S03868,75,94,9.98,0,75,66,36,21,52,34,51,53,79,5,50,3,1,1,32,33,1,Service_Ready
S03869,70,69,6.47,1,31,95,73,77,35,81,93,29,85,2,71,0,3,1,34,27,1,Product_Ready
S03870,69,60,8.89,1,54,20,57,99,60,31,83,29,46,7,58,9,2,5,64,12,0,Not_Placed
S03871,78,94,8.6,3,87,20,98,64,50,56,88,62,23,6,48,3,2,1,30,34,0,Not_Placed
S03872,95,71,6.25,1,26,97,60,72,26,97,85,93,72,4,55,9,2,4,23,26,0,Not_Placed
S03873,95,89,8.38,0,96,87,63,70,57,61,64,49,54,3,60,9,0,1,48,3,1,Service_Ready
S03874,60,70,5.99,0,25,56,28,22,72,27,59,36,89,6,30,9,0,1,48,7,0,Not_Placed
S03875,63,56,8.13,2,83,23,20,94,26,27,98,77,29,5,85,9,2,5,71,4,0,Not_Placed
S03876,58,79,8.18,0,74,43,31,74,66,46,37,70,79,0,86,1,2,5,32,7,1,Service_Ready
S03877,66,93,9.91,0,56,55,51,76,31,37,80,50,59,2,65,6,2,4,74,30,1,Service_Ready
S03878,81,65,8.03,0,63,39,46,57,95,30,55,51,81,3,35,9,2,0,89,14,1,Service_Ready
S03879,90,65,8.55,0,39,48,38,25,75,37,95,61,79,7,75,2,2,1,99,29,0,Not_Placed
S03880,96,63,6.03,0,40,45,42,29,63,32,72,56,75,2,31,3,2,5,54,30,0,Not_Placed
S03881,84,61,5.82,0,65,31,77,76,51,83,93,85,56,5,29,7,0,0,40,6,1,Service_Ready
S03882,63,63,6.06,0,35,23,40,63,97,95,46,53,23,2,70,1,1,1,51,3,0,Not_Placed
S03883,76,73,9.4,3,69,33,39,64,66,76,50,71,98,5,26,0,2,4,60,5,0,Not_Placed
S03884,85,72,8.12,0,37,93,26,57,64,47,78,37,28,2,35,7,0,4,77,3,0,Not_Placed
S03885,59,96,9.91,0,49,64,97,50,55,58,69,57,30,0,93,2,2,2,42,2,0,Not_Placed
S03886,67,62,9.63,0,56,45,61,22,80,62,92,84,37,2,33,3,3,4,40,28,0,Not_Placed
S03887,59,57,7.43,0,21,62,20,42,82,67,44,86,96,6,75,5,1,5,66,19,0,Not_Placed
S03888,71,79,7.6,0,68,84,26,49,44,44,46,54,49,5,54,1,3,4,59,14,0,Not_Placed
S03889,58,67,8.59,0,52,42,86,51,74,22,31,75,87,0,51,0,3,0,24,22,1,Service_Ready
S03890,57,93,9.86,0,52,73,22,67,37,22,24,28,95,7,92,1,2,5,76,23,1,Service_Ready
S03891,71,55,5.82,0,41,20,66,68,23,41,74,51,85,3,88,7,2,3,27,13,0,Not_Placed
S03892,82,56,5.74,0,68,56,71,79,61,26,61,76,35,4,44,5,3,5,64,31,0,Not_Placed
S03893,71,70,9.14,0,80,24,97,60,60,47,29,71,51,3,64,9,3,2,99,18,1,Service_Ready
S03894,77,96,6.62,0,65,76,24,71,50,52,66,22,72,2,75,1,3,1,52,29,1,Service_Ready
S03895,62,94,8.95,1,90,74,77,97,40,75,89,36,97,6,98,7,3,1,60,20,1,Product_Ready
S03896,56,62,9.74,0,21,24,65,96,59,76,30,91,57,0,94,8,1,1,86,26,0,Not_Placed
S03897,78,77,8.95,1,69,63,29,92,21,40,94,93,44,7,88,5,0,0,30,6,0,Not_Placed
S03898,60,87,7.94,0,33,43,95,42,58,25,40,92,65,0,60,7,1,2,88,32,0,Not_Placed
S03899,89,95,7.11,0,38,98,38,44,58,52,99,59,31,3,49,7,1,1,33,6,0,Not_Placed
S03900,90,77,6.46,0,82,68,84,71,28,35,54,93,35,5,52,2,0,2,91,5,0,Not_Placed
S03901,56,61,8.74,0,44,90,44,85,45,74,22,65,48,1,30,4,2,3,88,7,0,Not_Placed
S03902,76,93,5.53,0,55,69,77,90,70,97,66,72,25,1,44,2,0,2,72,4,0,Not_Placed
S03903,85,57,8.88,0,24,28,48,54,54,69,49,34,48,0,94,4,0,2,87,13,0,Not_Placed
S03904,86,59,7.6,0,56,44,87,43,55,21,54,27,92,3,79,5,1,3,29,6,1,Service_Ready
S03905,91,85,5.92,0,21,98,96,75,33,95,34,64,66,3,37,5,2,4,95,6,1,Product_Ready
S03906,71,67,6.96,0,59,86,71,21,72,86,30,30,29,3,30,0,0,4,84,16,1,Product_Ready
S03907,61,58,8.93,0,22,48,39,29,80,56,70,61,92,2,49,3,0,3,43,32,0,Not_Placed
S03908,77,96,7.09,0,45,90,44,22,62,25,73,71,32,1,75,7,2,4,84,3,0,Not_Placed
S03909,58,67,9.39,0,57,62,22,62,92,90,23,51,20,4,55,9,0,5,30,26,0,Not_Placed
S03910,69,90,9.08,0,44,86,78,76,48,40,92,40,90,6,51,5,1,2,77,15,1,Product_Ready
S03911,95,76,6.89,2,89,53,65,67,56,41,99,26,66,4,36,2,3,5,95,12,1,Service_Ready
S03912,95,73,9.32,2,37,74,23,41,97,97,53,67,89,2,95,7,0,2,29,33,0,Not_Placed
S03913,86,69,7.46,0,32,60,97,45,80,63,49,96,56,1,54,9,3,0,78,30,0,Not_Placed
S03914,61,89,5.91,2,84,46,30,28,29,73,62,69,65,6,68,6,2,3,70,6,0,Not_Placed
S03915,85,61,5.93,0,44,66,65,64,50,71,23,65,48,0,84,0,3,3,78,15,0,Not_Placed
S03916,68,56,8.89,1,57,51,60,41,61,31,76,27,47,0,72,5,3,3,36,22,0,Not_Placed
S03917,61,74,9.32,0,79,63,96,48,62,56,80,78,80,7,39,7,3,1,34,13,1,Service_Ready
S03918,70,96,8.87,0,45,60,48,82,32,78,66,40,31,1,43,4,3,0,27,28,0,Not_Placed
S03919,82,83,8.6,0,51,27,73,36,31,86,94,97,90,1,52,5,3,1,98,16,1,Service_Ready
S03920,60,79,9.19,0,44,71,71,31,65,28,64,55,28,0,59,1,3,4,64,34,0,Not_Placed
S03921,87,83,6.56,0,78,81,54,66,78,78,21,79,25,0,72,3,3,5,23,9,0,Not_Placed
S03922,88,82,9.67,0,67,46,53,60,25,25,47,27,20,7,37,0,2,3,66,17,0,Not_Placed
S03923,65,60,7.32,2,50,47,38,20,86,91,32,70,20,4,32,9,0,5,35,4,0,Not_Placed
S03924,83,84,8.02,0,23,67,91,37,29,33,70,65,85,4,21,2,1,4,89,5,0,Not_Placed
S03925,55,89,8.01,0,30,81,23,52,53,93,54,72,47,6,68,1,0,3,45,18,0,Not_Placed
S03926,97,87,7.04,0,93,58,45,41,94,41,77,48,29,1,44,4,0,5,58,14,0,Not_Placed
S03927,56,60,8.51,0,30,58,88,37,39,95,77,69,60,1,37,1,1,4,97,2,0,Not_Placed
S03928,82,95,7.14,1,20,60,81,20,24,67,24,90,45,0,89,9,0,2,58,15,0,Not_Placed
S03929,68,74,8.01,0,81,25,85,62,83,63,24,32,34,4,53,7,0,1,49,23,0,Not_Placed
S03930,79,94,6.17,0,56,93,92,55,20,94,44,94,60,6,88,6,0,2,22,9,1,Product_Ready
S03931,90,69,9.27,0,78,53,49,81,89,74,41,41,32,1,42,2,1,1,85,15,0,Not_Placed
S03932,86,84,8.66,0,93,24,97,58,62,38,94,58,78,4,71,1,2,5,29,20,1,Service_Ready
S03933,69,89,9.17,0,37,45,79,37,82,60,62,57,46,0,75,0,0,3,79,24,0,Not_Placed
S03934,66,89,5.56,1,47,56,39,54,73,90,25,38,27,7,85,4,1,0,32,10,0,Not_Placed
S03935,84,63,7.17,0,51,80,79,70,59,98,30,92,35,0,51,9,1,5,76,21,0,Not_Placed
S03936,95,88,8.82,1,67,73,94,60,80,26,72,72,45,4,80,2,2,5,88,34,1,Product_Ready
S03937,65,60,7.73,0,59,34,49,25,40,76,74,82,28,3,56,5,1,4,28,34,0,Not_Placed
S03938,70,86,5.87,2,22,33,40,91,66,40,61,36,59,1,23,9,2,0,55,23,0,Not_Placed
S03939,79,58,6.31,0,97,39,71,33,58,92,53,86,95,2,31,9,1,2,50,8,1,Service_Ready
S03940,63,91,9.59,0,83,82,92,31,46,66,92,47,54,2,57,8,2,0,22,14,1,Product_Ready
S03941,88,84,8.39,0,59,88,27,73,52,70,21,57,75,5,39,3,0,0,85,20,1,Service_Ready
S03942,70,95,7.61,1,71,33,96,54,76,53,78,99,47,2,54,2,2,2,23,22,0,Not_Placed
S03943,76,59,9.15,0,32,79,46,69,98,31,29,68,54,5,73,7,3,3,22,3,0,Not_Placed
S03944,82,76,5.91,0,36,33,51,78,77,55,52,93,83,4,53,4,1,0,24,25,0,Not_Placed
S03945,62,72,5.52,2,39,23,41,92,28,78,52,26,52,1,91,0,2,2,51,2,0,Not_Placed
S03946,85,89,6.92,0,22,72,31,27,83,60,30,45,57,4,51,4,3,4,71,24,0,Not_Placed
S03947,82,73,9.38,0,32,42,99,81,44,51,40,20,47,2,31,3,3,2,70,27,0,Not_Placed
S03948,75,91,6.76,2,45,96,44,50,98,37,59,86,82,2,46,4,3,0,47,7,0,Not_Placed
S03949,60,75,6.71,0,63,88,42,42,54,88,80,57,71,1,38,2,1,0,42,27,1,Service_Ready
S03950,84,73,7.8,0,47,92,80,67,98,32,30,59,70,5,99,5,2,2,29,34,1,Product_Ready
S03951,92,91,7.82,0,61,87,29,41,50,95,92,47,88,5,99,2,3,5,66,25,1,Service_Ready
S03952,65,67,7.38,0,73,78,84,51,37,23,99,70,66,5,44,9,2,5,84,34,1,Product_Ready
S03953,87,73,8.28,2,97,57,26,65,86,94,27,22,31,1,62,6,1,1,67,17,0,Not_Placed
S03954,79,58,8.34,3,84,86,47,94,56,21,92,80,70,6,62,6,0,2,98,5,0,Not_Placed
S03955,90,84,8.63,0,66,30,38,81,91,62,94,28,44,0,97,0,1,0,48,32,0,Not_Placed
S03956,72,57,5.92,0,60,98,49,30,52,57,24,78,70,0,87,9,3,1,56,8,1,Service_Ready
S03957,64,87,6.19,1,57,74,49,45,61,66,38,96,99,0,37,8,3,0,23,29,1,Service_Ready
S03958,95,94,6.65,0,68,89,61,21,50,95,38,84,93,3,81,1,3,0,26,14,1,Service_Ready
S03959,58,93,8.1,0,24,66,30,53,98,70,24,67,50,7,26,2,0,4,33,11,0,Not_Placed
S03960,72,71,9.8,0,36,70,99,81,49,74,53,88,52,4,61,2,2,5,32,9,1,Product_Ready
S03961,84,59,7.37,0,21,76,26,99,29,48,53,91,64,6,90,9,1,3,52,32,0,Not_Placed
S03962,87,80,5.75,0,57,99,31,82,84,79,39,85,37,1,93,6,2,5,85,17,0,Not_Placed
S03963,59,92,5.8,0,41,84,68,96,31,82,32,81,78,2,30,1,1,5,20,5,0,Not_Placed
S03964,63,57,5.9,2,41,88,42,99,24,58,22,45,27,4,71,1,0,5,46,23,0,Not_Placed
S03965,76,92,9.13,0,64,65,52,47,70,83,54,55,25,4,77,6,1,0,75,16,0,Not_Placed
S03966,92,79,9.86,0,37,36,33,45,51,78,90,76,92,3,22,0,2,0,68,18,0,Not_Placed
S03967,82,67,7.87,0,24,26,57,56,51,75,62,86,46,5,70,7,2,4,67,11,0,Not_Placed
S03968,84,63,6.76,1,65,29,55,29,46,98,38,30,51,3,65,3,0,0,76,20,0,Not_Placed
S03969,59,72,8.87,1,23,71,38,50,22,86,48,72,27,7,24,0,1,5,45,32,0,Not_Placed
S03970,68,79,9.38,1,33,67,67,57,26,52,43,45,69,1,32,6,0,4,78,17,0,Not_Placed
S03971,93,62,5.53,1,83,41,94,73,41,33,85,98,69,4,36,0,1,3,36,10,0,Not_Placed
S03972,89,85,7.23,1,34,53,56,72,60,97,23,27,90,0,41,5,1,5,59,23,0,Not_Placed
S03973,94,59,7.6,1,53,55,90,57,86,51,65,44,83,0,66,4,1,4,78,32,1,Service_Ready
S03974,80,75,8.25,0,78,81,87,66,41,99,83,65,78,7,56,2,3,2,53,8,1,Product_Ready
S03975,83,57,7.27,0,71,85,31,34,35,22,46,42,83,0,67,7,2,5,46,32,1,Service_Ready
S03976,69,89,5.64,0,81,20,39,89,88,83,89,69,72,0,57,3,0,3,80,11,1,Service_Ready
S03977,86,79,8.92,0,66,76,51,65,55,90,29,65,45,7,67,0,1,3,85,8,0,Not_Placed
S03978,84,80,7.35,0,27,92,94,89,59,75,99,36,26,7,77,9,1,0,70,11,1,Product_Ready
S03979,84,63,7.38,0,83,53,46,46,60,37,69,62,60,3,37,7,3,5,72,17,1,Service_Ready
S03980,67,80,9.81,0,80,69,40,27,89,83,69,21,91,5,25,5,0,5,80,6,1,Service_Ready
S03981,76,79,8.43,0,52,27,32,80,27,46,73,22,52,6,47,4,3,4,80,10,1,Service_Ready
S03982,76,62,8.74,0,49,98,33,99,67,37,51,57,72,6,56,9,0,0,32,8,0,Not_Placed
S03983,73,75,5.96,1,23,90,32,82,82,80,55,27,46,7,45,9,1,3,91,6,0,Not_Placed
S03984,67,56,7.96,0,86,99,28,21,94,62,33,59,74,3,78,5,2,1,55,34,1,Service_Ready
S03985,93,97,7.11,0,24,51,68,55,92,33,83,51,28,6,67,3,0,0,51,11,0,Not_Placed
S03986,83,88,8.16,0,77,47,53,72,59,83,29,45,62,0,90,6,3,0,67,16,1,Service_Ready
S03987,57,80,8.0,0,66,86,48,82,44,23,66,88,82,5,37,3,1,3,95,25,1,Service_Ready
S03988,84,68,8.34,3,77,54,53,27,62,82,81,39,71,3,65,6,3,5,29,6,0,Not_Placed
S03989,86,72,7.76,0,24,40,38,42,88,52,23,54,78,1,94,0,1,0,96,15,0,Not_Placed
S03990,95,61,6.03,1,83,69,62,46,53,82,86,46,26,2,42,1,2,1,55,18,0,Not_Placed
S03991,65,61,8.41,0,65,89,72,87,65,56,95,46,44,4,31,0,1,3,28,20,1,Product_Ready
S03992,83,79,5.8,0,63,22,93,37,29,55,76,22,39,1,68,4,3,1,83,23,0,Not_Placed
S03993,75,87,8.62,1,20,31,32,27,50,24,63,70,44,4,32,2,3,5,25,12,0,Not_Placed
S03994,61,69,9.96,0,49,38,81,81,57,49,51,44,31,0,56,0,1,2,79,5,0,Not_Placed
S03995,95,58,9.87,0,80,40,44,81,43,88,60,76,85,1,28,7,1,1,90,21,1,Service_Ready
S03996,69,93,8.58,0,70,43,92,80,21,95,74,23,77,6,32,6,1,3,81,2,1,Service_Ready
S03997,65,77,8.28,0,29,99,47,21,54,34,78,94,52,6,99,3,3,2,58,24,0,Not_Placed
S03998,64,62,8.16,0,59,38,89,30,71,31,81,92,42,7,89,1,3,2,37,28,0,Not_Placed
S03999,87,83,7.77,2,81,69,72,80,94,69,73,61,78,7,33,6,2,5,63,19,1,Service_Ready
S04000,90,85,5.53,0,74,38,87,84,59,95,95,94,49,0,47,0,0,0,68,30,0,Not_Placed
S04001,55,75,6.6,0,59,77,91,25,34,40,56,89,73,4,77,8,2,5,38,29,1,Product_Ready
S04002,88,61,7.17,1,69,40,79,40,62,64,61,45,50,0,87,2,2,4,37,34,0,Not_Placed
S04003,96,89,6.17,1,77,57,65,39,45,30,85,56,25,5,66,2,1,1,44,22,0,Not_Placed
S04004,96,97,7.38,0,93,91,83,52,95,67,58,31,95,2,67,7,2,4,99,19,1,Product_Ready
S04005,75,58,7.96,0,55,49,31,94,48,22,81,30,92,1,78,7,0,1,25,19,1,Service_Ready
S04006,60,75,8.01,0,67,55,64,22,78,31,38,42,24,2,38,8,0,3,76,17,0,Not_Placed
S04007,58,96,8.45,3,87,34,32,92,56,57,97,50,85,5,79,6,0,4,63,29,0,Not_Placed
S04008,55,89,7.35,0,86,86,46,37,54,63,27,65,62,7,65,7,1,2,39,15,1,Service_Ready
S04009,66,77,6.37,0,58,61,67,86,54,56,59,35,67,1,37,9,1,4,79,34,1,Service_Ready
S04010,95,79,7.47,0,75,98,23,23,22,74,88,51,77,0,86,1,2,0,29,33,1,Service_Ready
S04011,59,83,5.61,0,30,72,75,59,77,95,87,96,46,6,22,2,2,5,80,17,1,Product_Ready
S04012,59,76,7.57,3,63,63,60,74,22,32,96,70,73,5,37,7,0,0,29,25,0,Not_Placed
S04013,96,83,6.45,0,48,26,61,49,93,66,53,81,35,7,93,9,0,3,70,25,0,Not_Placed
S04014,96,74,7.97,0,21,51,73,61,49,28,38,25,91,1,77,0,0,5,48,3,0,Not_Placed
S04015,64,85,8.86,0,76,47,50,32,90,70,84,64,72,0,45,5,3,1,73,28,1,Service_Ready
S04016,79,73,5.73,0,43,77,58,88,20,90,80,67,81,0,23,3,0,4,71,18,0,Not_Placed
S04017,95,75,5.95,1,77,58,90,56,90,34,80,29,39,1,28,5,3,4,26,4,0,Not_Placed
S04018,71,97,9.79,0,32,95,46,66,59,88,51,64,99,1,56,3,0,1,74,10,0,Not_Placed
S04019,95,69,6.73,0,52,84,73,25,94,67,88,93,47,7,45,1,1,3,97,14,1,Product_Ready
S04020,55,89,5.66,0,88,51,29,24,46,58,40,35,48,1,98,5,0,1,33,11,0,Not_Placed
S04021,79,95,5.83,0,43,40,78,58,90,26,47,70,54,1,29,5,3,5,69,3,0,Not_Placed
S04022,96,58,8.92,0,30,33,92,78,37,80,43,46,54,4,87,5,2,3,90,13,0,Not_Placed
S04023,58,56,7.53,1,42,23,72,59,59,70,28,42,32,0,95,9,2,2,41,26,0,Not_Placed
S04024,65,65,8.47,0,49,30,76,84,25,96,54,78,33,2,65,6,1,3,21,6,0,Not_Placed
S04025,69,74,6.59,1,54,45,46,38,56,55,59,82,58,6,31,0,2,5,25,31,0,Not_Placed
S04026,95,71,8.39,1,74,31,31,70,67,58,89,20,35,5,82,7,2,5,99,30,0,Not_Placed
S04027,80,84,8.53,0,96,91,60,30,74,66,97,69,42,4,26,8,0,4,78,29,0,Not_Placed
S04028,60,64,8.99,0,77,34,56,21,66,47,88,92,90,3,38,7,2,5,48,10,1,Service_Ready
S04029,91,60,7.01,2,93,73,64,22,95,55,30,92,25,3,60,7,0,4,81,10,0,Not_Placed
S04030,74,94,6.33,0,23,29,68,38,93,69,67,42,28,1,38,7,1,5,70,12,0,Not_Placed
S04031,57,84,8.0,1,49,99,27,60,45,24,88,43,97,4,88,3,0,0,89,8,0,Not_Placed
S04032,69,60,7.29,2,61,59,46,24,80,80,99,71,94,6,85,6,1,2,20,19,0,Not_Placed
S04033,66,62,5.87,0,52,35,35,67,74,47,92,42,49,4,94,3,0,1,30,21,0,Not_Placed
S04034,72,88,6.06,0,33,32,60,98,76,41,29,88,87,1,35,6,0,2,87,24,0,Not_Placed
S04035,57,74,8.05,0,86,74,51,64,78,50,71,29,25,3,20,9,2,5,93,31,0,Not_Placed
S04036,69,68,8.74,0,20,39,48,53,85,85,21,91,73,0,37,0,1,1,48,20,0,Not_Placed
S04037,91,78,6.64,0,69,60,73,63,79,88,98,42,90,3,58,2,2,0,75,28,1,Service_Ready
S04038,55,60,7.99,0,78,21,66,39,46,38,74,82,62,3,24,6,3,3,80,11,1,Service_Ready
S04039,76,92,8.54,0,80,67,36,71,65,75,48,92,70,6,95,9,0,2,48,9,1,Service_Ready
S04040,79,74,6.93,1,45,55,42,60,94,63,69,28,66,0,60,9,1,0,77,28,0,Not_Placed
S04041,92,56,9.12,1,46,69,78,97,98,46,78,75,91,4,53,0,3,0,89,20,0,Not_Placed
S04042,55,92,5.69,0,77,64,41,67,32,44,29,37,74,2,75,7,0,1,21,11,1,Service_Ready
S04043,74,92,6.71,0,72,63,42,47,51,95,39,25,22,2,42,8,0,3,83,13,0,Not_Placed
S04044,80,91,7.9,0,30,88,43,38,89,75,68,76,30,6,36,1,2,5,81,33,0,Not_Placed
S04045,94,65,5.51,0,47,67,74,35,55,59,39,21,96,1,88,5,1,0,28,3,0,Not_Placed
S04046,63,60,8.93,0,52,80,49,81,32,37,21,22,25,3,96,3,3,3,50,10,0,Not_Placed
S04047,57,85,6.91,0,78,50,94,80,59,22,69,20,27,5,83,8,0,2,21,30,0,Not_Placed
S04048,69,84,7.13,0,21,48,48,99,80,85,63,23,58,3,68,4,1,4,79,9,0,Not_Placed
S04049,90,60,8.73,0,33,95,36,40,96,73,32,67,64,0,74,1,3,3,59,2,0,Not_Placed
S04050,67,76,6.12,0,84,72,80,24,88,79,38,95,76,7,93,1,0,2,81,31,1,Product_Ready
S04051,59,78,5.74,2,46,51,33,60,85,23,30,67,56,4,92,9,2,1,66,28,0,Not_Placed
S04052,66,66,7.68,1,54,32,75,88,62,78,31,48,24,0,83,2,2,1,25,22,0,Not_Placed
S04053,89,69,9.14,3,24,56,25,61,70,35,95,92,86,0,49,7,1,1,58,8,0,Not_Placed
S04054,63,70,9.01,0,63,54,70,27,90,56,24,95,40,3,24,6,0,0,44,20,0,Not_Placed
S04055,56,66,7.52,0,67,50,77,80,63,28,40,73,90,4,32,3,3,4,65,27,1,Service_Ready
S04056,87,94,5.8,0,98,22,78,37,43,80,76,63,66,7,56,4,0,4,49,16,1,Service_Ready
S04057,94,66,6.84,0,66,66,50,96,34,73,88,61,81,0,31,0,0,4,56,10,1,Service_Ready
S04058,59,61,7.93,0,26,24,71,94,56,79,55,20,20,5,79,8,0,4,60,27,0,Not_Placed
S04059,90,83,6.6,0,61,21,66,39,49,49,20,77,86,6,64,7,1,0,67,16,1,Service_Ready
S04060,95,70,6.12,0,61,31,79,83,23,58,38,81,64,4,50,0,2,1,67,21,1,Service_Ready
S04061,74,86,7.21,1,38,32,39,95,68,45,54,60,29,3,43,8,3,4,50,12,0,Not_Placed
S04062,63,76,8.01,0,80,99,93,53,81,98,64,24,70,0,77,2,2,1,66,33,1,Service_Ready
S04063,81,90,6.27,0,88,22,59,79,89,98,89,42,79,5,58,7,3,4,64,23,1,Service_Ready
S04064,56,68,9.0,0,56,21,93,88,51,85,76,80,24,4,37,7,3,3,75,5,0,Not_Placed
S04065,71,96,8.04,0,98,80,44,80,29,99,23,50,51,7,78,1,3,4,94,9,1,Service_Ready
S04066,55,56,9.47,2,61,44,72,28,61,47,56,80,78,7,60,8,1,4,43,2,1,Service_Ready
S04067,70,78,8.23,0,82,84,77,95,65,47,99,78,23,6,60,0,3,5,30,21,1,Product_Ready
S04068,80,61,8.18,0,83,77,23,91,33,42,55,43,40,6,66,4,2,1,23,5,0,Not_Placed
S04069,73,80,6.24,0,81,53,53,21,62,91,68,40,31,3,20,9,2,0,25,34,0,Not_Placed
S04070,97,67,6.01,3,83,53,51,84,71,93,85,23,44,7,82,7,3,4,75,24,0,Not_Placed
S04071,74,57,6.85,1,70,44,99,60,24,83,25,95,65,6,57,4,0,1,22,8,0,Not_Placed
S04072,80,66,6.82,2,84,81,73,72,28,20,34,55,29,6,69,2,3,4,35,16,1,Product_Ready
S04073,95,93,9.92,0,86,75,43,86,59,82,88,78,80,3,95,3,3,0,26,27,1,Service_Ready
S04074,80,74,6.73,0,25,39,61,82,60,91,26,90,48,2,35,1,1,3,96,32,0,Not_Placed
S04075,57,84,6.28,0,96,94,26,46,26,27,61,45,80,3,98,6,2,2,93,3,1,Service_Ready
S04076,84,91,5.58,0,62,68,23,48,91,53,28,77,93,7,75,5,0,3,80,10,1,Service_Ready
S04077,69,96,5.93,1,85,67,89,52,57,20,74,74,29,3,74,7,3,3,70,9,0,Not_Placed
S04078,83,73,5.83,0,24,68,74,65,34,91,58,41,81,4,93,3,2,4,42,33,0,Not_Placed
S04079,78,58,9.32,0,30,44,45,58,75,70,52,39,71,1,64,3,3,4,78,4,0,Not_Placed
S04080,71,61,8.91,0,45,50,50,99,79,20,65,53,73,2,60,2,0,1,57,3,0,Not_Placed
S04081,83,73,8.01,0,69,97,53,23,80,89,28,71,50,5,87,0,3,5,78,14,1,Service_Ready
S04082,69,87,8.43,2,84,73,50,68,41,48,84,67,85,0,40,4,1,0,51,10,1,Service_Ready
S04083,59,94,6.15,0,48,95,27,62,34,53,54,52,40,5,38,1,0,2,52,27,0,Not_Placed
S04084,96,81,7.23,0,50,24,30,91,45,79,65,31,32,1,27,9,0,5,84,10,0,Not_Placed
S04085,58,87,7.55,0,90,74,76,76,58,47,45,92,89,5,92,0,3,1,30,34,1,Product_Ready
S04086,58,88,9.35,0,59,78,67,60,41,83,95,68,74,3,34,3,3,3,22,8,1,Service_Ready
S04087,69,74,5.86,0,99,45,41,34,77,79,95,58,22,3,72,7,2,1,87,24,0,Not_Placed
S04088,77,62,7.98,0,94,20,73,62,81,34,26,47,25,3,61,3,1,5,95,4,0,Not_Placed
S04089,82,66,5.71,1,74,67,25,83,54,30,42,76,89,7,56,3,1,3,35,4,1,Service_Ready
S04090,96,78,6.78,0,93,44,67,69,38,93,94,60,24,5,22,5,2,4,67,25,0,Not_Placed
S04091,80,80,6.18,1,68,93,63,48,45,80,59,38,33,2,38,8,2,0,22,24,0,Not_Placed
S04092,66,86,8.0,0,84,29,46,95,87,40,39,36,65,1,97,9,0,3,83,16,1,Service_Ready
S04093,93,81,9.28,2,31,43,72,52,88,92,97,65,26,1,62,6,2,3,80,33,0,Not_Placed
S04094,75,69,8.25,0,79,95,43,74,48,73,70,41,39,4,70,8,0,5,69,17,0,Not_Placed
S04095,56,77,8.58,0,74,80,71,41,22,95,84,77,62,1,80,6,0,4,52,33,1,Service_Ready
S04096,79,90,6.38,1,34,25,61,54,25,97,37,62,39,6,72,7,3,0,33,33,0,Not_Placed
S04097,57,64,8.94,0,69,68,51,84,45,88,45,84,31,3,55,7,1,0,27,13,0,Not_Placed
S04098,81,66,9.69,0,54,35,55,75,49,51,98,40,75,7,73,8,3,1,20,11,1,Service_Ready
S04099,72,90,8.25,3,32,51,89,52,84,22,24,31,52,0,46,0,0,4,94,12,0,Not_Placed
S04100,90,95,6.87,0,70,23,63,37,37,25,78,82,62,1,88,4,0,2,80,16,1,Service_Ready
S04101,79,71,7.38,2,58,74,28,82,46,54,99,79,49,1,58,3,0,1,84,13,0,Not_Placed
S04102,71,79,6.93,0,47,29,30,93,79,49,68,90,88,3,47,3,3,2,31,6,0,Not_Placed
S04103,84,87,5.84,1,85,79,60,88,56,97,27,76,86,3,33,7,1,3,28,20,1,Service_Ready
S04104,61,71,5.67,0,95,90,97,77,94,94,26,81,86,6,86,4,0,0,76,8,1,Product_Ready
S04105,65,74,6.47,1,50,36,60,95,47,68,74,27,51,2,88,5,0,2,25,7,0,Not_Placed
S04106,70,83,6.24,1,71,88,48,22,70,87,63,44,41,1,94,7,2,3,72,23,0,Not_Placed
S04107,57,81,5.83,0,94,76,58,70,99,40,76,70,36,6,33,6,1,1,45,23,0,Not_Placed
S04108,96,82,5.77,0,75,40,61,39,98,63,50,28,69,0,51,9,3,3,88,14,1,Service_Ready
S04109,81,56,7.13,0,88,85,60,67,67,52,88,70,83,1,42,3,2,1,94,11,1,Service_Ready
S04110,64,90,6.06,0,20,35,38,95,24,74,81,24,26,6,97,0,1,1,25,31,0,Not_Placed
S04111,66,89,9.46,0,20,71,72,33,40,50,60,76,26,4,34,9,0,4,79,25,1,Product_Ready
S04112,69,75,9.77,0,76,83,44,91,53,73,53,47,20,2,56,1,0,2,79,3,0,Not_Placed
S04113,82,82,9.77,0,91,37,39,87,27,75,80,58,37,0,78,1,1,2,61,34,0,Not_Placed
S04114,75,61,9.26,0,62,21,59,69,82,68,83,69,29,3,42,4,3,1,44,34,0,Not_Placed
S04115,71,78,6.24,3,84,47,32,76,79,29,84,26,79,6,45,4,2,5,73,28,0,Not_Placed
S04116,88,66,5.93,3,29,36,93,80,30,36,94,34,23,0,72,8,3,0,22,5,0,Not_Placed
S04117,73,95,8.64,0,23,72,70,97,24,69,69,78,40,6,42,0,2,0,69,28,1,Product_Ready
S04118,70,60,6.6,0,48,78,65,97,31,48,97,91,68,7,59,0,2,3,99,14,0,Not_Placed
S04119,73,57,6.67,0,31,50,54,85,46,22,67,40,71,6,70,0,0,5,52,18,0,Not_Placed
S04120,60,75,9.39,1,77,95,31,37,81,25,96,67,30,0,40,6,3,0,28,32,0,Not_Placed
S04121,82,92,5.51,0,93,82,36,72,55,55,32,39,70,5,35,5,2,1,50,19,1,Service_Ready
S04122,86,95,6.69,0,99,59,64,93,20,46,41,47,67,2,22,5,1,3,24,11,1,Service_Ready
S04123,61,84,5.87,0,76,48,82,55,59,40,72,35,65,3,28,2,2,4,57,31,1,Service_Ready
S04124,93,80,7.64,1,74,28,70,76,99,64,57,87,31,1,29,0,3,3,70,23,0,Not_Placed
S04125,83,73,7.26,0,43,45,55,75,99,77,51,21,92,1,68,0,1,4,74,13,0,Not_Placed
S04126,67,89,5.91,0,29,69,54,35,55,80,94,36,20,3,22,2,0,2,38,21,0,Not_Placed
S04127,65,78,7.42,0,63,29,94,27,36,89,26,82,56,3,83,6,3,0,33,10,1,Service_Ready
S04128,65,55,9.16,0,77,43,91,90,65,37,86,82,43,3,50,9,2,5,62,9,0,Not_Placed
S04129,86,62,7.21,0,82,84,82,24,86,71,23,96,70,1,62,6,1,0,50,17,1,Service_Ready
S04130,78,84,8.13,0,96,26,28,40,49,41,66,81,50,3,29,8,2,2,93,28,1,Service_Ready
S04131,57,89,9.41,0,32,63,36,94,36,71,68,90,38,3,53,9,2,4,67,9,0,Not_Placed
S04132,58,82,7.88,0,77,80,59,36,34,30,89,67,32,6,45,7,1,0,33,7,0,Not_Placed
S04133,70,89,9.86,0,31,20,48,68,35,28,78,58,57,2,25,9,0,1,78,4,0,Not_Placed
S04134,73,89,9.17,0,42,82,77,69,27,70,61,82,50,0,78,1,2,1,70,6,0,Not_Placed
S04135,65,78,9.12,0,71,82,95,22,43,98,61,40,44,3,67,4,1,1,89,30,1,Product_Ready
S04136,83,83,9.98,0,51,32,72,94,73,48,70,95,68,6,60,5,1,2,31,5,1,Service_Ready
S04137,64,72,8.87,0,34,77,42,42,45,53,60,96,76,0,73,0,3,4,73,28,0,Not_Placed
S04138,62,90,8.48,0,96,74,83,24,78,46,38,84,87,1,45,0,3,4,57,8,1,Service_Ready
S04139,83,59,5.69,3,67,65,83,83,48,37,49,93,38,7,28,4,0,0,97,30,0,Not_Placed
S04140,97,61,5.71,1,85,85,81,35,31,59,29,83,74,6,23,9,0,4,68,5,1,Product_Ready
S04141,55,55,9.0,0,78,98,37,40,75,71,27,44,51,7,89,1,3,3,48,6,1,Service_Ready
S04142,89,73,6.2,0,65,91,50,94,87,59,88,61,63,4,36,3,2,3,95,18,1,Service_Ready
S04143,81,77,5.85,0,75,64,48,33,27,65,46,89,26,6,45,9,1,0,25,4,0,Not_Placed
S04144,73,73,9.39,0,54,24,25,42,78,70,81,51,20,0,47,1,2,4,48,20,0,Not_Placed
S04145,73,74,8.09,1,80,72,91,78,26,95,87,53,26,5,86,0,3,1,71,18,1,Product_Ready
S04146,72,57,8.82,0,44,91,71,99,24,78,44,99,33,4,71,8,2,1,56,7,1,Product_Ready
S04147,60,79,6.66,0,78,80,74,99,39,22,84,56,54,7,35,3,2,3,36,18,1,Product_Ready
S04148,78,91,8.71,1,34,56,77,65,72,75,32,54,55,4,93,8,0,1,43,28,0,Not_Placed
S04149,63,63,7.2,3,47,28,58,49,76,42,49,83,35,7,55,4,3,3,39,15,0,Not_Placed
S04150,83,91,8.53,0,48,62,93,55,36,73,36,51,35,2,78,6,3,1,89,11,0,Not_Placed
S04151,88,84,5.91,0,52,24,75,47,26,78,38,81,62,1,72,7,1,5,36,20,1,Service_Ready
S04152,81,91,7.45,0,48,70,34,35,30,52,39,48,35,5,36,8,1,4,96,19,0,Not_Placed
S04153,61,65,6.19,0,72,29,20,20,66,46,44,29,55,5,27,0,1,4,72,28,1,Service_Ready
S04154,96,58,5.61,0,94,84,96,53,33,72,95,94,20,5,27,1,0,2,41,7,1,Product_Ready
S04155,78,81,7.24,0,54,55,80,20,67,86,96,58,99,2,45,4,2,2,75,29,1,Service_Ready
S04156,97,84,8.45,0,80,20,83,33,60,92,87,72,50,1,78,1,3,4,69,3,1,Service_Ready
S04157,68,69,6.37,0,27,77,75,33,61,32,38,53,65,7,74,4,3,1,76,25,1,Product_Ready
S04158,62,87,9.25,0,36,65,52,88,34,61,34,84,82,7,62,1,1,1,85,18,0,Not_Placed
S04159,59,74,5.59,0,78,69,93,58,49,56,66,64,76,3,25,1,0,3,47,14,1,Service_Ready
S04160,86,73,5.68,0,42,46,20,41,27,88,43,52,31,3,83,8,1,4,96,11,0,Not_Placed
S04161,96,68,6.6,0,46,41,41,83,43,49,59,42,29,0,91,4,1,2,46,32,0,Not_Placed
S04162,79,56,5.91,0,86,77,60,83,65,79,34,46,77,7,54,6,3,3,35,7,1,Service_Ready
S04163,93,83,8.36,0,38,90,44,43,58,66,80,48,39,4,55,1,3,2,39,7,0,Not_Placed
S04164,80,77,9.1,2,29,53,77,27,71,47,28,53,78,5,36,0,3,4,56,14,0,Not_Placed
S04165,83,94,8.03,0,27,51,30,88,69,56,64,88,85,1,49,5,0,2,70,16,0,Not_Placed
S04166,87,84,7.93,0,80,35,94,56,72,97,42,78,47,1,88,7,2,1,87,24,0,Not_Placed
S04167,63,65,6.79,0,74,45,66,45,76,93,98,67,45,0,47,4,2,0,53,25,0,Not_Placed
S04168,95,78,5.79,0,23,33,82,40,83,45,88,98,43,1,51,8,2,0,34,4,0,Not_Placed
S04169,94,89,8.26,1,90,45,54,47,35,67,88,95,41,3,77,6,2,3,25,9,0,Not_Placed
S04170,60,84,6.7,0,29,67,85,43,47,53,76,86,45,6,41,3,1,4,22,29,0,Not_Placed
S04171,80,94,7.97,1,42,90,77,31,71,30,28,24,89,6,37,0,3,5,28,8,1,Product_Ready
S04172,63,65,9.95,3,41,73,72,81,69,45,86,73,60,6,27,7,3,4,94,15,0,Not_Placed
S04173,59,67,8.99,0,79,81,67,51,65,90,88,75,52,7,42,1,0,3,84,3,1,Service_Ready
S04174,83,63,9.55,0,50,67,65,64,51,70,66,80,69,2,34,4,0,2,44,21,1,Service_Ready
S04175,76,74,6.34,0,40,69,88,34,82,62,46,80,73,2,58,8,3,4,54,18,0,Not_Placed
S04176,63,97,6.22,1,81,87,35,35,51,57,58,81,82,0,35,5,1,4,34,19,1,Service_Ready
S04177,58,91,7.46,0,67,38,58,84,72,37,58,79,96,2,92,0,1,0,38,12,1,Service_Ready
S04178,78,75,6.66,0,23,85,36,20,96,93,28,29,68,7,67,1,1,5,22,27,0,Not_Placed
S04179,87,78,9.69,0,62,23,62,80,68,83,39,64,36,1,41,1,1,0,21,18,0,Not_Placed
S04180,63,74,7.34,1,44,83,50,49,29,57,47,43,48,0,36,4,1,1,50,21,0,Not_Placed
S04181,56,95,7.24,0,60,95,89,36,97,29,86,61,98,7,57,3,0,2,46,9,1,Product_Ready
S04182,77,95,8.72,2,67,43,92,94,97,61,28,83,88,1,30,8,0,4,91,5,1,Service_Ready
S04183,79,61,6.45,1,42,59,77,55,93,51,42,59,67,7,58,7,0,4,53,27,0,Not_Placed
S04184,69,60,8.66,0,20,73,21,55,87,47,39,56,78,3,31,8,1,1,48,30,0,Not_Placed
S04185,81,85,7.03,0,39,50,50,77,26,31,80,62,68,2,59,5,3,5,34,27,0,Not_Placed
S04186,74,66,7.43,2,45,49,49,96,81,62,41,36,42,0,89,5,0,1,76,22,0,Not_Placed
S04187,89,60,6.81,0,77,63,93,36,37,72,38,80,76,6,63,2,0,4,37,13,1,Service_Ready
S04188,86,80,9.15,1,70,60,97,84,80,94,54,41,88,7,73,1,0,3,48,19,1,Service_Ready
S04189,66,75,9.01,1,98,66,23,47,67,76,35,31,74,3,34,2,1,1,94,31,1,Service_Ready
S04190,82,77,5.71,0,64,58,98,43,64,55,23,84,75,2,44,9,1,3,71,7,1,Service_Ready
S04191,60,76,6.83,0,31,50,53,51,42,88,59,85,50,3,61,3,1,2,79,32,0,Not_Placed
S04192,87,80,5.55,0,46,24,94,70,35,59,87,95,97,0,63,8,3,4,61,21,0,Not_Placed
S04193,97,82,9.4,1,23,73,48,91,85,43,60,82,75,5,33,4,1,3,62,2,0,Not_Placed
S04194,87,65,5.93,0,40,92,39,36,82,98,24,65,71,0,99,3,0,0,68,25,0,Not_Placed
S04195,79,81,6.51,0,62,89,28,84,49,34,51,23,79,6,53,7,0,5,70,29,1,Service_Ready
S04196,93,79,9.08,0,46,41,81,91,58,92,41,92,50,1,87,7,0,0,73,7,0,Not_Placed
S04197,87,72,8.8,0,29,55,81,70,50,29,54,48,68,6,87,1,0,1,56,32,0,Not_Placed
S04198,80,85,5.55,1,29,91,47,88,26,21,76,29,33,7,93,5,3,4,22,9,0,Not_Placed
S04199,63,65,9.76,0,24,98,58,35,83,95,66,78,39,4,72,4,2,5,68,17,0,Not_Placed
S04200,70,77,5.78,0,43,80,27,88,48,29,75,92,41,1,39,2,2,4,29,20,0,Not_Placed
S04201,95,84,6.07,0,24,62,86,43,50,78,86,82,20,2,88,6,2,0,96,32,0,Not_Placed
S04202,67,55,6.07,2,58,61,58,61,92,89,92,61,48,3,44,8,1,2,28,28,0,Not_Placed
S04203,93,82,8.28,0,21,93,38,83,39,77,79,78,70,2,29,1,3,4,73,17,0,Not_Placed
S04204,80,85,7.25,0,61,68,38,99,76,27,81,99,95,0,26,7,3,4,80,24,1,Service_Ready
S04205,95,62,5.97,0,20,68,63,88,33,26,79,43,23,6,46,6,1,0,84,32,0,Not_Placed
S04206,93,77,8.25,0,67,45,53,51,59,24,29,92,65,7,80,4,1,1,45,24,1,Service_Ready
S04207,63,59,6.6,0,75,74,62,94,75,55,37,50,27,3,38,5,1,2,86,34,0,Not_Placed
S04208,64,57,7.02,0,69,47,33,71,49,49,46,85,96,6,61,3,2,1,37,18,1,Service_Ready
S04209,92,77,6.8,0,58,49,24,47,26,61,61,76,83,3,82,1,0,1,64,21,1,Service_Ready
S04210,56,84,8.65,0,53,54,88,76,34,58,98,47,31,2,29,3,2,2,39,29,0,Not_Placed
S04211,66,72,6.72,0,95,27,89,63,84,69,38,68,86,3,65,5,1,4,89,18,1,Service_Ready
S04212,84,69,8.13,0,92,53,80,54,85,32,79,28,40,0,84,3,0,4,31,22,0,Not_Placed
S04213,93,77,9.11,0,76,98,56,60,96,26,52,22,58,7,55,4,3,3,42,3,1,Service_Ready
S04214,86,60,5.94,0,99,86,45,44,98,83,72,69,48,4,38,7,2,1,33,16,0,Not_Placed
S04215,55,66,6.22,0,73,46,20,29,32,48,24,94,72,2,58,8,3,3,65,26,1,Service_Ready
S04216,93,78,7.88,0,94,44,23,47,99,21,45,91,62,1,57,4,1,0,49,13,1,Service_Ready
S04217,85,91,9.53,0,90,90,54,45,75,62,38,41,76,0,53,1,3,4,70,21,1,Service_Ready
S04218,82,82,6.15,0,34,29,82,39,81,71,49,22,20,5,29,0,0,0,54,32,0,Not_Placed
S04219,61,74,6.24,0,31,93,57,58,40,42,63,63,40,0,80,6,2,0,50,6,0,Not_Placed
S04220,71,55,9.79,0,85,53,48,24,49,64,37,97,56,2,23,5,0,5,22,25,1,Service_Ready
S04221,88,62,6.35,2,92,37,95,25,58,20,34,33,96,7,65,4,0,1,25,21,0,Not_Placed
S04222,58,94,8.66,0,93,88,21,63,72,25,62,38,37,5,90,0,0,4,87,4,0,Not_Placed
S04223,79,84,9.81,0,69,35,95,91,49,79,80,25,58,4,22,9,1,2,22,16,1,Service_Ready
S04224,55,67,9.72,0,58,86,49,60,30,89,95,99,41,5,31,3,1,0,51,4,0,Not_Placed
S04225,79,73,6.07,1,68,62,38,99,45,34,72,39,24,7,67,7,1,5,31,5,0,Not_Placed
S04226,97,67,6.96,1,32,21,25,42,93,55,29,46,26,1,40,5,1,1,20,26,0,Not_Placed
S04227,75,84,5.56,0,58,61,44,48,51,30,47,88,44,3,60,2,2,0,61,28,0,Not_Placed
S04228,75,81,9.18,1,86,49,42,70,24,69,63,34,21,7,73,9,3,2,60,22,0,Not_Placed
S04229,84,83,8.38,0,45,39,55,83,62,59,37,41,96,6,35,8,2,4,46,34,0,Not_Placed
S04230,94,92,7.34,0,71,71,85,81,82,70,83,75,30,2,30,0,1,0,52,14,1,Product_Ready
S04231,81,55,7.8,0,63,59,64,21,60,71,36,69,60,4,71,9,0,1,74,31,1,Service_Ready
S04232,95,56,9.33,0,32,67,59,79,56,40,37,96,74,0,99,9,2,4,79,17,0,Not_Placed
S04233,76,66,5.54,0,74,47,57,74,33,50,82,65,95,6,94,3,0,2,39,9,1,Service_Ready
S04234,78,72,9.02,0,88,67,64,96,40,92,85,72,84,7,53,9,0,0,54,27,1,Service_Ready
S04235,58,85,5.95,1,86,38,62,58,46,41,68,77,78,6,59,9,2,1,75,18,1,Service_Ready
S04236,67,92,6.7,0,43,56,81,24,63,69,20,83,96,3,91,0,2,1,20,15,0,Not_Placed
S04237,96,91,6.17,0,84,71,50,90,55,43,57,87,21,2,85,8,2,5,60,32,0,Not_Placed
S04238,95,88,9.16,0,27,22,51,87,29,37,72,95,30,7,25,5,2,3,45,9,0,Not_Placed
S04239,64,76,6.21,0,41,25,55,30,53,22,69,55,74,5,81,2,0,2,69,32,0,Not_Placed
S04240,86,73,7.42,0,38,55,30,98,82,62,93,52,68,2,69,7,0,1,38,4,0,Not_Placed
S04241,67,56,8.76,1,52,51,44,79,22,70,26,80,44,6,95,7,1,2,44,31,0,Not_Placed
S04242,86,90,9.58,1,27,88,21,38,86,95,89,27,78,4,96,5,0,5,23,21,0,Not_Placed
S04243,83,86,9.98,0,22,71,30,28,76,81,75,70,21,4,97,4,2,1,62,3,0,Not_Placed
S04244,87,81,7.91,0,21,47,60,71,33,80,97,69,32,3,38,7,3,5,31,10,0,Not_Placed
S04245,67,78,8.2,0,54,37,98,41,44,43,25,55,29,3,88,3,0,1,60,13,0,Not_Placed
S04246,87,59,5.79,0,36,54,99,59,38,79,66,21,89,1,79,8,2,5,78,33,0,Not_Placed
S04247,62,65,8.72,3,94,99,44,44,94,81,84,20,66,0,46,5,2,0,31,3,1,Service_Ready
S04248,62,87,7.35,0,53,49,39,55,26,88,28,64,37,6,20,3,0,5,91,21,0,Not_Placed
S04249,85,61,9.0,0,63,34,54,46,40,59,63,63,24,0,68,4,3,4,27,3,0,Not_Placed
S04250,91,68,9.69,0,79,80,65,40,37,80,88,53,73,1,48,8,3,5,77,19,1,Service_Ready
S04251,84,87,8.29,0,53,68,31,41,43,75,44,85,20,1,53,4,0,0,97,22,0,Not_Placed
S04252,60,65,8.05,0,83,43,60,86,57,57,47,29,43,5,71,6,2,1,69,23,0,Not_Placed
S04253,81,92,7.15,0,68,36,95,72,25,85,24,21,81,2,24,0,2,2,93,13,1,Service_Ready
S04254,72,67,7.02,0,81,23,81,65,90,40,79,64,98,1,41,0,1,0,46,11,1,Service_Ready
S04255,68,88,8.78,0,99,58,24,77,36,42,65,26,81,6,34,3,2,5,73,8,1,Service_Ready
S04256,85,57,9.47,1,65,41,71,56,79,86,67,49,62,1,90,1,3,2,65,5,1,Service_Ready
S04257,77,62,7.74,0,24,93,99,78,77,42,80,36,47,1,71,9,0,2,98,2,0,Not_Placed
S04258,87,63,6.98,0,65,89,25,42,20,92,80,41,84,2,76,3,0,1,24,23,1,Service_Ready
S04259,68,63,8.92,1,89,36,20,37,94,30,31,53,99,5,93,9,0,5,27,27,1,Service_Ready
S04260,96,96,8.57,0,57,48,48,47,95,25,21,72,50,4,75,5,0,3,74,34,1,Service_Ready
S04261,79,96,7.78,0,98,49,24,88,52,25,67,23,32,2,45,0,3,1,84,26,0,Not_Placed
S04262,79,55,6.6,0,44,86,54,42,32,42,82,34,98,3,45,6,2,0,80,29,0,Not_Placed
S04263,88,70,8.13,0,44,96,38,53,85,91,24,94,85,5,73,7,3,5,99,25,0,Not_Placed
S04264,95,71,9.96,1,49,66,61,41,50,70,56,32,50,3,33,4,3,3,57,12,0,Not_Placed
S04265,72,93,7.76,0,65,68,46,42,54,32,45,97,54,0,25,7,3,4,98,9,1,Service_Ready
S04266,70,83,8.78,0,54,67,93,84,88,86,33,65,46,5,48,0,1,2,45,22,0,Not_Placed
S04267,78,74,7.81,1,37,56,82,38,42,74,43,45,73,2,52,7,0,1,28,12,0,Not_Placed
S04268,75,71,7.82,0,29,96,77,89,83,99,89,79,44,6,30,4,2,1,60,12,1,Product_Ready
S04269,92,78,6.47,0,26,92,83,91,65,97,70,90,25,5,35,6,0,0,80,18,1,Product_Ready
S04270,61,89,9.38,0,63,99,25,99,75,27,39,92,49,5,96,9,1,4,80,25,0,Not_Placed
S04271,67,70,8.44,0,93,44,33,26,40,68,23,31,41,7,53,9,3,2,50,15,0,Not_Placed
S04272,77,71,6.86,0,29,49,26,21,41,24,86,92,88,7,39,5,3,3,76,22,0,Not_Placed
S04273,71,69,8.86,0,86,89,88,32,69,29,75,63,47,4,56,3,3,3,96,2,1,Product_Ready
S04274,97,63,6.97,0,86,51,89,77,71,89,47,84,59,7,39,7,2,2,29,13,1,Service_Ready
S04275,91,89,7.97,0,86,71,54,81,31,48,49,41,72,2,41,0,0,5,30,17,1,Service_Ready
S04276,90,76,7.41,1,57,74,60,57,53,30,98,33,40,3,79,1,0,3,75,7,0,Not_Placed
S04277,70,64,7.01,2,95,82,44,93,51,75,45,87,92,2,92,9,2,4,51,31,1,Service_Ready
S04278,93,63,7.55,0,30,76,69,92,72,99,85,62,58,1,95,1,0,5,28,31,0,Not_Placed
S04279,66,64,9.77,0,54,96,75,96,75,67,42,84,27,4,32,0,2,0,29,4,1,Product_Ready
S04280,82,81,5.86,2,26,61,29,80,83,47,45,71,93,3,41,9,3,1,86,25,0,Not_Placed
S04281,91,84,5.63,0,67,36,86,98,28,59,78,88,60,7,87,4,2,2,25,30,1,Service_Ready
S04282,71,82,6.08,0,68,31,64,64,24,84,54,54,50,5,55,7,2,4,31,19,1,Service_Ready
S04283,82,67,8.83,1,41,75,81,76,34,73,35,43,99,2,99,9,0,5,74,2,1,Product_Ready
S04284,87,61,6.86,0,47,51,27,63,47,86,26,25,64,5,64,7,2,5,78,26,0,Not_Placed
S04285,91,72,9.84,0,47,60,34,58,97,85,96,47,50,3,32,2,2,4,83,31,0,Not_Placed
S04286,66,75,5.98,0,99,92,36,75,26,55,59,20,61,3,58,8,0,1,94,23,1,Service_Ready
S04287,85,55,7.03,2,83,97,39,23,58,66,41,61,96,6,54,8,2,2,70,13,1,Service_Ready
S04288,68,94,9.0,0,50,43,30,49,38,55,25,21,38,5,59,1,0,3,65,21,0,Not_Placed
S04289,91,55,7.78,0,88,25,82,20,82,98,99,73,88,2,24,5,1,1,55,24,1,Service_Ready
S04290,70,91,7.22,1,35,88,30,70,94,99,69,86,86,0,31,6,2,4,65,33,0,Not_Placed
S04291,76,66,8.57,0,79,81,46,68,34,52,65,90,32,4,58,1,1,2,79,10,0,Not_Placed
S04292,96,58,9.74,2,31,96,69,32,71,99,40,74,29,5,48,7,2,0,22,2,0,Not_Placed
S04293,86,93,7.21,2,37,26,24,48,87,65,75,22,32,2,91,1,2,3,61,13,0,Not_Placed
S04294,78,92,6.54,0,59,53,26,94,57,38,64,39,21,4,56,9,1,5,28,11,0,Not_Placed
S04295,76,85,5.8,0,95,35,32,57,32,34,37,35,60,1,88,1,0,1,46,2,1,Service_Ready
S04296,68,89,6.65,0,69,44,73,68,22,44,87,76,34,2,30,2,0,3,37,10,0,Not_Placed
S04297,69,94,7.04,2,80,32,66,93,24,24,31,54,45,0,29,5,3,3,66,24,0,Not_Placed
S04298,75,56,7.97,0,49,44,81,20,82,78,73,88,74,5,61,4,1,0,28,8,0,Not_Placed
S04299,80,70,6.42,0,56,80,76,64,95,36,21,56,73,1,48,0,3,5,59,12,1,Service_Ready
S04300,86,74,5.82,0,69,28,60,29,72,68,45,86,55,6,58,6,2,2,44,21,1,Service_Ready
S04301,92,87,5.88,0,52,57,43,92,68,49,77,78,35,4,35,0,2,5,57,24,0,Not_Placed
S04302,80,71,8.97,0,61,46,21,27,98,60,32,41,66,6,84,4,0,5,49,7,1,Service_Ready
S04303,60,77,7.48,1,39,39,58,49,67,79,42,79,69,3,32,3,1,1,57,5,0,Not_Placed
S04304,73,95,7.44,0,38,99,54,24,24,25,60,60,73,3,67,4,0,0,54,7,0,Not_Placed
S04305,64,90,6.25,0,99,84,79,54,76,48,57,96,31,6,99,9,1,5,55,25,1,Product_Ready
S04306,81,79,8.06,0,22,32,87,30,67,98,79,21,98,5,32,2,2,3,75,14,0,Not_Placed
S04307,66,70,7.97,0,39,59,80,96,53,38,64,48,38,2,75,1,3,0,97,9,0,Not_Placed
S04308,81,87,6.27,1,75,84,50,79,53,36,92,48,91,2,25,7,1,5,22,32,1,Service_Ready
S04309,85,66,8.75,0,45,34,96,75,81,32,65,73,28,7,22,6,3,0,63,12,0,Not_Placed
S04310,73,63,6.88,0,96,39,63,94,32,82,33,92,73,1,57,2,1,4,91,19,1,Service_Ready
S04311,88,90,9.23,0,34,43,83,67,62,58,44,99,99,0,24,6,2,1,25,13,0,Not_Placed
S04312,87,88,7.34,1,97,61,65,22,76,72,81,32,70,4,38,4,0,1,89,28,1,Service_Ready
S04313,66,79,8.49,0,35,86,53,65,83,68,40,72,81,0,73,1,2,4,31,17,0,Not_Placed
S04314,92,68,7.7,0,89,90,95,36,40,89,66,56,73,6,30,8,3,2,32,33,1,Product_Ready
S04315,60,55,7.21,3,60,69,26,40,72,39,84,51,93,6,25,8,0,1,44,25,0,Not_Placed
S04316,85,83,8.55,0,69,28,86,23,73,25,85,56,64,0,33,3,2,1,26,13,1,Service_Ready
S04317,70,71,6.84,0,20,21,52,32,84,70,52,22,79,2,63,9,3,4,66,7,0,Not_Placed
S04318,90,91,7.96,0,49,29,47,25,92,43,71,87,64,5,46,3,0,2,94,20,0,Not_Placed
S04319,87,68,6.55,0,64,75,91,65,38,53,82,89,73,6,69,0,0,5,98,10,1,Product_Ready
S04320,83,56,6.5,0,87,38,24,92,76,82,71,78,79,2,99,0,3,3,52,13,1,Service_Ready
S04321,75,77,6.88,0,89,64,95,54,91,46,99,66,51,4,90,4,0,0,62,5,1,Service_Ready
S04322,81,77,6.5,1,67,99,26,50,38,71,87,25,79,2,31,5,0,3,47,6,1,Service_Ready
S04323,71,81,9.14,0,91,31,96,71,56,44,58,86,38,6,96,7,2,4,27,9,0,Not_Placed
S04324,56,84,5.63,0,57,86,76,52,98,91,83,42,31,6,27,8,3,5,52,34,1,Product_Ready
S04325,65,77,9.11,0,44,34,29,39,35,76,65,20,44,7,65,2,3,0,34,19,0,Not_Placed
S04326,55,87,7.9,0,21,58,73,29,61,64,45,46,58,0,48,1,1,2,79,27,0,Not_Placed
S04327,75,75,6.98,0,95,37,34,22,78,74,51,30,72,4,86,1,3,3,28,8,1,Service_Ready
S04328,55,89,8.63,0,91,38,45,65,75,29,62,49,59,3,74,9,2,1,66,14,1,Service_Ready
S04329,91,84,9.41,0,22,48,64,92,21,34,37,48,59,2,77,6,1,2,57,30,0,Not_Placed
S04330,85,55,5.93,0,88,22,48,32,79,86,89,66,87,0,52,5,1,0,97,8,1,Service_Ready
S04331,60,57,6.75,0,43,96,96,84,72,60,51,88,90,1,64,0,1,5,32,30,0,Not_Placed
S04332,94,55,8.97,0,49,53,65,20,53,78,26,84,61,1,38,6,1,2,55,9,0,Not_Placed
S04333,77,62,7.48,0,30,60,25,64,76,52,80,37,26,4,88,4,1,4,48,17,0,Not_Placed
S04334,58,55,6.31,0,22,83,85,76,94,37,58,26,74,7,36,3,3,3,20,13,1,Product_Ready
S04335,71,70,6.41,0,54,38,99,23,40,63,81,20,70,3,95,0,0,3,55,30,0,Not_Placed
S04336,59,92,5.78,0,88,40,42,66,53,60,66,50,54,6,64,8,3,5,41,7,1,Service_Ready
S04337,75,93,8.39,0,29,63,70,37,87,57,55,79,87,4,93,9,2,4,93,12,0,Not_Placed
S04338,93,63,9.7,1,76,56,66,30,47,25,52,33,66,4,34,7,0,5,50,20,1,Service_Ready
S04339,72,60,7.22,0,36,35,87,52,55,30,79,23,82,2,24,4,0,3,54,27,0,Not_Placed
S04340,80,73,9.08,1,50,37,94,63,35,77,21,78,67,7,55,7,3,2,44,32,1,Service_Ready
S04341,58,93,7.25,0,57,57,83,36,32,98,43,26,83,4,82,5,3,5,72,11,1,Service_Ready
S04342,87,66,7.32,0,58,66,83,63,35,78,53,65,99,5,89,6,3,4,93,25,1,Service_Ready
S04343,81,63,9.3,1,82,66,38,75,30,27,93,25,50,2,69,7,1,4,40,6,1,Service_Ready
S04344,59,78,8.67,1,75,96,74,63,51,48,22,88,30,5,67,8,0,4,45,10,1,Product_Ready
S04345,65,55,9.55,0,42,50,85,80,35,78,67,36,54,6,78,7,0,4,49,19,0,Not_Placed
S04346,81,70,9.48,0,40,60,64,92,83,32,62,77,39,1,82,0,2,0,76,18,0,Not_Placed
S04347,56,85,6.67,0,35,56,26,20,37,61,58,45,94,0,76,5,0,5,96,18,0,Not_Placed
S04348,61,92,7.77,0,67,74,73,91,34,49,74,92,40,3,79,7,2,3,92,27,1,Product_Ready
S04349,74,92,6.64,2,42,60,88,74,92,64,80,52,71,6,38,7,1,5,91,25,0,Not_Placed
S04350,73,95,7.71,0,88,35,58,93,70,24,81,60,86,2,38,4,1,5,31,25,1,Service_Ready
S04351,55,72,5.8,0,76,63,89,47,42,53,44,30,67,0,29,8,1,1,37,10,1,Service_Ready
S04352,80,96,7.56,0,59,21,23,39,58,64,45,79,88,3,89,4,1,4,26,6,1,Service_Ready
S04353,58,81,6.89,0,68,36,36,59,70,96,47,65,97,6,93,5,0,0,46,12,1,Service_Ready
S04354,73,81,8.91,0,79,71,41,97,96,90,57,84,70,0,42,2,1,0,52,34,1,Service_Ready
S04355,77,82,7.82,0,30,31,40,37,33,52,40,45,44,2,82,1,0,4,39,3,0,Not_Placed
S04356,95,66,7.95,0,78,39,56,59,80,75,33,55,95,1,53,5,1,4,41,20,1,Service_Ready
S04357,91,77,8.13,0,30,87,80,95,75,70,82,49,29,2,42,0,3,3,47,4,1,Product_Ready
S04358,56,95,7.68,1,56,63,42,59,63,50,95,32,39,6,29,0,3,4,73,23,0,Not_Placed
S04359,55,62,9.13,1,53,35,81,84,97,71,42,57,59,1,27,7,1,4,46,8,1,Service_Ready
S04360,57,75,9.8,0,45,48,91,57,70,62,91,27,44,1,74,5,2,0,68,25,0,Not_Placed
S04361,87,89,9.55,1,35,52,83,30,48,68,85,24,72,3,26,5,0,2,73,10,0,Not_Placed
S04362,77,71,8.37,1,66,78,64,81,73,94,32,31,21,1,73,0,1,5,68,26,0,Not_Placed
S04363,97,57,8.98,1,37,67,94,90,56,69,55,46,41,6,59,5,3,5,72,34,0,Not_Placed
S04364,61,60,5.54,0,65,61,94,75,59,34,49,42,31,6,49,6,3,5,87,34,0,Not_Placed
S04365,87,82,7.71,0,33,76,34,85,35,56,30,30,52,1,52,2,3,0,45,15,0,Not_Placed
S04366,83,56,5.57,1,90,94,68,66,40,40,90,80,33,3,24,7,3,3,85,27,0,Not_Placed
S04367,58,84,5.92,0,54,98,70,33,74,55,72,73,82,5,77,1,0,3,97,28,1,Product_Ready
S04368,75,77,5.72,1,78,95,83,60,52,28,98,93,68,1,22,6,1,2,37,10,1,Service_Ready
S04369,85,84,8.69,0,36,68,67,46,33,74,32,22,83,7,91,2,2,3,92,19,0,Not_Placed
S04370,85,92,9.99,0,89,97,61,48,89,22,37,48,71,4,61,3,3,5,21,16,1,Service_Ready
S04371,94,71,6.63,0,44,93,94,52,97,41,63,23,45,0,29,3,1,4,44,24,0,Not_Placed
S04372,84,79,6.72,0,98,58,61,44,33,20,58,49,24,5,90,6,2,5,48,26,0,Not_Placed
S04373,67,69,7.54,0,33,42,99,62,75,40,49,95,59,5,41,1,2,1,81,31,0,Not_Placed
S04374,81,88,8.93,0,35,39,93,65,93,44,78,51,36,1,99,9,0,1,85,30,0,Not_Placed
S04375,58,84,9.31,0,97,43,44,44,49,74,43,58,96,1,53,7,1,1,58,18,1,Service_Ready
S04376,77,66,9.14,0,79,83,21,89,83,55,32,21,24,7,99,6,2,0,60,20,0,Not_Placed
S04377,97,80,9.19,0,54,95,54,25,71,93,62,42,62,4,91,8,2,0,85,19,1,Service_Ready
S04378,81,81,5.74,0,92,42,97,30,23,70,57,70,67,7,55,8,0,1,88,19,1,Service_Ready
S04379,77,92,7.69,0,67,76,52,57,84,25,40,46,88,2,25,7,0,2,88,16,1,Service_Ready
S04380,92,71,7.34,0,55,73,22,39,50,40,53,76,56,0,76,6,2,2,94,21,1,Service_Ready
S04381,91,61,6.19,2,59,43,93,28,62,70,97,69,95,5,29,1,3,2,23,31,0,Not_Placed
S04382,75,76,6.3,1,35,75,88,33,71,33,66,35,62,3,56,8,2,0,43,12,0,Not_Placed
S04383,82,73,5.88,2,31,22,49,77,65,70,34,62,41,0,58,6,2,0,87,5,0,Not_Placed
S04384,61,56,9.14,0,47,78,65,82,54,77,32,90,25,3,64,4,1,3,44,19,0,Not_Placed
S04385,78,69,5.99,0,71,79,42,88,71,41,44,74,83,0,23,3,0,4,45,16,1,Service_Ready
S04386,89,92,9.49,1,44,73,46,40,67,54,71,89,45,6,34,4,1,0,44,18,0,Not_Placed
S04387,74,96,9.66,2,83,48,67,38,28,91,34,87,82,2,57,2,3,5,55,11,1,Service_Ready
S04388,77,77,9.9,0,49,71,32,37,51,52,77,81,90,5,33,9,0,2,58,19,0,Not_Placed
S04389,73,94,5.71,1,22,74,26,90,71,73,57,82,83,2,25,9,3,3,63,28,0,Not_Placed
S04390,55,55,8.3,0,68,74,58,55,85,85,87,21,84,0,37,8,1,2,58,27,1,Service_Ready
S04391,65,94,5.6,0,35,41,99,96,68,47,35,83,79,1,45,9,3,2,40,33,0,Not_Placed
S04392,60,59,6.18,0,99,27,64,30,76,31,91,29,82,2,57,4,2,1,37,27,1,Service_Ready
S04393,74,79,6.74,0,64,77,37,67,33,26,57,83,48,6,74,0,0,1,38,3,0,Not_Placed
S04394,83,56,5.52,3,55,75,40,82,21,93,34,81,31,2,23,8,1,1,93,32,0,Not_Placed
S04395,91,65,5.85,0,62,64,37,69,25,32,31,26,33,0,66,6,2,4,38,28,0,Not_Placed
S04396,56,68,9.31,0,85,43,64,95,74,90,72,85,38,2,85,5,3,2,25,18,0,Not_Placed
S04397,77,94,9.6,0,77,40,46,30,58,82,47,66,66,5,23,1,1,3,55,28,1,Service_Ready
S04398,55,89,7.48,1,79,24,51,58,59,61,93,27,48,3,97,6,3,3,53,28,0,Not_Placed
S04399,73,85,9.2,0,62,79,65,56,86,25,78,22,96,2,46,4,1,3,95,13,1,Service_Ready
S04400,77,85,9.96,0,25,73,98,86,75,79,33,65,35,2,46,4,0,4,39,26,1,Product_Ready
S04401,68,91,6.42,0,29,28,97,52,43,89,76,45,58,3,83,2,3,5,22,13,0,Not_Placed
S04402,68,73,8.18,0,42,22,22,61,99,96,38,47,57,4,28,7,1,0,26,9,0,Not_Placed
S04403,91,66,8.14,0,47,44,98,68,67,66,81,52,61,6,46,5,3,5,57,5,0,Not_Placed
S04404,59,70,7.89,0,64,37,27,48,40,73,66,85,87,7,95,8,2,0,80,2,1,Service_Ready
S04405,75,90,8.6,0,78,85,62,78,93,92,55,79,23,4,23,3,0,5,28,25,0,Not_Placed
S04406,79,61,5.91,2,32,21,31,26,53,40,79,29,57,1,75,6,3,4,99,21,0,Not_Placed
S04407,94,78,7.87,2,77,50,69,29,33,38,49,76,35,5,73,3,1,4,62,34,0,Not_Placed
S04408,95,73,8.48,2,34,57,20,24,73,80,97,36,95,2,89,6,3,0,64,3,0,Not_Placed
S04409,76,86,7.91,0,85,45,75,52,20,59,62,63,81,3,75,6,0,4,58,13,1,Service_Ready
S04410,75,77,7.78,1,65,76,53,81,75,20,76,47,23,4,90,7,0,2,29,16,0,Not_Placed
S04411,80,57,9.32,0,84,97,20,76,30,86,96,74,60,6,78,8,3,0,44,3,1,Service_Ready
S04412,88,76,9.93,0,37,35,75,93,50,67,96,53,53,1,79,4,3,0,60,16,0,Not_Placed
S04413,67,62,7.43,0,84,51,71,29,78,34,22,28,27,6,93,7,3,2,42,23,0,Not_Placed
S04414,94,72,8.37,1,24,38,80,65,37,80,79,21,69,5,82,6,0,1,99,8,0,Not_Placed
S04415,72,80,7.64,0,44,27,83,33,41,97,54,70,95,2,94,2,0,2,74,20,0,Not_Placed
S04416,96,77,6.46,1,23,78,99,49,52,99,52,39,67,2,51,5,3,2,44,3,1,Product_Ready
S04417,92,77,6.38,0,67,94,56,23,80,90,66,66,36,7,29,1,2,2,37,3,0,Not_Placed
S04418,89,60,9.98,0,96,85,85,70,91,92,53,58,68,6,55,5,2,4,63,4,1,Product_Ready
S04419,63,72,7.36,0,31,58,42,38,43,63,68,93,23,5,37,4,3,3,55,33,0,Not_Placed
S04420,81,95,6.3,0,81,48,58,29,80,75,28,69,94,3,21,9,0,0,54,4,1,Service_Ready
S04421,60,97,8.18,1,53,30,22,29,31,70,78,21,21,4,41,7,0,3,88,29,0,Not_Placed
S04422,68,94,8.69,0,34,93,87,62,74,68,37,44,31,6,66,4,0,3,86,8,1,Product_Ready
S04423,87,80,6.41,2,71,72,75,91,21,67,35,55,29,3,98,1,3,1,59,32,0,Not_Placed
S04424,85,79,7.27,0,56,56,90,25,97,41,93,65,59,5,65,3,2,0,86,24,1,Service_Ready
S04425,97,71,7.88,0,94,49,40,35,81,79,28,85,45,1,86,2,0,5,34,24,0,Not_Placed
S04426,65,97,6.38,0,23,44,93,72,54,44,22,70,69,4,54,8,2,1,70,31,0,Not_Placed
S04427,94,84,8.45,0,91,31,27,94,97,37,84,29,56,4,65,7,3,1,63,19,1,Service_Ready
S04428,69,86,9.75,1,53,92,60,54,76,46,37,40,37,2,47,0,0,4,66,20,0,Not_Placed
S04429,89,86,7.62,2,76,95,48,35,41,91,74,31,35,6,66,8,2,3,30,20,0,Not_Placed
S04430,85,69,8.65,0,90,41,84,77,46,94,31,79,91,4,52,1,1,0,96,27,1,Service_Ready
S04431,63,69,5.68,0,76,56,92,97,49,70,66,73,42,6,77,7,2,3,81,20,0,Not_Placed
S04432,91,88,7.69,0,63,54,46,40,91,42,60,99,69,0,93,0,1,1,61,31,1,Service_Ready
S04433,93,93,9.44,0,82,43,25,64,37,35,59,35,98,7,89,0,3,4,87,33,1,Service_Ready
S04434,83,61,8.23,1,23,26,99,56,94,78,69,88,48,6,86,3,1,2,80,16,0,Not_Placed
S04435,95,68,9.42,0,34,72,92,70,85,45,57,49,74,0,35,7,1,3,81,15,0,Not_Placed
S04436,97,86,6.44,1,34,94,69,60,79,52,71,57,83,1,69,9,0,0,68,18,0,Not_Placed
S04437,68,78,7.42,0,86,99,37,80,69,33,29,93,25,2,21,6,3,0,20,14,0,Not_Placed
S04438,86,79,6.94,2,37,29,72,53,49,51,30,49,20,5,97,7,2,1,98,32,0,Not_Placed
S04439,73,76,7.1,0,24,65,54,55,23,80,21,54,65,3,79,7,3,5,70,18,0,Not_Placed
S04440,58,76,7.66,0,67,96,52,96,87,75,44,54,92,2,58,6,2,4,41,18,1,Service_Ready
S04441,66,89,5.71,0,23,43,90,95,41,54,48,36,47,1,66,8,0,3,60,7,0,Not_Placed
S04442,69,78,7.73,2,50,28,72,21,39,23,63,81,32,0,39,3,1,4,83,31,0,Not_Placed
S04443,90,90,8.91,3,99,59,57,64,81,99,85,43,25,5,21,9,3,4,20,3,0,Not_Placed
S04444,87,65,8.68,0,53,90,21,83,22,85,49,54,41,2,81,7,0,5,79,31,0,Not_Placed
S04445,56,74,9.21,0,96,97,28,33,30,29,90,76,25,0,32,9,3,3,45,33,0,Not_Placed
S04446,57,65,7.12,0,48,21,87,68,40,36,96,22,61,7,50,0,3,3,88,2,0,Not_Placed
S04447,70,65,9.22,0,80,95,23,68,60,79,91,91,40,7,91,5,1,2,59,28,0,Not_Placed
S04448,96,94,8.73,1,30,96,54,56,31,69,44,82,29,1,22,4,2,3,97,33,0,Not_Placed
S04449,96,87,8.52,0,21,45,67,76,88,65,67,60,35,3,31,4,0,4,44,18,0,Not_Placed
S04450,62,84,8.22,1,47,60,20,82,54,67,58,39,96,6,57,6,3,5,26,15,0,Not_Placed
S04451,90,70,6.63,0,26,87,44,52,70,42,69,40,82,4,46,0,0,1,38,34,0,Not_Placed
S04452,61,85,6.3,0,85,66,65,94,63,28,90,30,75,3,56,9,0,1,99,31,1,Service_Ready
S04453,70,60,6.02,0,95,59,51,31,34,78,79,91,23,2,77,4,1,2,58,16,0,Not_Placed
S04454,73,68,6.12,0,44,60,69,98,61,86,85,41,47,7,20,6,0,2,94,16,0,Not_Placed
S04455,59,92,6.32,1,52,79,89,65,46,47,65,53,48,7,74,8,3,5,34,28,1,Product_Ready
S04456,64,79,6.2,0,91,56,43,67,42,32,78,24,34,7,94,7,0,1,61,8,0,Not_Placed
S04457,78,81,7.48,0,67,41,59,67,68,48,93,36,26,2,54,7,2,4,25,18,0,Not_Placed
S04458,56,93,9.68,0,42,52,97,49,28,90,81,91,90,1,44,2,3,3,93,16,0,Not_Placed
S04459,92,57,6.28,0,83,74,25,86,33,68,69,94,36,6,79,3,3,3,84,7,0,Not_Placed
S04460,69,87,8.35,0,49,26,59,80,33,80,83,74,86,1,63,9,1,5,76,30,0,Not_Placed
S04461,91,79,5.53,0,91,71,76,76,85,80,71,68,42,4,88,4,1,0,90,19,1,Product_Ready
S04462,69,79,9.6,0,56,24,52,84,26,61,79,23,23,4,96,2,2,1,69,12,0,Not_Placed
S04463,67,97,5.85,1,30,40,45,34,43,79,91,54,47,4,71,7,1,1,84,3,0,Not_Placed
S04464,68,82,9.21,1,53,73,58,23,47,58,84,64,91,4,79,2,3,4,50,8,1,Service_Ready
S04465,59,56,7.18,1,29,84,22,62,64,45,61,91,49,7,43,8,3,3,63,14,0,Not_Placed
S04466,91,73,7.02,0,74,71,53,27,23,91,92,60,60,6,50,2,3,0,96,6,1,Service_Ready
S04467,72,61,6.07,0,98,68,64,81,71,50,75,92,38,3,89,5,3,3,78,11,0,Not_Placed
S04468,89,78,7.11,0,98,51,46,45,63,36,35,45,75,5,56,1,3,1,49,10,1,Service_Ready
S04469,55,81,7.75,2,58,54,52,32,97,72,20,69,90,6,71,1,1,4,26,25,0,Not_Placed
S04470,69,78,6.36,0,93,95,60,48,91,93,36,28,34,3,40,6,3,5,26,7,0,Not_Placed
S04471,63,68,9.58,0,22,50,82,43,67,54,44,75,40,6,92,2,0,1,69,16,0,Not_Placed
S04472,70,67,6.52,0,74,52,91,35,67,54,70,79,97,0,63,0,2,1,54,11,1,Service_Ready
S04473,85,66,9.75,2,95,64,47,43,39,30,47,39,88,2,82,3,1,5,56,30,1,Service_Ready
S04474,66,83,7.09,1,37,76,53,92,93,28,70,47,44,1,71,9,2,2,87,27,0,Not_Placed
S04475,57,90,6.78,2,87,26,41,72,48,30,82,99,80,7,76,5,0,4,66,9,0,Not_Placed
S04476,65,87,8.07,2,37,64,51,43,69,78,22,86,33,7,92,8,0,5,96,32,0,Not_Placed
S04477,75,94,6.26,0,92,29,60,31,94,83,58,83,90,0,33,4,0,0,91,18,1,Service_Ready
S04478,69,56,8.49,0,27,54,43,26,47,82,25,30,57,1,82,9,2,2,21,4,0,Not_Placed
S04479,87,61,9.09,2,42,28,86,67,54,81,43,89,97,2,25,0,3,5,72,5,0,Not_Placed
S04480,64,86,7.03,0,68,62,87,32,62,67,49,62,50,2,57,2,2,1,65,11,1,Service_Ready
S04481,69,71,5.65,0,49,63,34,23,71,93,65,78,65,7,40,8,2,1,93,23,0,Not_Placed
S04482,71,72,6.69,0,87,60,91,45,58,94,86,63,83,3,58,7,0,5,32,5,1,Service_Ready
S04483,82,73,9.58,0,94,25,67,75,48,91,94,92,50,0,90,9,0,4,46,19,1,Service_Ready
S04484,70,58,8.8,0,77,95,47,63,84,28,52,84,28,5,81,8,0,5,21,15,0,Not_Placed
S04485,66,83,6.8,2,51,43,77,39,62,24,99,38,95,0,46,8,3,1,53,22,1,Service_Ready
S04486,96,95,9.19,0,40,95,66,47,82,83,74,31,21,2,49,6,2,1,43,13,0,Not_Placed
S04487,72,60,9.47,0,26,77,72,44,96,80,31,44,38,1,99,2,3,0,55,5,0,Not_Placed
S04488,89,62,9.73,0,44,67,54,98,37,30,48,35,25,0,34,8,0,1,85,34,0,Not_Placed
S04489,92,77,8.12,1,76,70,47,42,20,90,54,55,33,7,81,6,2,4,33,26,0,Not_Placed
S04490,76,91,8.84,2,78,34,40,96,90,31,80,66,45,4,91,3,2,4,91,20,0,Not_Placed
S04491,88,60,7.62,1,36,98,58,50,41,77,44,38,73,6,21,5,1,5,26,24,0,Not_Placed
S04492,56,87,6.4,1,78,30,31,37,20,80,20,46,92,0,95,0,3,0,90,24,1,Service_Ready
S04493,89,70,7.16,0,99,25,54,36,66,49,28,42,64,0,31,0,1,0,41,11,1,Service_Ready
S04494,80,68,7.38,0,70,47,46,30,41,44,38,83,58,6,25,8,1,1,50,7,1,Service_Ready
S04495,76,63,7.04,1,54,48,72,81,77,80,54,59,78,6,20,2,3,1,73,17,1,Service_Ready
S04496,63,79,9.73,0,65,99,54,80,20,39,77,84,56,7,24,7,2,4,42,11,1,Service_Ready
S04497,84,85,7.51,0,94,84,63,45,75,39,85,52,66,4,64,0,1,3,98,4,1,Service_Ready
S04498,76,92,9.59,1,25,30,36,32,67,57,57,68,84,3,69,2,3,3,89,10,0,Not_Placed
S04499,87,58,7.42,0,65,20,51,68,38,71,58,81,60,3,39,5,0,1,75,20,1,Service_Ready
S04500,56,56,9.72,0,47,30,40,48,61,31,21,59,82,0,65,9,0,2,35,9,0,Not_Placed
S04501,58,82,7.99,0,91,72,24,54,42,41,78,85,55,2,47,6,0,2,42,14,1,Service_Ready
S04502,63,59,7.29,0,40,96,61,67,95,41,87,92,69,6,67,1,1,3,94,30,0,Not_Placed
S04503,90,88,9.98,0,95,81,24,26,63,56,22,34,22,3,98,5,2,5,23,9,0,Not_Placed
S04504,75,89,8.45,1,83,86,39,91,76,74,33,20,76,3,33,2,3,4,77,10,1,Service_Ready
S04505,77,70,6.92,0,47,75,53,21,43,93,68,59,27,4,86,0,1,3,58,8,0,Not_Placed
S04506,75,92,6.93,1,85,85,98,34,78,37,88,49,97,4,59,4,3,2,27,7,1,Product_Ready
S04507,80,58,6.68,0,76,46,63,88,30,62,54,30,73,1,80,4,0,2,45,34,1,Service_Ready
S04508,87,77,6.32,1,35,92,63,47,42,31,61,28,77,4,95,8,2,3,96,3,0,Not_Placed
S04509,94,79,7.26,0,46,59,71,36,70,21,31,47,44,3,50,2,3,2,20,34,0,Not_Placed
S04510,55,63,9.56,2,66,98,98,65,37,35,78,98,71,4,79,8,3,1,94,33,1,Product_Ready
S04511,76,89,6.11,1,82,78,29,55,91,66,77,66,41,5,42,3,2,3,73,27,0,Not_Placed
S04512,70,64,6.51,1,36,67,71,79,58,70,70,24,83,3,58,1,2,0,73,5,0,Not_Placed
S04513,87,55,6.3,2,86,43,85,90,80,94,62,94,64,2,52,4,2,2,31,5,0,Not_Placed
S04514,86,78,6.93,0,31,44,43,63,64,76,64,37,70,3,48,5,3,1,87,6,0,Not_Placed
S04515,64,76,9.48,3,93,98,59,50,95,24,67,92,70,0,48,2,2,1,97,21,1,Service_Ready
S04516,81,93,7.12,0,42,28,72,70,51,71,31,85,40,7,30,4,1,0,60,15,0,Not_Placed
S04517,95,63,8.01,1,63,63,25,35,85,93,23,83,24,4,45,1,2,1,26,24,0,Not_Placed
S04518,74,69,6.15,0,83,86,22,76,74,31,83,76,55,7,28,2,1,2,30,7,1,Service_Ready
S04519,79,55,9.84,0,96,48,65,51,50,98,25,48,50,7,93,7,0,3,27,12,1,Service_Ready
S04520,55,97,9.65,0,43,92,62,30,98,80,57,67,45,7,43,5,1,0,31,18,0,Not_Placed
S04521,79,68,6.12,0,29,92,96,26,33,24,32,39,47,2,71,6,2,4,83,18,1,Product_Ready
S04522,60,79,5.65,3,30,51,29,63,97,78,21,31,84,1,95,3,0,4,38,2,0,Not_Placed
S04523,71,88,7.54,0,52,89,71,25,83,78,41,88,21,1,65,3,2,5,71,19,0,Not_Placed
S04524,89,90,6.87,0,65,60,39,94,39,29,81,83,93,7,60,0,1,2,98,25,1,Service_Ready
S04525,69,64,8.02,0,50,42,30,93,41,56,46,20,82,4,30,0,3,5,47,30,1,Service_Ready
S04526,70,55,8.61,2,80,92,45,21,86,64,79,39,38,2,56,8,1,1,84,14,0,Not_Placed
S04527,57,62,5.72,0,44,81,84,90,57,47,49,20,37,1,90,1,2,1,26,5,0,Not_Placed
S04528,71,73,7.38,0,32,95,87,59,34,47,76,83,94,4,24,9,1,3,59,28,1,Product_Ready
S04529,75,74,9.68,0,77,86,91,49,87,26,43,28,53,2,92,6,2,3,98,13,1,Product_Ready
S04530,58,71,8.89,0,82,81,81,37,40,54,36,73,96,7,34,4,3,3,33,29,1,Product_Ready
S04531,79,82,7.06,0,59,81,73,79,30,45,46,49,72,4,22,3,1,4,28,27,1,Product_Ready
S04532,89,59,6.29,1,49,40,23,36,79,50,25,58,61,1,46,8,1,2,21,2,0,Not_Placed
S04533,68,69,6.06,0,81,69,60,51,52,84,60,78,77,3,94,0,2,1,55,24,1,Service_Ready
S04534,65,89,5.85,0,81,26,38,89,99,81,42,72,30,0,91,3,2,1,54,14,0,Not_Placed
S04535,60,89,8.92,0,87,62,61,35,30,97,82,91,50,5,43,6,0,5,75,22,1,Service_Ready
S04536,60,69,8.68,0,31,94,53,85,63,40,89,25,31,3,26,8,2,5,46,25,0,Not_Placed
S04537,68,94,8.99,1,69,94,51,88,85,24,59,57,91,2,81,1,3,0,90,23,1,Service_Ready
S04538,61,63,9.82,0,43,55,72,45,98,75,62,60,57,0,26,7,3,3,43,20,0,Not_Placed
S04539,76,77,6.4,0,26,53,30,62,91,30,62,44,50,4,45,9,0,3,64,21,0,Not_Placed
S04540,69,70,7.66,2,73,54,53,20,28,40,41,95,50,4,67,1,0,1,42,7,0,Not_Placed
S04541,90,76,6.91,1,96,64,75,64,63,20,47,23,23,5,94,6,1,3,77,5,0,Not_Placed
S04542,55,94,6.97,0,53,70,31,75,95,35,27,61,25,6,68,2,1,1,37,10,0,Not_Placed
S04543,63,60,6.5,1,45,28,24,36,81,66,58,78,25,3,57,7,1,5,99,33,0,Not_Placed
S04544,85,59,8.01,0,25,83,49,94,28,43,39,32,74,3,38,6,2,5,77,32,0,Not_Placed
S04545,94,63,6.6,0,74,46,64,62,61,25,67,77,46,7,57,5,3,4,96,33,0,Not_Placed
S04546,81,94,8.03,0,81,20,46,41,67,43,42,72,54,0,46,6,3,5,39,7,1,Service_Ready
S04547,85,81,9.41,0,61,32,46,99,66,76,97,23,41,6,73,4,0,5,70,22,0,Not_Placed
S04548,84,81,7.15,0,90,76,95,52,84,53,69,76,68,7,98,7,2,3,75,10,1,Product_Ready
S04549,83,91,6.99,0,95,84,46,43,68,53,76,69,65,1,26,2,2,2,74,33,1,Service_Ready
S04550,91,63,8.7,1,52,57,40,88,62,30,79,65,91,2,75,8,2,2,71,13,1,Service_Ready
S04551,61,89,8.01,1,35,30,78,54,79,54,36,58,23,7,90,1,0,3,81,24,0,Not_Placed
S04552,82,95,9.14,1,77,82,78,40,69,21,94,32,75,0,36,4,3,4,56,15,1,Service_Ready
S04553,60,95,6.16,0,42,63,51,56,65,58,53,98,20,4,57,1,0,1,39,14,0,Not_Placed
S04554,62,77,9.96,0,55,47,91,20,71,22,32,42,53,1,24,7,0,4,44,24,1,Service_Ready
S04555,82,88,8.97,0,32,45,58,70,25,32,71,55,36,0,62,2,0,3,82,15,0,Not_Placed
S04556,68,61,8.43,0,60,28,39,40,44,85,49,91,44,7,49,3,0,4,48,20,0,Not_Placed
S04557,80,59,9.88,0,22,44,88,74,75,48,60,21,25,3,78,0,2,2,65,20,0,Not_Placed
S04558,55,85,7.93,0,78,84,31,64,43,73,23,98,43,6,68,9,0,5,41,12,0,Not_Placed
S04559,91,84,7.48,0,46,97,77,20,83,91,91,45,68,3,63,0,3,1,74,19,1,Product_Ready
S04560,76,83,5.8,0,50,62,60,27,62,70,27,28,97,5,52,9,2,5,50,6,1,Service_Ready
S04561,73,96,7.87,0,52,80,34,48,46,39,55,33,56,0,68,3,1,1,34,6,1,Service_Ready
S04562,87,93,7.96,0,53,27,73,79,96,56,65,37,29,2,87,6,3,5,95,25,0,Not_Placed
S04563,91,62,8.15,0,37,70,65,94,78,58,97,57,74,6,24,0,0,0,69,20,0,Not_Placed
S04564,88,70,7.03,0,72,38,54,33,31,68,95,22,46,3,44,2,0,2,34,31,0,Not_Placed
S04565,65,68,7.9,1,30,97,70,93,58,43,25,52,41,3,39,2,2,2,84,27,1,Product_Ready
S04566,68,56,8.09,0,70,40,57,55,33,52,42,91,57,6,83,5,2,0,61,5,1,Service_Ready
S04567,68,76,9.97,2,76,71,26,26,75,58,89,77,42,3,29,7,3,2,91,14,0,Not_Placed
S04568,85,67,7.57,0,22,82,34,21,80,78,36,30,24,5,86,6,3,3,48,18,0,Not_Placed
S04569,85,89,8.28,0,67,72,84,94,20,26,96,89,49,0,89,1,2,3,57,31,0,Not_Placed
S04570,87,78,9.64,0,46,41,34,65,20,47,52,34,76,5,87,9,3,3,29,8,0,Not_Placed
S04571,81,60,9.05,0,32,94,92,91,80,29,85,43,53,1,94,3,0,4,46,8,0,Not_Placed
S04572,91,92,7.83,0,87,68,32,88,41,45,87,24,28,4,81,8,3,1,97,3,0,Not_Placed
S04573,85,80,9.2,1,63,71,56,85,75,42,90,58,79,7,55,0,1,3,60,32,1,Service_Ready
S04574,87,59,9.83,0,20,62,25,30,60,46,80,95,32,6,54,8,1,3,40,29,0,Not_Placed
S04575,81,66,6.72,3,25,27,94,36,57,96,60,34,93,3,44,2,3,4,46,6,0,Not_Placed
S04576,78,56,6.21,0,76,80,79,83,51,35,63,88,80,6,53,1,1,5,40,20,1,Product_Ready
S04577,96,93,5.84,0,90,85,64,23,20,79,69,66,36,5,54,7,3,3,74,8,0,Not_Placed
S04578,55,79,6.77,0,94,84,66,27,64,48,50,76,26,6,79,7,3,5,80,13,0,Not_Placed
S04579,89,64,5.55,0,56,49,21,61,87,54,29,50,98,4,25,0,0,1,21,10,0,Not_Placed
S04580,71,70,6.05,0,32,25,44,82,78,65,34,85,61,3,36,6,2,5,75,31,0,Not_Placed
S04581,55,95,9.72,0,53,92,35,69,88,61,81,31,88,6,91,2,3,3,47,31,1,Service_Ready
S04582,65,71,6.88,1,30,66,27,50,56,52,28,65,22,0,32,3,3,3,80,25,0,Not_Placed
S04583,64,96,8.71,1,56,84,32,78,87,75,49,83,86,3,46,2,0,2,99,30,1,Service_Ready
S04584,81,85,9.99,0,50,28,89,49,59,26,91,78,30,2,23,0,3,4,53,15,0,Not_Placed
S04585,67,78,7.35,0,28,82,75,96,96,90,94,61,20,7,91,4,1,3,87,26,1,Product_Ready
S04586,70,94,9.36,0,31,71,26,74,24,66,57,62,89,7,69,5,1,0,32,33,0,Not_Placed
S04587,68,89,6.26,0,68,62,64,26,93,25,69,89,64,5,36,5,2,4,83,8,1,Service_Ready
S04588,89,93,8.48,1,48,26,53,24,96,25,52,62,78,0,80,1,1,4,58,32,0,Not_Placed
S04589,71,61,6.98,0,41,82,81,65,76,64,93,95,99,4,32,3,0,5,33,26,1,Product_Ready
S04590,93,81,5.91,0,21,72,74,64,56,46,71,66,77,6,32,2,3,4,75,29,1,Product_Ready
S04591,78,89,9.79,0,56,28,22,21,77,41,43,97,73,0,36,9,1,4,96,12,1,Service_Ready
S04592,56,91,9.81,0,65,43,91,89,70,96,23,50,84,5,91,7,1,4,33,29,1,Service_Ready
S04593,88,93,7.43,0,61,30,51,69,72,23,38,90,52,5,96,5,2,2,74,10,1,Service_Ready
S04594,89,80,6.25,0,74,63,90,71,76,28,27,75,29,0,91,6,1,0,86,13,0,Not_Placed
S04595,58,90,7.21,0,71,47,77,43,78,56,57,44,34,7,74,9,3,1,58,27,0,Not_Placed
S04596,82,91,7.77,0,93,27,57,55,75,64,69,39,82,6,53,5,2,3,51,13,1,Service_Ready
S04597,63,97,6.09,1,33,61,34,29,75,72,77,81,76,2,82,3,1,1,53,33,0,Not_Placed
S04598,68,90,9.46,0,34,70,39,56,57,40,29,73,28,5,61,4,3,2,43,5,0,Not_Placed
S04599,77,96,9.22,0,38,39,47,43,21,26,20,30,70,3,50,7,1,1,96,18,0,Not_Placed
S04600,84,73,6.43,3,69,85,39,25,20,26,74,93,34,6,43,1,2,1,97,21,0,Not_Placed
S04601,83,91,9.3,0,42,90,25,74,96,58,44,23,52,2,85,1,1,1,30,29,0,Not_Placed
S04602,93,76,9.62,0,76,97,57,28,48,88,61,79,58,2,91,4,1,3,27,22,1,Service_Ready
S04603,63,68,9.29,0,30,85,79,50,69,79,81,58,22,7,77,3,1,2,87,14,1,Product_Ready
S04604,68,64,9.25,0,80,65,56,40,22,38,51,98,43,0,93,9,3,5,34,22,0,Not_Placed
S04605,64,77,7.47,0,89,41,47,73,38,33,67,26,98,7,41,4,2,4,41,11,1,Service_Ready
S04606,78,62,6.61,0,69,38,77,67,91,31,39,64,45,0,50,1,2,2,37,21,0,Not_Placed
S04607,75,89,7.46,2,49,80,55,74,23,34,90,76,82,4,83,0,0,5,89,5,0,Not_Placed
S04608,69,62,6.38,2,92,43,27,76,89,44,96,53,44,1,92,0,1,5,25,19,0,Not_Placed
S04609,97,93,5.76,0,37,34,35,95,33,66,73,77,96,5,49,3,1,0,60,30,0,Not_Placed
S04610,81,67,6.04,0,74,70,88,92,53,46,57,48,54,3,38,4,0,4,45,3,1,Product_Ready
S04611,69,60,8.89,0,35,33,93,38,70,27,67,31,89,2,89,5,2,3,30,28,0,Not_Placed
S04612,80,82,8.24,2,69,77,45,63,34,95,43,96,78,0,36,0,2,0,30,21,0,Not_Placed
S04613,85,89,9.95,2,47,70,72,63,84,99,31,47,98,7,87,8,1,5,54,7,1,Product_Ready
S04614,92,75,7.61,1,27,52,62,95,62,64,73,84,26,3,44,4,0,0,31,33,0,Not_Placed
S04615,92,70,8.04,1,76,33,75,89,60,70,86,31,68,1,20,2,1,1,91,5,1,Service_Ready
S04616,62,81,5.77,0,59,69,86,92,93,48,61,37,40,2,81,9,0,4,45,10,0,Not_Placed
S04617,81,66,8.2,0,70,46,92,85,81,90,27,57,25,7,78,2,2,4,47,31,0,Not_Placed
S04618,81,64,5.86,0,51,80,35,25,85,81,85,86,38,3,62,1,1,5,65,22,0,Not_Placed
S04619,75,93,9.48,0,24,24,92,94,67,97,57,25,77,5,91,0,0,4,46,26,0,Not_Placed
S04620,58,85,9.01,0,95,22,98,76,25,88,50,27,29,2,31,9,1,2,40,18,0,Not_Placed
S04621,68,93,7.05,0,26,68,84,26,33,35,35,32,48,4,92,9,0,4,56,18,0,Not_Placed
S04622,85,78,5.95,3,50,37,28,22,90,45,32,53,62,4,52,4,3,0,93,5,0,Not_Placed
S04623,93,91,8.92,0,64,67,60,57,87,94,30,35,84,0,90,2,2,0,90,5,1,Service_Ready
S04624,72,91,5.88,0,23,85,62,45,34,25,56,62,61,4,35,9,1,1,84,6,0,Not_Placed
S04625,84,85,5.92,0,61,24,78,42,27,87,89,38,63,3,57,5,2,5,52,3,1,Service_Ready
S04626,97,80,5.68,0,94,35,42,78,54,60,41,93,20,1,65,5,1,5,62,13,0,Not_Placed
S04627,73,61,9.04,3,94,85,80,65,48,51,34,79,47,2,60,2,2,0,63,11,0,Not_Placed
S04628,78,88,7.84,1,44,74,62,72,69,74,32,68,29,3,30,9,2,5,39,9,0,Not_Placed
S04629,69,87,8.75,1,52,39,65,50,70,38,81,63,96,5,68,0,2,2,77,2,1,Service_Ready
S04630,69,72,7.44,3,75,83,53,83,29,95,79,58,85,7,70,9,0,3,79,7,0,Not_Placed
S04631,61,56,7.49,3,97,24,20,21,84,29,69,70,88,0,77,3,3,2,75,3,0,Not_Placed
S04632,86,71,7.81,2,41,93,81,83,47,47,23,64,32,2,99,3,0,3,45,31,0,Not_Placed
S04633,60,92,8.39,0,46,54,77,82,52,52,88,59,66,6,64,6,1,5,23,19,0,Not_Placed
S04634,88,70,7.33,1,65,38,20,42,81,92,47,99,96,0,22,8,1,0,52,30,1,Service_Ready
S04635,91,62,5.58,0,84,65,62,29,29,81,70,64,92,0,64,6,0,1,85,25,1,Service_Ready
S04636,87,65,9.46,0,91,92,40,66,41,48,59,22,68,0,30,8,2,1,67,33,1,Service_Ready
S04637,57,79,6.63,0,39,70,39,33,99,51,91,61,99,6,57,3,2,3,82,15,0,Not_Placed
S04638,59,56,8.49,3,42,30,57,75,54,84,25,89,59,1,54,8,1,0,97,4,0,Not_Placed
S04639,58,89,6.76,0,62,21,64,67,81,57,66,23,79,6,68,1,0,3,75,29,1,Service_Ready
S04640,96,59,7.75,2,86,61,63,87,76,55,60,75,22,1,75,7,0,2,86,31,0,Not_Placed
S04641,55,64,8.4,0,56,39,30,43,89,84,93,51,81,6,55,1,0,5,65,14,1,Service_Ready
S04642,71,81,6.05,0,68,44,42,45,67,55,25,99,93,6,76,1,1,0,96,9,1,Service_Ready
S04643,81,96,9.21,0,49,63,99,20,64,66,49,41,34,3,57,6,2,0,54,3,0,Not_Placed
S04644,85,80,8.71,3,72,75,81,63,77,96,84,32,80,3,70,7,2,2,43,23,0,Not_Placed
S04645,94,83,9.64,2,20,44,60,42,37,47,31,68,35,2,46,8,0,3,55,8,0,Not_Placed
S04646,88,55,9.6,0,70,96,29,27,37,36,88,49,58,4,43,0,0,1,54,16,1,Service_Ready
S04647,65,88,8.89,2,74,56,81,83,58,94,31,91,27,0,88,9,2,2,56,23,0,Not_Placed
S04648,79,58,9.84,0,28,98,20,32,87,35,63,84,33,2,45,7,0,1,35,29,0,Not_Placed
S04649,80,65,5.64,1,85,39,93,37,78,50,23,46,37,6,90,2,2,1,97,29,0,Not_Placed
S04650,92,57,8.65,0,67,71,67,80,86,67,27,93,86,4,33,7,2,5,77,32,1,Service_Ready
S04651,81,83,5.55,0,82,67,31,97,46,66,85,56,64,0,37,8,0,1,39,30,1,Service_Ready
S04652,60,95,5.84,0,62,66,45,20,92,45,83,81,25,0,81,1,1,2,84,31,0,Not_Placed
S04653,72,88,6.08,0,53,66,33,24,55,28,54,44,94,5,32,1,3,5,75,4,1,Service_Ready
S04654,61,93,8.02,0,67,77,51,97,88,26,93,39,81,4,48,5,1,1,22,18,1,Service_Ready
S04655,87,64,8.95,1,47,61,77,67,70,29,27,35,81,0,34,9,0,2,66,27,0,Not_Placed
S04656,62,95,9.6,1,73,30,26,47,81,74,55,92,82,2,96,3,1,1,45,4,1,Service_Ready
S04657,97,71,6.05,2,55,91,52,72,30,48,57,77,34,5,81,8,3,1,68,30,0,Not_Placed
S04658,87,70,9.86,0,48,28,68,90,97,70,27,74,84,1,98,2,1,4,31,32,0,Not_Placed
S04659,83,76,8.11,1,47,40,94,94,96,62,46,42,55,0,57,6,3,1,62,18,0,Not_Placed
S04660,97,77,9.62,1,93,73,97,42,38,75,72,50,57,2,20,5,0,0,69,18,1,Service_Ready
S04661,86,88,8.08,0,48,67,99,96,45,26,63,33,71,7,94,3,0,3,53,23,0,Not_Placed
S04662,77,83,8.23,1,50,31,54,76,60,46,34,90,55,5,43,1,3,3,47,12,1,Service_Ready
S04663,57,91,8.45,0,57,75,84,40,60,39,79,94,78,1,74,2,3,5,33,32,1,Service_Ready
S04664,89,63,8.25,1,71,82,71,41,74,22,21,78,47,4,88,8,1,0,94,19,1,Product_Ready
S04665,90,73,7.31,0,42,97,46,54,96,74,55,90,28,1,40,1,3,0,84,12,0,Not_Placed
S04666,70,77,9.24,0,91,67,84,38,56,77,74,72,66,2,81,0,2,0,52,24,1,Service_Ready
S04667,88,89,9.57,0,90,86,95,58,61,20,65,55,63,6,77,3,3,4,76,10,1,Product_Ready
S04668,68,59,7.54,0,88,80,29,42,72,80,38,23,65,7,65,5,0,3,86,25,1,Service_Ready
S04669,56,72,8.99,0,67,81,46,81,97,84,71,20,69,7,91,0,0,5,96,31,1,Service_Ready
S04670,67,57,7.5,0,33,64,52,31,43,88,76,28,21,2,48,5,3,5,41,22,0,Not_Placed
S04671,95,66,7.94,1,35,59,64,83,82,70,29,95,90,4,75,5,1,0,32,25,0,Not_Placed
S04672,84,95,9.24,0,37,44,72,39,30,59,42,61,66,7,52,8,1,1,88,30,0,Not_Placed
S04673,84,81,7.46,0,93,63,53,31,58,38,38,48,85,1,95,3,0,0,28,3,1,Service_Ready
S04674,82,88,5.53,0,75,24,41,78,59,82,51,64,52,1,54,4,1,3,81,20,1,Service_Ready
S04675,80,90,8.77,1,24,51,98,76,99,81,47,99,97,6,93,1,0,0,85,8,0,Not_Placed
S04676,95,84,6.03,2,66,57,36,93,98,88,23,54,20,0,77,5,0,3,55,10,0,Not_Placed
S04677,74,96,7.95,0,23,70,58,71,94,90,74,50,69,7,34,0,2,1,60,25,0,Not_Placed
S04678,69,75,7.83,2,99,88,52,55,44,77,85,50,63,6,64,2,0,0,69,4,1,Service_Ready
S04679,61,77,9.69,0,86,28,54,32,45,64,70,44,75,6,22,4,0,5,86,6,1,Service_Ready
S04680,85,58,7.63,0,57,50,68,71,57,68,46,42,46,4,33,2,3,2,81,15,0,Not_Placed
S04681,82,79,6.2,1,71,31,53,42,38,20,93,84,24,0,41,1,0,3,26,22,0,Not_Placed
S04682,61,63,6.02,0,68,31,92,29,93,36,23,83,35,0,46,5,3,0,77,33,0,Not_Placed
S04683,92,84,6.98,0,41,50,36,73,98,66,51,47,30,6,36,2,2,3,92,26,0,Not_Placed
S04684,80,58,8.05,1,48,73,92,61,81,90,90,40,28,1,64,4,0,4,91,16,0,Not_Placed
S04685,67,87,6.34,0,55,68,72,42,53,37,31,21,46,1,50,5,0,0,62,8,0,Not_Placed
S04686,72,56,7.84,0,28,47,37,34,94,24,60,95,93,0,85,8,2,2,35,2,0,Not_Placed
S04687,75,91,5.64,0,59,33,59,67,51,58,52,49,45,2,74,2,2,4,77,28,0,Not_Placed
S04688,64,64,9.5,0,45,79,21,92,64,24,45,98,44,1,41,2,1,1,61,32,0,Not_Placed
S04689,85,89,6.25,1,55,85,51,86,82,42,69,84,88,3,77,8,0,0,37,6,1,Service_Ready
S04690,72,89,8.04,0,52,61,46,73,98,94,43,22,58,6,31,0,1,2,33,27,1,Service_Ready
S04691,73,75,5.73,0,50,88,36,79,23,29,28,80,41,4,42,9,0,4,40,34,0,Not_Placed
S04692,69,86,8.3,0,30,48,75,72,22,32,57,89,30,7,42,8,0,0,28,20,0,Not_Placed
S04693,89,86,7.61,0,38,23,66,66,50,24,52,67,51,5,98,4,1,0,54,25,0,Not_Placed
S04694,72,71,5.96,0,89,75,83,77,39,37,97,64,62,3,76,1,0,2,37,18,1,Product_Ready
S04695,79,59,9.68,0,34,58,99,58,40,32,48,24,86,4,28,2,3,5,86,18,0,Not_Placed
S04696,68,65,7.98,1,71,34,21,31,64,76,61,21,81,1,36,8,1,2,90,2,1,Service_Ready
S04697,69,92,6.53,1,61,85,70,97,99,38,50,85,51,3,94,7,3,4,51,7,1,Product_Ready
S04698,62,88,9.79,0,45,52,28,66,91,36,34,61,73,4,69,2,3,4,75,13,0,Not_Placed
S04699,83,55,7.37,0,56,50,44,69,68,27,54,32,40,0,43,0,0,5,22,15,0,Not_Placed
S04700,68,87,9.38,0,32,58,44,92,62,57,54,74,69,5,53,8,1,3,70,31,0,Not_Placed
S04701,93,91,6.48,0,53,57,50,45,95,45,82,67,98,1,55,7,1,0,72,18,1,Service_Ready
S04702,60,76,9.8,1,80,71,87,87,92,97,61,86,94,2,22,7,0,4,43,21,1,Product_Ready
S04703,64,77,8.81,2,54,97,99,49,52,60,85,68,27,3,22,4,3,0,91,3,0,Not_Placed
S04704,77,95,5.83,1,58,83,55,42,66,68,74,29,82,3,45,6,1,5,21,30,1,Service_Ready
S04705,86,92,5.67,0,53,42,97,58,88,92,64,82,27,6,49,3,3,4,74,13,0,Not_Placed
S04706,74,76,6.88,0,45,47,74,92,88,21,47,96,98,4,33,6,0,5,86,11,0,Not_Placed
S04707,92,60,9.85,0,39,75,22,87,30,81,80,77,48,5,41,5,0,3,82,8,0,Not_Placed
S04708,78,91,7.75,0,48,86,99,41,28,68,92,55,24,1,23,7,0,2,33,28,0,Not_Placed
S04709,66,72,9.56,1,57,96,76,66,74,21,37,85,76,3,83,7,3,2,72,30,1,Product_Ready
S04710,62,85,5.6,0,48,76,52,40,60,20,46,21,83,2,73,9,1,5,20,32,0,Not_Placed
S04711,89,83,6.2,0,60,94,77,96,33,60,86,73,25,5,96,0,3,4,97,13,1,Product_Ready
S04712,80,77,5.53,0,42,81,29,23,58,93,53,44,71,6,31,0,1,0,78,15,0,Not_Placed
S04713,95,85,7.64,2,29,62,37,86,78,95,42,94,65,0,42,8,3,2,72,5,0,Not_Placed
S04714,91,83,6.19,0,56,82,42,68,96,22,41,55,29,7,28,7,2,2,91,34,0,Not_Placed
S04715,74,84,9.65,0,69,65,97,29,86,53,70,58,87,3,45,6,2,1,21,13,1,Service_Ready
S04716,86,92,9.86,0,64,98,73,25,45,27,27,57,27,0,22,8,0,0,72,34,0,Not_Placed
S04717,86,86,9.93,1,72,78,42,66,54,33,84,68,55,0,41,2,2,3,56,14,1,Service_Ready
S04718,66,56,8.52,0,79,60,54,30,71,71,81,82,34,5,59,8,1,5,36,24,0,Not_Placed
S04719,85,70,7.81,0,64,80,31,92,25,23,93,54,66,4,38,5,2,0,62,29,1,Service_Ready
S04720,57,95,8.3,0,83,98,92,58,64,80,62,86,99,1,60,9,2,1,76,14,1,Service_Ready
S04721,69,82,6.61,0,84,60,23,72,33,36,33,60,81,3,46,4,3,2,78,34,1,Service_Ready
S04722,65,70,9.75,0,51,40,94,76,24,47,94,96,89,2,72,2,1,1,28,29,1,Service_Ready
S04723,82,79,6.78,0,86,53,40,53,63,95,40,37,55,5,72,3,3,3,22,21,1,Service_Ready
S04724,62,75,7.51,0,21,93,56,70,63,43,51,75,69,7,49,5,2,5,97,4,0,Not_Placed
S04725,79,61,9.2,1,42,51,21,94,53,71,80,53,26,1,21,0,1,0,48,19,0,Not_Placed
S04726,89,71,7.42,0,44,35,44,34,98,76,34,75,56,7,84,0,2,0,41,22,0,Not_Placed
S04727,95,81,5.76,0,23,74,43,48,41,42,97,27,77,7,78,9,2,0,64,27,0,Not_Placed
S04728,80,84,6.53,0,92,58,30,98,31,69,75,59,35,0,51,1,0,4,99,8,0,Not_Placed
S04729,59,95,5.82,0,93,94,41,36,69,50,32,93,70,7,52,8,3,5,91,9,1,Service_Ready
S04730,92,82,7.47,1,81,70,97,89,40,57,34,55,28,3,78,1,1,0,23,21,1,Product_Ready
S04731,67,65,7.93,0,27,39,90,80,63,70,77,94,49,2,29,1,3,0,53,32,0,Not_Placed
S04732,82,80,6.61,0,91,21,46,53,74,55,91,91,88,7,84,4,3,2,93,3,1,Service_Ready
S04733,75,67,8.97,0,47,49,21,77,40,65,44,76,39,1,25,1,0,1,39,11,0,Not_Placed
S04734,87,73,8.11,0,49,78,97,50,40,36,72,70,43,4,59,8,1,3,35,13,1,Product_Ready
S04735,95,78,5.66,1,86,33,60,76,49,64,93,20,71,3,42,3,1,5,25,34,0,Not_Placed
S04736,62,58,8.24,0,53,75,30,57,64,77,53,94,91,7,93,6,2,4,55,21,1,Service_Ready
S04737,67,56,6.97,0,38,59,40,77,45,93,55,63,83,2,27,9,0,0,50,8,0,Not_Placed
S04738,63,61,6.07,0,35,93,43,93,65,48,49,70,50,5,53,3,2,2,47,7,0,Not_Placed
S04739,71,91,9.86,0,35,87,66,42,86,81,34,94,86,2,62,7,2,1,63,27,0,Not_Placed
S04740,57,86,9.71,0,93,93,81,30,97,28,67,25,73,5,73,2,1,2,75,19,1,Product_Ready
S04741,77,84,9.16,0,34,22,34,86,48,50,90,90,74,2,62,7,0,0,74,22,0,Not_Placed
S04742,74,64,9.62,0,38,24,61,49,84,95,98,24,57,2,48,9,1,1,29,33,0,Not_Placed
S04743,88,77,7.09,0,42,41,81,38,41,20,53,45,23,7,64,4,2,3,21,2,0,Not_Placed
S04744,90,96,8.05,1,44,81,44,71,82,34,65,75,45,5,83,3,2,0,40,25,0,Not_Placed
S04745,95,79,7.2,0,20,54,75,35,51,98,24,29,91,6,39,8,3,1,87,27,0,Not_Placed
S04746,64,69,7.27,0,41,31,83,94,99,35,84,70,51,2,72,3,0,2,32,29,0,Not_Placed
S04747,82,78,8.05,0,69,95,68,37,52,77,50,53,93,6,98,6,0,3,87,24,1,Service_Ready
S04748,88,77,6.47,2,82,96,47,43,41,59,94,27,31,0,40,2,2,4,81,19,0,Not_Placed
S04749,96,60,8.64,0,34,81,57,83,90,28,94,99,90,0,97,0,3,3,68,10,0,Not_Placed
S04750,74,97,6.21,0,41,96,63,66,44,41,80,71,39,7,99,4,3,0,64,16,0,Not_Placed
S04751,66,63,6.77,2,31,46,38,44,93,83,31,69,91,2,42,7,2,3,97,11,0,Not_Placed
S04752,83,66,6.0,0,72,56,41,21,39,24,22,96,96,3,51,9,3,5,59,7,1,Service_Ready
S04753,79,81,7.76,0,69,59,20,65,92,58,29,68,33,5,59,8,1,2,36,19,0,Not_Placed
S04754,94,63,7.4,0,36,92,30,72,37,26,54,63,90,6,30,9,3,1,95,10,0,Not_Placed
S04755,76,92,8.34,3,40,99,25,78,87,42,92,94,54,3,90,8,0,4,86,25,0,Not_Placed
S04756,84,81,8.08,0,74,42,56,45,55,82,56,70,87,4,97,4,0,2,50,15,1,Service_Ready
S04757,79,63,8.55,0,49,39,42,20,34,40,49,30,71,5,28,4,2,1,52,2,0,Not_Placed
S04758,69,85,6.21,2,64,52,70,24,57,24,75,90,44,2,71,3,3,3,42,9,0,Not_Placed
S04759,85,75,6.08,2,69,48,79,86,63,21,34,58,59,6,95,3,3,5,89,27,0,Not_Placed
S04760,57,86,5.78,0,52,36,51,95,21,45,58,82,36,3,53,2,1,1,64,19,0,Not_Placed
S04761,78,55,6.25,2,71,21,80,46,85,52,53,81,51,2,74,7,3,3,36,34,0,Not_Placed
S04762,65,63,7.37,1,90,35,98,83,59,77,42,26,78,4,78,1,1,2,49,11,1,Service_Ready
S04763,88,67,7.93,0,60,59,81,59,53,98,22,71,65,5,88,8,1,3,48,9,1,Service_Ready
S04764,88,58,7.23,0,69,42,44,89,40,75,22,98,40,2,68,1,2,5,87,32,0,Not_Placed
S04765,65,65,6.42,0,76,75,57,25,43,71,58,92,56,1,53,7,3,4,69,12,1,Service_Ready
S04766,68,80,6.76,0,79,29,82,80,94,45,42,82,38,1,69,2,2,3,38,12,0,Not_Placed
S04767,61,73,6.64,2,27,69,80,27,32,93,38,69,42,0,49,4,0,2,28,9,0,Not_Placed
S04768,79,96,7.73,1,56,57,27,94,59,42,64,20,68,7,28,7,3,0,27,19,1,Service_Ready
S04769,61,72,8.79,0,94,99,63,97,35,71,72,37,59,4,44,2,2,3,46,30,1,Service_Ready
S04770,64,65,8.14,0,96,99,30,88,86,78,85,72,57,1,25,4,2,1,68,33,1,Service_Ready
S04771,83,55,7.99,0,68,35,26,32,23,82,88,99,92,2,95,4,1,1,91,9,1,Service_Ready
S04772,79,58,8.35,0,52,41,88,20,54,75,86,22,90,0,61,9,3,3,83,17,1,Service_Ready
S04773,58,71,8.0,0,75,30,59,32,43,53,27,26,81,0,65,5,2,5,32,3,1,Service_Ready
S04774,56,83,7.62,1,21,78,72,87,80,68,65,91,78,7,28,1,1,5,94,28,1,Product_Ready
S04775,86,56,7.93,0,43,94,32,34,68,36,58,92,23,0,34,5,1,2,84,23,0,Not_Placed
S04776,84,76,5.98,1,65,93,20,31,86,29,20,38,74,0,74,5,3,0,74,11,1,Service_Ready
S04777,64,69,9.11,1,76,67,69,88,27,75,45,42,60,6,78,5,1,0,90,9,1,Service_Ready
S04778,75,96,9.52,0,85,79,65,41,51,44,27,82,48,0,59,1,3,0,50,5,0,Not_Placed
S04779,96,80,9.94,0,89,63,45,94,98,97,40,49,90,4,34,3,0,5,89,21,1,Service_Ready
S04780,59,65,9.86,0,27,36,49,20,88,83,99,55,98,6,68,0,0,2,23,14,0,Not_Placed
S04781,63,80,5.59,0,89,30,21,42,66,81,95,58,25,2,55,9,2,3,96,9,0,Not_Placed
S04782,79,78,7.47,2,56,80,37,37,53,73,50,98,56,3,87,7,1,1,72,24,0,Not_Placed
S04783,69,61,7.0,0,59,97,69,99,28,84,44,27,58,7,27,2,1,4,47,5,1,Service_Ready
S04784,77,88,7.22,0,92,38,28,42,94,32,50,91,38,4,58,7,1,5,41,6,0,Not_Placed
S04785,70,93,9.44,1,75,31,99,68,31,24,70,23,44,2,43,7,2,2,96,19,0,Not_Placed
S04786,61,78,5.94,0,92,53,27,69,30,61,62,54,78,6,31,8,3,3,65,30,1,Service_Ready
S04787,60,70,9.43,2,48,71,59,25,46,56,41,26,20,4,67,2,3,5,98,13,0,Not_Placed
S04788,95,58,6.64,0,21,81,76,33,63,85,94,56,97,6,80,3,2,2,68,7,1,Product_Ready
S04789,61,55,7.05,0,57,20,20,49,96,26,39,63,92,4,58,3,0,4,71,26,1,Service_Ready
S04790,66,80,7.1,0,68,86,41,50,20,46,21,20,61,7,54,2,2,2,65,20,1,Service_Ready
S04791,69,62,7.6,0,69,50,90,57,76,27,33,70,28,4,95,1,1,4,48,21,0,Not_Placed
S04792,63,69,6.28,1,22,41,58,96,28,53,31,53,64,0,69,2,3,2,66,13,0,Not_Placed
S04793,97,67,8.03,1,29,23,31,72,70,35,36,45,21,4,66,4,1,5,90,30,0,Not_Placed
S04794,87,81,8.8,3,32,54,71,44,78,95,87,61,67,0,64,7,2,4,22,22,0,Not_Placed
S04795,85,67,9.18,0,43,21,22,45,21,52,53,57,97,6,39,9,3,0,64,3,0,Not_Placed
S04796,66,70,6.82,0,87,45,82,38,36,63,80,20,91,1,60,7,2,0,28,3,1,Service_Ready
S04797,80,86,5.56,0,37,27,46,28,21,94,65,89,24,3,63,9,2,2,49,18,0,Not_Placed
S04798,90,60,7.25,0,90,36,51,33,45,92,32,31,64,7,71,4,3,2,24,34,1,Service_Ready
S04799,85,63,5.82,0,36,99,39,97,41,73,90,94,96,2,94,7,3,4,32,30,0,Not_Placed
S04800,69,64,8.08,2,96,54,73,40,49,65,61,90,68,7,99,4,1,1,22,11,0,Not_Placed
S04801,78,87,7.77,0,80,86,23,70,23,58,50,76,92,5,58,2,0,0,77,12,1,Service_Ready
S04802,80,96,10.0,0,21,93,58,52,50,23,86,88,32,2,84,6,3,0,72,32,0,Not_Placed
S04803,67,55,7.09,2,91,21,31,75,60,46,57,71,99,7,51,7,1,1,39,28,1,Service_Ready
S04804,76,93,9.46,0,86,69,53,88,86,53,62,40,31,7,66,0,1,1,74,2,0,Not_Placed
S04805,58,71,7.5,0,52,83,29,65,92,70,53,33,60,1,57,7,0,3,75,18,1,Service_Ready
S04806,66,81,9.75,0,32,88,71,62,59,61,56,42,86,4,98,4,0,1,77,24,1,Product_Ready
S04807,71,63,6.03,0,49,80,84,77,46,85,64,59,80,7,60,9,3,3,61,17,1,Product_Ready
S04808,95,92,8.29,0,37,24,30,23,80,94,31,68,47,6,53,7,0,5,52,25,0,Not_Placed
S04809,88,62,5.75,0,33,78,81,85,38,80,85,45,68,2,68,2,0,5,95,22,1,Product_Ready
S04810,90,94,6.35,0,51,77,95,45,89,88,69,98,51,1,83,8,3,2,91,17,1,Service_Ready
S04811,93,86,8.38,1,77,38,94,99,28,96,38,74,58,0,81,9,1,1,86,21,1,Service_Ready
S04812,55,59,6.17,0,37,87,41,49,20,89,70,87,93,4,67,4,2,1,26,16,0,Not_Placed
S04813,73,64,8.82,0,87,69,60,80,44,47,54,72,58,0,78,0,2,0,64,20,1,Service_Ready
S04814,63,68,7.78,0,84,88,25,65,61,91,80,50,98,1,77,0,3,3,51,2,1,Service_Ready
S04815,59,76,8.3,0,24,27,89,82,29,81,59,66,99,7,47,7,0,0,71,19,0,Not_Placed
S04816,93,96,6.28,0,30,86,48,23,30,49,98,98,77,7,48,0,2,3,58,12,0,Not_Placed
S04817,86,81,6.46,0,72,20,75,53,48,25,76,33,94,4,81,5,2,4,95,5,1,Service_Ready
S04818,92,58,5.56,0,68,50,61,69,42,97,79,51,75,7,53,5,0,4,61,3,1,Service_Ready
S04819,74,68,9.69,0,31,75,27,40,58,67,37,82,93,0,49,5,2,4,89,15,0,Not_Placed
S04820,59,72,8.73,0,61,72,38,64,73,83,94,60,36,2,22,9,3,0,75,27,0,Not_Placed
S04821,59,78,9.3,2,76,55,36,99,37,85,29,80,58,5,66,9,2,3,43,10,1,Service_Ready
S04822,83,95,5.66,0,30,96,43,20,80,88,40,23,77,7,26,0,0,4,83,27,0,Not_Placed
S04823,66,62,6.45,0,53,28,92,64,36,26,70,35,76,3,44,5,2,1,34,17,1,Service_Ready
S04824,70,92,9.69,0,69,76,57,42,55,69,32,23,55,6,98,5,2,4,79,15,1,Service_Ready
S04825,76,55,7.11,0,84,41,85,92,23,98,26,91,46,2,64,2,0,5,58,30,0,Not_Placed
S04826,59,72,9.55,0,21,44,51,77,41,71,93,80,95,4,81,6,3,5,33,7,0,Not_Placed
S04827,62,90,5.82,1,38,41,31,51,57,80,57,99,31,4,65,4,3,0,45,14,0,Not_Placed
S04828,89,71,8.78,0,93,83,61,72,33,56,32,91,71,1,52,4,3,3,20,20,1,Service_Ready
S04829,78,65,6.44,1,59,39,54,59,98,94,32,42,32,7,69,7,0,3,46,14,0,Not_Placed
S04830,57,93,9.01,0,50,22,88,86,98,34,46,96,37,1,51,3,3,1,49,32,0,Not_Placed
S04831,57,59,9.55,1,77,81,26,98,38,38,67,96,76,4,20,1,3,5,81,8,1,Service_Ready
S04832,81,81,5.66,0,23,64,76,20,63,86,23,52,69,4,71,2,1,5,65,31,0,Not_Placed
S04833,84,87,9.64,0,85,85,24,55,22,51,33,57,24,4,65,9,3,0,79,20,0,Not_Placed
S04834,65,61,5.87,0,31,50,34,30,51,99,28,71,60,3,97,7,0,4,31,6,0,Not_Placed
S04835,63,74,6.11,0,32,99,24,62,73,81,29,49,26,0,30,7,2,4,50,2,0,Not_Placed
S04836,79,82,5.51,1,93,65,36,32,99,95,98,58,38,4,80,4,0,0,98,21,0,Not_Placed
S04837,85,74,8.43,0,93,97,83,92,29,80,21,42,84,1,30,4,3,4,55,34,1,Service_Ready
S04838,90,78,5.59,0,52,66,38,53,42,86,23,94,72,7,34,8,0,0,41,34,1,Service_Ready
S04839,79,68,6.98,0,41,23,91,64,93,47,73,77,84,2,56,5,1,2,35,15,0,Not_Placed
S04840,55,85,6.45,0,46,99,20,49,83,56,42,46,99,7,47,9,3,0,70,3,0,Not_Placed
S04841,61,77,9.08,0,50,61,85,70,98,35,27,80,59,0,76,4,1,4,69,28,1,Service_Ready
S04842,75,86,9.37,0,48,68,55,43,58,69,27,38,57,3,45,5,1,0,45,29,0,Not_Placed
S04843,86,88,8.22,0,25,50,84,28,95,40,86,61,65,4,56,0,0,1,34,31,0,Not_Placed
S04844,67,91,9.07,0,88,33,93,75,80,24,25,32,59,2,32,0,0,4,91,32,1,Service_Ready
S04845,85,74,9.97,0,94,87,45,33,44,93,83,88,87,0,39,6,2,4,51,23,1,Service_Ready
S04846,97,61,7.17,0,78,47,74,70,55,87,62,25,70,1,72,1,0,5,65,14,1,Service_Ready
S04847,95,65,7.68,3,35,69,34,73,33,98,95,45,59,5,37,9,1,5,37,2,0,Not_Placed
S04848,70,91,8.62,0,22,27,37,44,91,37,43,88,45,1,30,3,1,4,31,11,0,Not_Placed
S04849,66,59,6.6,0,24,42,75,65,21,93,20,32,79,3,81,2,3,3,35,15,0,Not_Placed
S04850,94,59,9.66,0,92,95,64,58,47,72,73,39,74,0,95,5,2,3,78,25,1,Service_Ready
S04851,92,93,6.48,0,92,26,87,48,64,29,23,43,45,7,91,6,2,0,44,33,0,Not_Placed
S04852,61,87,7.15,1,36,54,77,48,82,75,82,66,93,6,76,6,1,5,37,19,0,Not_Placed
S04853,60,97,5.8,0,70,80,38,40,99,54,90,73,45,0,31,4,1,4,57,19,0,Not_Placed
S04854,60,55,7.7,0,58,68,56,20,56,38,96,56,75,2,54,8,3,1,65,22,1,Service_Ready
S04855,86,76,6.07,0,36,42,78,55,78,99,21,31,29,4,21,3,1,2,68,23,0,Not_Placed
S04856,60,89,7.67,0,21,47,26,40,81,60,62,96,27,4,33,0,0,2,29,18,0,Not_Placed
S04857,83,56,9.5,0,37,54,92,81,44,96,48,99,38,7,95,4,1,4,97,17,0,Not_Placed
S04858,88,96,6.76,0,46,80,29,55,58,26,34,32,52,2,85,7,2,4,97,26,0,Not_Placed
S04859,77,55,9.03,0,61,88,71,20,49,20,67,33,50,5,50,8,2,3,50,10,1,Product_Ready
S04860,65,60,8.72,0,37,48,20,63,52,86,57,60,35,5,82,2,1,3,28,28,0,Not_Placed
S04861,85,69,8.2,0,79,97,58,70,59,82,25,57,51,5,73,2,0,0,53,13,1,Service_Ready
S04862,63,59,7.56,0,25,69,51,38,77,67,36,79,29,2,98,1,2,5,59,4,0,Not_Placed
S04863,84,69,6.66,0,64,56,62,92,92,95,47,90,79,7,79,2,3,5,84,23,1,Service_Ready
S04864,84,74,5.5,0,21,77,31,46,57,94,39,62,51,1,42,8,3,1,81,33,0,Not_Placed
S04865,69,60,6.3,0,92,76,86,26,71,71,49,74,41,3,24,5,3,4,23,16,1,Product_Ready
S04866,70,96,5.93,0,84,44,56,37,44,34,87,54,87,1,31,8,1,3,53,28,1,Service_Ready
S04867,79,93,6.71,0,69,80,52,26,38,39,24,26,39,6,26,1,1,3,83,3,0,Not_Placed
S04868,61,81,9.42,0,47,85,30,89,75,42,29,94,43,3,31,8,3,4,38,9,0,Not_Placed
S04869,91,82,7.83,0,39,25,88,93,31,34,86,82,55,6,20,7,2,0,41,32,0,Not_Placed
S04870,97,93,9.37,0,34,57,42,99,95,70,42,70,90,1,65,8,1,5,80,17,0,Not_Placed
S04871,86,95,9.82,0,26,89,39,63,63,31,78,97,53,3,63,0,3,3,21,22,0,Not_Placed
S04872,66,67,7.25,0,31,71,33,37,43,45,80,87,83,7,48,1,3,2,75,3,0,Not_Placed
S04873,66,76,6.94,0,93,26,66,77,39,98,75,62,79,3,85,3,0,0,55,4,1,Service_Ready
S04874,66,87,7.11,0,33,50,88,85,79,96,39,30,97,1,23,3,2,1,86,12,0,Not_Placed
S04875,79,77,7.33,0,33,66,37,86,42,79,78,69,80,0,73,8,3,5,41,15,0,Not_Placed
S04876,91,68,5.82,0,67,41,54,64,47,86,57,72,25,5,55,3,2,1,96,10,0,Not_Placed
S04877,95,60,6.67,0,66,52,41,86,96,32,75,96,31,4,96,6,2,3,93,16,0,Not_Placed
S04878,56,92,6.63,1,74,66,33,34,54,50,53,92,26,2,57,9,2,0,33,26,0,Not_Placed
S04879,62,94,9.15,2,78,25,58,29,28,53,96,74,94,2,80,4,2,4,81,29,1,Service_Ready
S04880,61,85,6.46,0,33,25,50,70,22,36,39,26,36,1,46,7,0,0,36,17,0,Not_Placed
S04881,72,82,6.49,0,97,36,80,66,91,87,43,66,75,1,94,6,2,2,21,18,1,Service_Ready
S04882,96,77,7.04,0,68,39,72,36,27,26,56,68,87,5,71,5,3,4,61,28,1,Service_Ready
S04883,57,85,6.72,0,61,94,75,52,48,81,85,27,62,0,66,3,3,4,75,14,1,Service_Ready
S04884,55,87,9.9,0,53,91,52,75,95,40,87,23,68,2,24,1,3,0,35,19,1,Service_Ready
S04885,66,80,9.5,0,46,72,67,56,64,94,22,25,97,5,96,0,0,1,76,12,0,Not_Placed
S04886,56,88,5.62,0,56,41,65,54,26,69,34,23,32,4,69,0,1,1,99,33,0,Not_Placed
S04887,94,87,7.85,0,54,72,48,95,77,96,40,58,20,0,96,0,3,4,24,15,0,Not_Placed
S04888,70,60,8.64,0,87,82,99,86,89,22,58,30,49,1,86,7,3,3,35,33,0,Not_Placed
S04889,90,92,6.46,0,59,97,90,85,30,93,25,28,38,0,24,4,1,2,87,13,0,Not_Placed
S04890,80,60,7.1,2,57,49,56,44,63,79,33,86,87,3,44,7,0,3,49,16,0,Not_Placed
S04891,91,59,8.59,0,26,23,73,64,50,99,80,64,22,6,68,2,2,4,23,17,0,Not_Placed
S04892,80,92,5.84,1,40,60,78,22,75,81,37,34,85,5,49,6,3,2,76,8,0,Not_Placed
S04893,76,62,9.34,1,25,77,33,47,24,87,75,44,46,3,23,8,2,1,26,33,0,Not_Placed
S04894,74,97,6.6,0,47,59,86,56,78,39,82,92,54,1,29,0,2,4,40,25,0,Not_Placed
S04895,93,55,9.61,2,82,65,42,37,81,46,63,65,80,3,35,4,2,3,83,14,1,Service_Ready
S04896,62,62,8.52,0,43,40,32,69,70,23,79,87,40,1,92,8,0,4,23,17,0,Not_Placed
S04897,79,94,6.31,0,59,40,53,67,41,80,93,98,22,6,96,9,3,0,92,27,0,Not_Placed
S04898,72,62,8.39,0,65,23,40,99,65,42,36,85,20,6,92,9,0,2,79,7,0,Not_Placed
S04899,95,63,6.6,3,53,93,23,28,88,28,44,59,86,0,70,8,1,5,78,12,0,Not_Placed
S04900,77,88,5.82,0,80,76,85,96,39,90,92,53,73,0,91,2,0,0,20,26,1,Service_Ready
S04901,83,71,6.48,1,40,21,88,24,92,72,37,38,82,5,82,0,1,4,33,17,0,Not_Placed
S04902,56,72,7.55,2,44,26,22,76,95,73,35,39,24,4,50,7,2,4,63,25,0,Not_Placed
S04903,70,93,7.68,0,96,34,68,23,33,29,63,96,55,7,78,4,0,3,20,19,1,Service_Ready
S04904,67,79,8.52,0,29,23,88,63,78,57,43,43,38,3,62,6,2,4,32,33,0,Not_Placed
S04905,64,91,9.75,0,58,70,35,58,79,24,83,67,45,2,87,5,1,1,39,14,0,Not_Placed
S04906,61,78,8.04,1,35,52,97,69,21,78,60,96,82,1,81,3,1,5,96,9,0,Not_Placed
S04907,57,68,5.54,0,46,30,30,37,93,61,22,51,55,1,74,1,2,4,44,26,0,Not_Placed
S04908,63,62,6.7,2,29,97,20,77,38,97,39,67,91,5,77,5,1,3,26,6,0,Not_Placed
S04909,68,63,6.07,0,75,89,90,81,81,55,39,37,91,2,24,8,0,3,22,27,1,Product_Ready
S04910,71,84,8.54,1,60,94,81,60,52,57,37,73,68,4,35,5,0,1,63,32,1,Product_Ready
S04911,85,81,9.39,2,22,53,29,76,48,57,96,25,33,5,23,6,3,1,73,27,0,Not_Placed
S04912,88,83,6.69,0,92,41,37,56,52,67,67,21,45,0,23,8,3,1,88,23,0,Not_Placed
S04913,95,73,7.11,1,25,83,42,97,50,72,52,36,84,6,95,2,0,3,97,29,0,Not_Placed
S04914,81,74,6.69,1,89,70,97,58,49,66,66,69,47,6,92,1,0,3,66,2,1,Product_Ready
S04915,56,82,6.96,2,67,35,58,26,81,63,68,23,32,1,32,7,1,4,52,4,0,Not_Placed
S04916,61,69,7.18,1,45,95,78,75,59,85,34,63,78,4,53,5,2,3,29,17,1,Product_Ready
S04917,79,84,7.72,0,75,79,26,66,33,21,82,56,88,5,41,5,0,1,24,27,1,Service_Ready
S04918,82,77,6.86,0,85,21,37,83,65,88,28,33,87,0,59,5,2,0,83,33,1,Service_Ready
S04919,85,96,9.19,3,88,66,61,69,72,33,86,39,80,6,42,4,3,1,24,10,1,Service_Ready
S04920,93,76,7.7,2,24,80,96,99,30,86,87,28,70,3,64,9,3,5,68,14,1,Product_Ready
S04921,75,97,8.15,3,74,84,35,41,39,68,91,65,68,0,85,7,0,2,32,25,0,Not_Placed
S04922,64,59,8.25,0,44,90,81,80,64,46,71,78,62,3,40,1,0,2,34,6,1,Product_Ready
S04923,71,62,7.89,0,37,61,88,73,35,95,36,63,52,2,59,4,3,2,47,31,0,Not_Placed
S04924,68,97,6.62,1,27,62,52,74,77,40,66,70,48,7,87,8,0,2,58,7,0,Not_Placed
S04925,84,82,7.75,0,83,77,87,29,70,89,20,20,26,7,23,6,1,0,34,10,1,Product_Ready
S04926,65,61,7.65,0,90,22,31,22,90,42,57,98,61,4,60,0,0,5,43,24,1,Service_Ready
S04927,82,71,9.9,0,36,84,28,89,34,25,37,77,42,7,46,9,0,2,34,31,0,Not_Placed
S04928,60,79,9.98,0,98,43,33,43,88,45,61,67,70,2,37,5,2,3,49,3,1,Service_Ready
S04929,63,55,6.71,1,73,47,51,77,89,42,89,83,50,2,91,7,3,4,60,8,1,Service_Ready
S04930,62,81,9.8,0,79,92,89,27,63,45,67,45,77,5,86,9,0,2,25,3,1,Product_Ready
S04931,77,83,5.99,0,20,96,55,20,41,81,99,63,28,0,57,5,0,1,20,11,0,Not_Placed
S04932,89,78,8.76,0,65,93,39,95,79,42,42,92,81,3,46,8,3,1,90,13,1,Service_Ready
S04933,81,76,8.71,0,59,72,51,24,48,30,48,39,62,5,27,1,1,2,57,21,1,Service_Ready
S04934,84,83,7.5,0,59,60,98,24,92,23,87,56,32,4,30,9,3,4,78,6,0,Not_Placed
S04935,75,63,6.11,0,84,70,88,95,44,44,31,30,67,2,22,0,0,0,37,2,1,Service_Ready
S04936,60,88,8.75,0,89,30,94,59,83,99,77,44,49,7,44,9,0,0,54,28,0,Not_Placed
S04937,58,70,6.34,0,50,38,57,51,23,97,84,67,51,4,27,4,3,0,89,12,1,Service_Ready
S04938,67,79,7.24,0,54,60,63,63,25,82,36,60,42,5,60,2,3,1,35,5,0,Not_Placed
S04939,59,82,5.83,0,38,81,22,27,50,38,84,72,32,2,76,7,1,1,28,5,0,Not_Placed
S04940,79,90,5.74,0,98,80,29,29,89,88,79,84,76,6,33,3,2,5,95,16,1,Service_Ready
S04941,70,69,8.25,0,21,95,82,43,21,23,59,26,95,4,63,6,0,2,87,3,1,Product_Ready
S04942,78,65,8.37,0,26,48,83,43,86,20,65,62,29,6,94,7,3,0,80,33,0,Not_Placed
S04943,92,74,6.94,0,74,36,65,21,30,97,29,42,63,2,75,7,1,4,83,3,1,Service_Ready
S04944,97,55,6.55,0,22,90,29,29,58,84,77,56,94,1,29,5,3,4,85,11,0,Not_Placed
S04945,86,83,6.26,0,23,43,60,41,29,63,79,45,33,3,39,1,3,2,82,18,0,Not_Placed
S04946,82,77,8.67,0,42,34,32,33,28,27,97,90,86,3,42,0,0,0,94,33,0,Not_Placed
S04947,55,81,6.11,1,83,92,86,72,29,70,51,84,65,7,29,7,3,2,81,8,1,Product_Ready
S04948,63,86,6.22,0,63,86,88,89,36,61,59,33,51,2,96,6,3,3,77,23,1,Product_Ready
S04949,64,66,6.44,0,91,39,22,90,42,78,52,65,54,5,53,3,0,5,45,11,1,Service_Ready
S04950,91,61,9.26,0,91,90,91,25,65,24,99,64,33,1,75,9,1,1,86,19,0,Not_Placed
S04951,74,67,7.03,0,92,64,50,89,60,65,21,26,31,7,62,2,2,3,32,22,0,Not_Placed
S04952,91,80,7.93,0,78,94,34,64,66,50,48,60,37,7,29,8,3,3,46,27,0,Not_Placed
S04953,75,83,5.68,0,71,99,20,38,45,78,23,81,76,0,79,2,2,3,59,22,1,Service_Ready
S04954,91,81,8.99,1,25,50,52,28,88,63,77,57,63,5,87,2,1,1,78,13,0,Not_Placed
S04955,90,86,7.53,0,88,83,45,68,42,85,22,96,40,5,58,5,3,4,64,18,0,Not_Placed
S04956,94,93,6.2,1,44,34,38,70,32,97,44,42,78,3,35,2,0,4,29,9,0,Not_Placed
S04957,56,79,8.36,0,43,70,82,43,67,39,51,53,71,6,57,7,2,4,91,9,1,Product_Ready
S04958,60,96,8.09,0,74,96,46,43,86,25,85,35,76,5,84,1,2,0,99,19,1,Service_Ready
S04959,68,80,6.6,0,86,80,59,49,28,49,40,64,31,1,72,5,2,1,98,31,0,Not_Placed
S04960,69,90,8.87,0,26,98,71,70,33,93,43,57,21,6,54,7,1,1,34,23,1,Product_Ready
S04961,77,64,9.06,3,45,37,84,85,51,95,96,78,82,4,78,2,0,3,35,11,0,Not_Placed
S04962,68,91,8.34,0,87,81,81,51,42,53,94,38,42,5,63,2,1,0,91,10,1,Product_Ready
S04963,68,94,9.5,0,27,42,51,57,41,46,80,71,48,4,56,9,0,5,61,11,0,Not_Placed
S04964,69,81,9.41,0,71,46,70,87,80,53,94,22,44,0,84,9,1,0,56,14,0,Not_Placed
S04965,72,69,7.57,0,95,93,45,46,41,99,84,62,62,0,30,8,1,4,53,4,1,Service_Ready
S04966,85,67,6.01,0,91,29,98,27,83,49,55,49,75,4,88,2,0,1,96,26,1,Service_Ready
S04967,68,65,9.76,0,54,62,86,70,65,81,81,51,36,2,70,4,3,2,38,34,0,Not_Placed
S04968,65,87,9.19,2,26,77,46,59,55,38,75,89,99,7,43,6,0,2,68,21,0,Not_Placed
S04969,90,65,5.97,0,41,84,42,43,58,57,66,26,63,0,60,9,1,1,91,23,0,Not_Placed
S04970,74,72,7.06,0,60,29,71,75,42,29,84,48,65,0,88,3,1,0,39,9,1,Service_Ready
S04971,79,55,7.01,1,69,32,84,91,20,39,44,48,86,4,37,4,1,0,72,7,1,Service_Ready
S04972,82,68,8.57,0,40,88,50,64,83,46,53,69,88,1,67,3,2,2,97,6,0,Not_Placed
S04973,66,67,5.58,2,70,73,87,32,37,95,38,61,90,4,72,0,1,2,28,12,0,Not_Placed
S04974,77,84,7.54,0,87,48,64,26,35,91,60,80,70,6,83,2,0,2,77,17,1,Service_Ready
S04975,95,65,5.72,1,25,94,47,61,71,30,89,59,49,7,97,2,0,5,68,34,0,Not_Placed
S04976,65,55,7.63,0,45,47,51,93,31,35,90,71,21,0,47,2,1,1,75,26,0,Not_Placed
S04977,83,77,7.22,0,81,81,24,87,56,87,51,33,82,3,91,4,2,4,72,30,1,Service_Ready
S04978,77,82,9.08,0,68,55,46,76,47,49,63,62,74,2,84,8,2,0,29,6,1,Service_Ready
S04979,63,57,8.66,0,33,81,74,48,24,88,85,58,42,6,35,5,2,4,88,13,1,Product_Ready
S04980,67,62,7.97,1,55,92,34,78,24,34,37,24,36,5,83,0,2,4,64,34,0,Not_Placed
S04981,70,97,9.12,0,78,39,51,40,65,88,21,90,93,3,20,8,3,4,45,16,1,Service_Ready
S04982,95,84,5.76,0,40,74,35,56,64,58,60,41,68,0,36,9,0,5,57,4,0,Not_Placed
S04983,63,55,8.72,0,85,90,57,62,29,41,94,83,64,5,93,1,2,4,30,28,1,Service_Ready
S04984,81,90,6.11,0,85,26,89,38,34,65,71,43,73,4,75,5,1,5,66,5,1,Service_Ready
S04985,88,93,9.76,0,73,35,76,88,78,60,52,64,88,6,65,4,2,3,97,34,1,Service_Ready
S04986,97,59,8.16,0,77,89,75,23,85,28,38,82,79,2,92,4,3,1,26,3,1,Product_Ready
S04987,68,85,7.43,0,78,25,65,59,62,93,31,23,78,0,24,7,1,2,24,6,1,Service_Ready
S04988,62,89,6.13,2,34,97,96,63,48,21,77,90,29,3,74,9,1,5,87,9,1,Product_Ready
S04989,67,91,7.27,1,28,97,79,94,29,90,96,41,75,5,37,8,1,4,78,10,1,Product_Ready
S04990,96,68,7.08,0,70,75,43,96,55,81,37,74,61,7,84,9,3,4,41,30,1,Service_Ready
S04991,86,85,5.68,1,29,83,77,82,54,68,47,74,28,0,94,8,1,4,95,8,0,Not_Placed
S04992,76,86,8.24,0,96,83,61,72,47,77,24,74,79,4,39,8,1,0,26,8,1,Service_Ready
S04993,80,87,7.95,2,54,82,38,92,78,83,84,36,31,6,37,1,3,3,23,22,0,Not_Placed
S04994,81,65,8.35,0,46,83,55,81,66,85,60,64,98,4,43,2,2,0,87,31,0,Not_Placed
S04995,97,95,8.58,1,61,78,67,65,72,83,39,48,73,4,27,5,3,5,84,17,1,Service_Ready
S04996,55,89,7.81,0,63,35,94,83,97,56,52,27,53,4,35,3,1,4,58,19,1,Service_Ready
S04997,95,95,9.36,0,24,47,68,88,87,22,52,76,71,2,91,6,1,2,53,2,0,Not_Placed
S04998,90,81,8.33,1,97,37,46,28,95,75,66,68,33,1,41,1,3,5,88,31,0,Not_Placed
S04999,55,80,8.43,0,83,42,27,66,99,60,67,89,94,4,85,0,1,4,52,26,1,Service_Ready
S05000,92,94,7.32,0,94,60,54,22,66,81,37,76,71,0,67,3,3,0,31,34,1,Service_Ready
